{
    "version": "0.4",
    "title": "404 Page",
    "type": "error-404",
    "metadata": {
        "template_type": "single-404",
        "include_in_zip": "1",
        "elementor_pro_required": "1",
        "elementor_library_type": "error-404",
        "elementor_pro_conditions": [
            "include\/singular\/not_found404"
        ],
        "additional_template_information": [
            "This is a \"Error 404\" template for Elementor Pro.",
            "This template will display on: 404 Page."
        ],
        "wp_page_template": "default"
    },
    "content": [
        {
            "id": "189ec424",
            "settings": {
                "content_width": {
                    "unit": "px",
                    "size": 600,
                    "sizes": []
                },
                "gap": "no",
                "custom_height": {
                    "unit": "vh",
                    "size": 100,
                    "sizes": []
                },
                "custom_height_tablet": {
                    "unit": "vh",
                    "size": "",
                    "sizes": []
                },
                "custom_height_mobile": {
                    "unit": "vh",
                    "size": "",
                    "sizes": []
                },
                "background_background": "classic",
                "background_image": {
                    "url": "https:\/\/www.xable.oxacor.com\/wp-content\/uploads\/an-abstract-technological-background-consisting-of-a-multitude-of-luminous-guiding-lines-and-dots.jpg",
                    "id": 874,
                    "size": "",
                    "alt": "An abstract technological background consisting of a multitude of luminous guiding lines and dots",
                    "source": "library"
                },
                "background_position": "center center",
                "background_attachment": "fixed",
                "background_repeat": "no-repeat",
                "background_size": "cover",
                "background_overlay_background": "classic",
                "background_overlay_opacity": {
                    "unit": "px",
                    "size": 0.72,
                    "sizes": []
                },
                "margin": {
                    "unit": "px",
                    "top": "-124",
                    "right": 0,
                    "bottom": "0",
                    "left": 0,
                    "isLinked": false
                },
                "__globals__": {
                    "background_overlay_color": "globals\/colors?id=41e718d"
                },
                "margin_mobile": {
                    "unit": "px",
                    "top": "-90",
                    "right": 0,
                    "bottom": "0",
                    "left": 0,
                    "isLinked": false
                },
                "padding": {
                    "unit": "px",
                    "top": "248",
                    "right": "0",
                    "bottom": "160",
                    "left": "0",
                    "isLinked": false
                },
                "padding_mobile": {
                    "unit": "px",
                    "top": "180",
                    "right": "0",
                    "bottom": "120",
                    "left": "0",
                    "isLinked": false
                }
            },
            "elements": [
                {
                    "id": "ef4065b",
                    "settings": {
                        "_column_size": 100,
                        "_inline_size": null,
                        "padding_tablet": {
                            "unit": "px",
                            "top": "0",
                            "right": "28",
                            "bottom": "0",
                            "left": "28",
                            "isLinked": false
                        },
                        "padding_mobile": {
                            "unit": "px",
                            "top": "0",
                            "right": "28",
                            "bottom": "0",
                            "left": "28",
                            "isLinked": false
                        }
                    },
                    "elements": [
                        {
                            "id": "1b285baa",
                            "settings": {
                                "image": {
                                    "url": "https:\/\/www.xable.oxacor.com\/wp-content\/uploads\/error-404.png",
                                    "id": 6112,
                                    "size": "",
                                    "alt": "",
                                    "source": "library"
                                },
                                "image_size": "full",
                                "align": "center",
                                "space": {
                                    "unit": "px",
                                    "size": 128,
                                    "sizes": []
                                },
                                "space_tablet": {
                                    "unit": "px",
                                    "size": "",
                                    "sizes": []
                                },
                                "space_mobile": {
                                    "unit": "px",
                                    "size": "",
                                    "sizes": []
                                },
                                "_margin": {
                                    "unit": "px",
                                    "top": "0",
                                    "right": "0",
                                    "bottom": "48",
                                    "left": "0",
                                    "isLinked": false
                                },
                                "_animation": "zoomIn"
                            },
                            "elements": [],
                            "isInner": false,
                            "widgetType": "image",
                            "elType": "widget"
                        },
                        {
                            "id": "223e5503",
                            "settings": {
                                "selected_icon": {
                                    "value": "",
                                    "library": ""
                                },
                                "title_text": "404",
                                "description_text": "Oh, no! This page must have taken a wrong turn at the internet crossroads. Let's get you back on track.",
                                "title_size": "h1",
                                "__globals__": {
                                    "description_typography_typography": "globals\/typography?id=b62a13d"
                                },
                                "title_bottom_space": {
                                    "unit": "px",
                                    "size": 20,
                                    "sizes": []
                                },
                                "_animation": "fadeInUp"
                            },
                            "elements": [],
                            "isInner": false,
                            "widgetType": "icon-box",
                            "elType": "widget"
                        },
                        {
                            "id": "30519a73",
                            "settings": {
                                "gap": "no",
                                "margin": {
                                    "unit": "px",
                                    "top": "48",
                                    "right": 0,
                                    "bottom": "0",
                                    "left": 0,
                                    "isLinked": false
                                },
                                "animation": "fadeInUp",
                                "animation_duration": "slow"
                            },
                            "elements": [
                                {
                                    "id": "695cf23e",
                                    "settings": {
                                        "_column_size": 100,
                                        "_inline_size": null,
                                        "content_position": "center",
                                        "align": "center"
                                    },
                                    "elements": [
                                        {
                                            "id": "72e17ba6",
                                            "settings": {
                                                "text": "View services",
                                                "selected_icon": {
                                                    "value": "fas fa-chevron-right",
                                                    "library": "fa-solid"
                                                },
                                                "icon_align": "right",
                                                "icon_indent": {
                                                    "unit": "px",
                                                    "size": 12,
                                                    "sizes": []
                                                },
                                                "_margin": {
                                                    "unit": "px",
                                                    "top": "0",
                                                    "right": "32",
                                                    "bottom": "0",
                                                    "left": "0",
                                                    "isLinked": false
                                                },
                                                "_element_vertical_align": "center",
                                                "_transform_translateY_effect": {
                                                    "unit": "px",
                                                    "size": -4,
                                                    "sizes": []
                                                },
                                                "_transform_translate_popover_hover": "transform",
                                                "_transform_translateY_effect_hover": {
                                                    "unit": "px",
                                                    "size": -4,
                                                    "sizes": []
                                                },
                                                "align_mobile": "center",
                                                "_margin_mobile": {
                                                    "unit": "px",
                                                    "top": "0",
                                                    "right": "0",
                                                    "bottom": "0",
                                                    "left": "0",
                                                    "isLinked": false
                                                },
                                                "_element_width_mobile": "inherit",
                                                "align": "left",
                                                "_element_width": "auto"
                                            },
                                            "elements": [],
                                            "isInner": false,
                                            "widgetType": "button",
                                            "elType": "widget"
                                        },
                                        {
                                            "id": "45dd18e6",
                                            "settings": {
                                                "text": "Back to Home",
                                                "align": "right",
                                                "__dynamic__": {
                                                    "link": "[elementor-tag id=\"56ab4a0\" name=\"site-url\" settings=\"%7B%7D\"]"
                                                },
                                                "align_mobile": "justify",
                                                "size": "md",
                                                "icon_indent": {
                                                    "unit": "px",
                                                    "size": 0,
                                                    "sizes": []
                                                },
                                                "border_border": "solid",
                                                "border_width": {
                                                    "unit": "px",
                                                    "top": "2",
                                                    "right": "2",
                                                    "bottom": "2",
                                                    "left": "2",
                                                    "isLinked": true
                                                },
                                                "text_padding": {
                                                    "unit": "px",
                                                    "top": "16",
                                                    "right": "32",
                                                    "bottom": "16",
                                                    "left": "32",
                                                    "isLinked": false
                                                },
                                                "_margin": {
                                                    "unit": "px",
                                                    "top": "0",
                                                    "right": "0",
                                                    "bottom": "0",
                                                    "left": "32",
                                                    "isLinked": false
                                                },
                                                "_margin_mobile": {
                                                    "unit": "px",
                                                    "top": "20",
                                                    "right": "0",
                                                    "bottom": "0",
                                                    "left": "0",
                                                    "isLinked": false
                                                },
                                                "_element_width": "auto",
                                                "_element_width_mobile": "inherit",
                                                "_element_custom_width": {
                                                    "unit": "%",
                                                    "size": 15
                                                },
                                                "_element_custom_width_tablet": {
                                                    "unit": "%",
                                                    "size": 28,
                                                    "sizes": []
                                                },
                                                "_element_custom_width_mobile": {
                                                    "unit": "%",
                                                    "size": "",
                                                    "sizes": []
                                                },
                                                "_element_vertical_align": "center",
                                                "__globals__": {
                                                    "background_color": "globals\/colors?id=primary",
                                                    "button_text_color": "globals\/colors?id=secondary",
                                                    "typography_typography": "globals\/typography?id=315709c",
                                                    "button_background_hover_color": "globals\/colors?id=f491614",
                                                    "hover_color": "globals\/colors?id=secondary"
                                                }
                                            },
                                            "elements": [],
                                            "isInner": false,
                                            "widgetType": "button",
                                            "elType": "widget"
                                        }
                                    ],
                                    "isInner": true,
                                    "elType": "column"
                                }
                            ],
                            "isInner": true,
                            "elType": "section"
                        }
                    ],
                    "isInner": false,
                    "elType": "column"
                }
            ],
            "isInner": false,
            "elType": "section"
        }
    ]
}