{
    "version": "0.4",
    "title": "Block: Main CTA With Form",
    "type": "section",
    "metadata": {
        "template_type": "section-cta",
        "include_in_zip": "1",
        "elementor_pro_required": "1",
        "wp_page_template": "elementor_header_footer"
    },
    "content": [
        {
            "id": "59574a97",
            "settings": {
                "gap": "no",
                "content_position": "middle",
                "structure": "20",
                "margin": {
                    "unit": "px",
                    "top": "0",
                    "right": 0,
                    "bottom": "0",
                    "left": 0,
                    "isLinked": false
                },
                "margin_mobile": {
                    "unit": "px",
                    "top": "0",
                    "right": 0,
                    "bottom": "0",
                    "left": 0,
                    "isLinked": false
                },
                "padding_tablet": {
                    "unit": "px",
                    "top": "0",
                    "right": "40",
                    "bottom": "0",
                    "left": "40",
                    "isLinked": false
                },
                "padding_mobile": {
                    "unit": "px",
                    "top": "0",
                    "right": "12",
                    "bottom": "0",
                    "left": "12",
                    "isLinked": false
                },
                "padding": {
                    "unit": "px",
                    "top": "0",
                    "right": "0",
                    "bottom": "0",
                    "left": "0",
                    "isLinked": false
                },
                "__globals__": {
                    "background_color": "globals\/colors?id=accent"
                }
            },
            "elements": [
                {
                    "id": "6edc69d2",
                    "settings": {
                        "_column_size": 50,
                        "_inline_size": 50,
                        "margin": {
                            "unit": "px",
                            "top": "0",
                            "right": "4",
                            "bottom": "0",
                            "left": "0",
                            "isLinked": false
                        },
                        "__globals__": {
                            "background_color": "globals\/colors?id=accent"
                        },
                        "padding_mobile": {
                            "unit": "px",
                            "top": "60",
                            "right": "16",
                            "bottom": "60",
                            "left": "16",
                            "isLinked": false
                        },
                        "content_position": "space-between",
                        "_inline_size_tablet": 100,
                        "margin_tablet": {
                            "unit": "px",
                            "top": "0",
                            "right": "0",
                            "bottom": "4",
                            "left": "0",
                            "isLinked": false
                        },
                        "background_background": "classic",
                        "padding": {
                            "unit": "px",
                            "top": "60",
                            "right": "60",
                            "bottom": "60",
                            "left": "60",
                            "isLinked": true
                        },
                        "align_tablet": "center",
                        "padding_tablet": {
                            "unit": "px",
                            "top": "80",
                            "right": "80",
                            "bottom": "80",
                            "left": "80",
                            "isLinked": true
                        }
                    },
                    "elements": [
                        {
                            "id": "1f99cc61",
                            "settings": {
                                "gap": "no"
                            },
                            "elements": [
                                {
                                    "id": "5f892faa",
                                    "settings": {
                                        "_column_size": 100,
                                        "_inline_size": null
                                    },
                                    "elements": [
                                        {
                                            "id": "58e787c1",
                                            "settings": {
                                                "before_text": "",
                                                "highlighted_text": "Grow your business",
                                                "rotating_text": "Better\nBigger\nFaster",
                                                "after_text": "with our robust digital solutions.",
                                                "loop": "",
                                                "highlight_animation_duration": 0,
                                                "alignment": "left",
                                                "alignment_tablet": "center",
                                                "alignment_mobile": "center",
                                                "tag": "h2",
                                                "_margin": {
                                                    "unit": "px",
                                                    "top": "0",
                                                    "right": "0",
                                                    "bottom": "20",
                                                    "left": "0",
                                                    "isLinked": false
                                                },
                                                "__globals__": {
                                                    "marker_color": "globals\/colors?id=f491614",
                                                    "title_color": "globals\/colors?id=secondary",
                                                    "words_color": "globals\/colors?id=primary"
                                                }
                                            },
                                            "elements": [],
                                            "isInner": false,
                                            "widgetType": "animated-headline",
                                            "elType": "widget"
                                        },
                                        {
                                            "id": "75a639c",
                                            "settings": {
                                                "title": "We consistently exceed our clients' expectations by providing high quality digital solutions. Get in touch with us get started!\n",
                                                "header_size": "div",
                                                "align_tablet": "center",
                                                "align_mobile": "center",
                                                "__globals__": {
                                                    "typography_typography": "globals\/typography?id=2d4f93f"
                                                },
                                                "_margin": {
                                                    "unit": "px",
                                                    "top": "0",
                                                    "right": "0",
                                                    "bottom": "0",
                                                    "left": "0",
                                                    "isLinked": false
                                                }
                                            },
                                            "elements": [],
                                            "isInner": false,
                                            "widgetType": "heading",
                                            "elType": "widget"
                                        }
                                    ],
                                    "isInner": true,
                                    "elType": "column"
                                }
                            ],
                            "isInner": true,
                            "elType": "section"
                        },
                        {
                            "id": "64f907e8",
                            "settings": {
                                "layout": "left",
                                "layout_mobile": "above",
                                "bg_image": {
                                    "url": "https:\/\/www.xable.oxacor.com\/wp-content\/uploads\/beautiful-young-asian-businesswoman-sitting-looking-at-camera-with-laptop-in-office-.jpg",
                                    "id": 3248,
                                    "size": "",
                                    "alt": "",
                                    "source": "library"
                                },
                                "graphic_image": {
                                    "url": "",
                                    "id": "",
                                    "size": ""
                                },
                                "title": "(123) 456 7890",
                                "description": "Talk to an expert",
                                "button": "",
                                "link": {
                                    "url": "#",
                                    "is_external": "",
                                    "nofollow": "",
                                    "custom_attributes": ""
                                },
                                "link_click": "box",
                                "alignment_tablet": "center",
                                "alignment_mobile": "center",
                                "vertical_position": "middle",
                                "padding": {
                                    "unit": "px",
                                    "top": "40",
                                    "right": "40",
                                    "bottom": "40",
                                    "left": "40",
                                    "isLinked": true
                                },
                                "padding_tablet": {
                                    "unit": "px",
                                    "top": "28",
                                    "right": "28",
                                    "bottom": "28",
                                    "left": "28",
                                    "isLinked": true
                                },
                                "padding_mobile": {
                                    "unit": "px",
                                    "top": "28",
                                    "right": "12",
                                    "bottom": "28",
                                    "left": "12",
                                    "isLinked": false
                                },
                                "image_min_width": {
                                    "unit": "px",
                                    "size": 228,
                                    "sizes": []
                                },
                                "image_min_width_tablet": {
                                    "unit": "px",
                                    "size": 180,
                                    "sizes": []
                                },
                                "image_min_height": {
                                    "unit": "px",
                                    "size": 140,
                                    "sizes": []
                                },
                                "title_spacing": {
                                    "unit": "px",
                                    "size": 12,
                                    "sizes": []
                                },
                                "description_spacing": {
                                    "unit": "px",
                                    "size": 0,
                                    "sizes": []
                                },
                                "_margin": {
                                    "unit": "px",
                                    "top": "60",
                                    "right": "0",
                                    "bottom": "0",
                                    "left": "0",
                                    "isLinked": false
                                },
                                "_padding_mobile": {
                                    "unit": "px",
                                    "top": "0",
                                    "right": "0",
                                    "bottom": "0",
                                    "left": "0",
                                    "isLinked": false
                                },
                                "_element_width_tablet": "initial",
                                "_element_custom_width_tablet": {
                                    "unit": "%",
                                    "size": 84,
                                    "sizes": []
                                },
                                "_element_custom_width_mobile": {
                                    "unit": "%",
                                    "size": 86,
                                    "sizes": []
                                },
                                "_border_border": "solid",
                                "_border_width": {
                                    "unit": "px",
                                    "top": "2",
                                    "right": "2",
                                    "bottom": "2",
                                    "left": "2",
                                    "isLinked": true
                                },
                                "__globals__": {
                                    "title_typography_typography": "globals\/typography?id=62f5f26",
                                    "content_bg_color": "globals\/colors?id=41e718d",
                                    "title_color": "globals\/colors?id=secondary",
                                    "description_typography_typography": "globals\/typography?id=315709c",
                                    "description_color": "globals\/colors?id=cc7bf96",
                                    "overlay_color": "globals\/colors?id=f491614",
                                    "overlay_color_hover": "globals\/colors?id=f491614",
                                    "_border_color": "globals\/colors?id=152652f",
                                    "content_bg_color_hover": "globals\/colors?id=primary",
                                    "description_color_hover": "globals\/colors?id=text",
                                    "_border_hover_color": "globals\/colors?id=primary"
                                },
                                "_border_hover_border": "solid",
                                "_border_hover_width": {
                                    "unit": "px",
                                    "top": "2",
                                    "right": "2",
                                    "bottom": "2",
                                    "left": "2",
                                    "isLinked": true
                                }
                            },
                            "elements": [],
                            "isInner": false,
                            "widgetType": "call-to-action",
                            "elType": "widget"
                        }
                    ],
                    "isInner": false,
                    "elType": "column"
                },
                {
                    "id": "1879af85",
                    "settings": {
                        "_column_size": 50,
                        "_inline_size": 50,
                        "background_background": "classic",
                        "padding": {
                            "unit": "px",
                            "top": "60",
                            "right": "60",
                            "bottom": "60",
                            "left": "60",
                            "isLinked": true
                        },
                        "__globals__": {
                            "background_color": "globals\/colors?id=accent",
                            "border_color": "globals\/colors?id=primary"
                        },
                        "border_border": "none",
                        "border_width": {
                            "unit": "px",
                            "top": "2",
                            "right": "2",
                            "bottom": "2",
                            "left": "2",
                            "isLinked": true
                        },
                        "_inline_size_tablet": 100,
                        "margin_tablet": {
                            "unit": "px",
                            "top": "4",
                            "right": "0",
                            "bottom": "0",
                            "left": "0",
                            "isLinked": false
                        },
                        "padding_mobile": {
                            "unit": "px",
                            "top": "48",
                            "right": "28",
                            "bottom": "48",
                            "left": "28",
                            "isLinked": false
                        },
                        "margin": {
                            "unit": "px",
                            "top": "0",
                            "right": "0",
                            "bottom": "0",
                            "left": "4",
                            "isLinked": false
                        }
                    },
                    "elements": [
                        {
                            "id": "5c540a2f",
                            "settings": {
                                "form_name": "CTA Quote Form",
                                "form_fields": [
                                    {
                                        "custom_id": "name",
                                        "field_label": "Name",
                                        "dynamic": {
                                            "active": true
                                        },
                                        "_id": "03a8fa2",
                                        "required": "true",
                                        "width": "50"
                                    },
                                    {
                                        "custom_id": "email",
                                        "field_type": "tel",
                                        "required": "true",
                                        "field_label": "Phone Number",
                                        "_id": "067af54",
                                        "width": "50"
                                    },
                                    {
                                        "custom_id": "field_931f9d6",
                                        "field_type": "email",
                                        "required": "true",
                                        "field_label": "Email Address",
                                        "_id": "931f9d6",
                                        "width": "50"
                                    },
                                    {
                                        "_id": "b9a2697",
                                        "field_type": "select",
                                        "field_label": "Required Service",
                                        "required": "true",
                                        "field_options": "Website Design\nSearch Engine Optimization\nBranding\nSocial Media Management\nGraphic Design",
                                        "select_size": 5,
                                        "custom_id": "field_b9a2697",
                                        "width": "50"
                                    },
                                    {
                                        "custom_id": "message",
                                        "field_type": "textarea",
                                        "field_label": "Project Details",
                                        "_id": "12980a2",
                                        "required": "true",
                                        "rows": 5
                                    },
                                    {
                                        "_id": "79df4b6",
                                        "field_type": "honeypot",
                                        "custom_id": "field_79df4b6"
                                    },
                                    {
                                        "field_type": "honeypot",
                                        "custom_id": "field_caf9d7a",
                                        "_id": "caf9d7a"
                                    },
                                    {
                                        "field_type": "honeypot",
                                        "custom_id": "field_6185f31",
                                        "_id": "6185f31"
                                    }
                                ],
                                "step_next_label": "Next",
                                "step_previous_label": "Previous",
                                "button_text": "Get Free Quote",
                                "email_content": "[all-fields]",
                                "email_content_2": "[all-fields]",
                                "success_message": "Your submission was successful.",
                                "error_message": "Your submission failed because of an error.",
                                "server_message": "Your submission failed because of a server error.",
                                "invalid_message": "Your submission failed because the form is invalid.",
                                "required_field_message": "This field is required.",
                                "column_gap": {
                                    "unit": "px",
                                    "size": 20,
                                    "sizes": []
                                },
                                "row_gap": {
                                    "unit": "px",
                                    "size": 28,
                                    "sizes": []
                                },
                                "label_spacing": {
                                    "unit": "px",
                                    "size": 10,
                                    "sizes": []
                                },
                                "field_border_width": {
                                    "unit": "px",
                                    "top": "2",
                                    "right": "2",
                                    "bottom": "2",
                                    "left": "2",
                                    "isLinked": true
                                },
                                "button_border_border": "solid",
                                "button_border_width": {
                                    "unit": "px",
                                    "top": "2",
                                    "right": "2",
                                    "bottom": "2",
                                    "left": "2",
                                    "isLinked": true
                                },
                                "button_text_padding": {
                                    "unit": "px",
                                    "top": "14",
                                    "right": "14",
                                    "bottom": "14",
                                    "left": "14",
                                    "isLinked": true
                                },
                                "_margin": {
                                    "unit": "px",
                                    "top": "0",
                                    "right": "0",
                                    "bottom": "0",
                                    "left": "0",
                                    "isLinked": false
                                },
                                "__globals__": {
                                    "field_background_color": "globals\/colors?id=41e718d",
                                    "field_text_color": "globals\/colors?id=text",
                                    "field_typography_typography": "globals\/typography?id=text",
                                    "field_border_color": "globals\/colors?id=152652f",
                                    "label_color": "globals\/colors?id=text",
                                    "button_background_color": "globals\/colors?id=primary",
                                    "button_text_color": "globals\/colors?id=secondary",
                                    "button_border_color": "globals\/colors?id=primary",
                                    "button_background_hover_color": "globals\/colors?id=f491614",
                                    "button_hover_color": "globals\/colors?id=secondary",
                                    "button_hover_border_color": "globals\/colors?id=primary",
                                    "button_typography_typography": "globals\/typography?id=315709c",
                                    "html_typography_typography": "",
                                    "label_typography_typography": "globals\/typography?id=accent"
                                },
                                "label_color": "#FFFFFF94",
                                "html_typography_font_family": "Be Vietnam Pro",
                                "html_typography_font_size": {
                                    "unit": "px",
                                    "size": 15,
                                    "sizes": []
                                },
                                "html_typography_font_weight": "400",
                                "html_typography_line_height": {
                                    "unit": "em",
                                    "size": 1.6,
                                    "sizes": []
                                },
                                "field_text_color": "#FFFFFFC2",
                                "field_typography_typography": "custom",
                                "field_typography_font_family": "Be Vietnam Pro",
                                "field_typography_font_size": {
                                    "unit": "px",
                                    "size": 15,
                                    "sizes": []
                                },
                                "field_typography_font_weight": "400",
                                "field_typography_line_height": {
                                    "unit": "em",
                                    "size": 1.6,
                                    "sizes": []
                                },
                                "field_background_color": "#020205",
                                "field_border_color": "#FFFFFF45",
                                "button_typography_typography": "custom",
                                "button_typography_font_family": "Be Vietnam Pro",
                                "button_typography_font_size": {
                                    "unit": "px",
                                    "size": 13,
                                    "sizes": []
                                },
                                "button_typography_font_weight": "800",
                                "button_typography_text_transform": "uppercase",
                                "button_typography_font_style": "normal",
                                "button_typography_text_decoration": "none",
                                "button_typography_line_height": {
                                    "unit": "em",
                                    "size": 1,
                                    "sizes": []
                                },
                                "button_typography_letter_spacing": {
                                    "unit": "px",
                                    "size": 0.4,
                                    "sizes": []
                                },
                                "button_background_color": "#EC3737",
                                "button_text_color": "#FFFFFF",
                                "button_border_color": "#EC3737",
                                "button_background_hover_color": "#FFFFFF00",
                                "button_hover_color": "#FFFFFF",
                                "button_hover_border_color": "#EC3737"
                            },
                            "elements": [],
                            "isInner": false,
                            "widgetType": "form",
                            "elType": "widget"
                        }
                    ],
                    "isInner": false,
                    "elType": "column"
                }
            ],
            "isInner": false,
            "elType": "section"
        }
    ]
}