{
    "version": "0.4",
    "title": "Block: Main CTA",
    "type": "section",
    "metadata": {
        "template_type": "section-cta",
        "include_in_zip": "1",
        "elementor_pro_required": "1",
        "wp_page_template": "elementor_header_footer"
    },
    "content": [
        {
            "id": "3d386c01",
            "settings": {
                "content_width": {
                    "unit": "px",
                    "size": 1120,
                    "sizes": []
                },
                "gap": "no",
                "content_position": "middle",
                "structure": "20",
                "background_background": "classic",
                "background_color": "#020205",
                "background_image": {
                    "url": "https:\/\/www.xable.oxacor.com\/wp-content\/uploads\/abstract-hexagons-gray-backdrop-3d-rendering-geometric-polygons-.jpg",
                    "id": 888,
                    "size": "",
                    "alt": "Abstract hexagons gray backdrop. 3d rendering geometric polygons.",
                    "source": "library"
                },
                "background_position": "center center",
                "background_attachment": "fixed",
                "background_repeat": "no-repeat",
                "background_size": "cover",
                "background_bg_width": {
                    "unit": "%",
                    "size": 40,
                    "sizes": []
                },
                "background_overlay_background": "classic",
                "background_overlay_opacity": {
                    "unit": "px",
                    "size": 0.52,
                    "sizes": []
                },
                "overlay_blend_mode": "multiply",
                "margin": {
                    "unit": "px",
                    "top": "0",
                    "right": 0,
                    "bottom": "0",
                    "left": 0,
                    "isLinked": false
                },
                "padding": {
                    "unit": "px",
                    "top": "100",
                    "right": "0",
                    "bottom": "100",
                    "left": "0",
                    "isLinked": false
                },
                "__globals__": {
                    "background_color": "globals\/colors?id=41e718d",
                    "background_overlay_color": "globals\/colors?id=41e718d"
                },
                "padding_tablet": {
                    "unit": "px",
                    "top": "100",
                    "right": "100",
                    "bottom": "100",
                    "left": "100",
                    "isLinked": false
                },
                "padding_mobile": {
                    "unit": "px",
                    "top": "80",
                    "right": "24",
                    "bottom": "80",
                    "left": "24",
                    "isLinked": false
                }
            },
            "elements": [
                {
                    "id": "65bc20f1",
                    "settings": {
                        "_column_size": 50,
                        "_inline_size": 58,
                        "margin": {
                            "unit": "px",
                            "top": "0",
                            "right": "100",
                            "bottom": "0",
                            "left": "0",
                            "isLinked": false
                        },
                        "_inline_size_tablet": 100,
                        "margin_tablet": {
                            "unit": "px",
                            "top": "0",
                            "right": "0",
                            "bottom": "0",
                            "left": "0",
                            "isLinked": false
                        },
                        "margin_mobile": {
                            "unit": "px",
                            "top": "0",
                            "right": "0",
                            "bottom": "0",
                            "left": "0",
                            "isLinked": false
                        },
                        "padding_mobile": {
                            "unit": "px",
                            "top": "0",
                            "right": "0",
                            "bottom": "0",
                            "left": "0",
                            "isLinked": false
                        }
                    },
                    "elements": [
                        {
                            "id": "10f8e9af",
                            "settings": {
                                "before_text": "",
                                "highlighted_text": "Grow your business",
                                "rotating_text": "Better\nBigger\nFaster",
                                "after_text": "with our robust digital solutions.",
                                "loop": "",
                                "highlight_animation_duration": 0,
                                "alignment": "left",
                                "alignment_tablet": "center",
                                "alignment_mobile": "left",
                                "tag": "h2",
                                "_margin": {
                                    "unit": "px",
                                    "top": "0",
                                    "right": "0",
                                    "bottom": "24",
                                    "left": "0",
                                    "isLinked": false
                                },
                                "__globals__": {
                                    "marker_color": "globals\/colors?id=f491614",
                                    "title_color": "globals\/colors?id=secondary",
                                    "words_color": "globals\/colors?id=primary"
                                }
                            },
                            "elements": [],
                            "isInner": false,
                            "widgetType": "animated-headline",
                            "elType": "widget"
                        },
                        {
                            "id": "7673689c",
                            "settings": {
                                "title": "We consistently exceed our clients' expectations by providing high quality digital solutions. Get in touch with us get started!\n",
                                "header_size": "div",
                                "align_tablet": "center",
                                "align_mobile": "left",
                                "__globals__": {
                                    "typography_typography": "globals\/typography?id=2d4f93f"
                                }
                            },
                            "elements": [],
                            "isInner": false,
                            "widgetType": "heading",
                            "elType": "widget"
                        }
                    ],
                    "isInner": false,
                    "elType": "column"
                },
                {
                    "id": "466fdda1",
                    "settings": {
                        "_column_size": 50,
                        "_inline_size": 41.946,
                        "_inline_size_tablet": 100,
                        "align": "space-between",
                        "margin_tablet": {
                            "unit": "px",
                            "top": "60",
                            "right": "0",
                            "bottom": "0",
                            "left": "0",
                            "isLinked": false
                        },
                        "margin_mobile": {
                            "unit": "px",
                            "top": "48",
                            "right": "0",
                            "bottom": "0",
                            "left": "0",
                            "isLinked": false
                        }
                    },
                    "elements": [
                        {
                            "id": "382e6f9a",
                            "settings": {
                                "selected_icon": {
                                    "value": "fas fa-phone",
                                    "library": "fa-solid"
                                },
                                "view": "stacked",
                                "title_text": "(123) 456 7890",
                                "description_text": "Talk to an Expert",
                                "link": {
                                    "url": "#",
                                    "is_external": "",
                                    "nofollow": "",
                                    "custom_attributes": ""
                                },
                                "position": "left",
                                "title_size": "div",
                                "icon_space": {
                                    "unit": "px",
                                    "size": 16,
                                    "sizes": []
                                },
                                "icon_size": {
                                    "unit": "px",
                                    "size": 18,
                                    "sizes": []
                                },
                                "icon_padding": {
                                    "unit": "px",
                                    "size": 12,
                                    "sizes": []
                                },
                                "content_vertical_alignment": "middle",
                                "title_bottom_space": {
                                    "unit": "px",
                                    "size": 4,
                                    "sizes": []
                                },
                                "_margin": {
                                    "unit": "px",
                                    "top": "0",
                                    "right": "16",
                                    "bottom": "0",
                                    "left": "0",
                                    "isLinked": false
                                },
                                "_element_width": "auto",
                                "_element_vertical_align": "center",
                                "__globals__": {
                                    "title_color": "globals\/colors?id=secondary",
                                    "title_typography_typography": "globals\/typography?id=01e3d1c",
                                    "description_color": "globals\/colors?id=cc7bf96",
                                    "description_typography_typography": "globals\/typography?id=accent",
                                    "primary_color": "globals\/colors?id=primary",
                                    "secondary_color": "globals\/colors?id=secondary",
                                    "hover_primary_color": "globals\/colors?id=secondary",
                                    "hover_secondary_color": "globals\/colors?id=primary"
                                },
                                "position_mobile": "left",
                                "text_align_mobile": "left",
                                "_element_width_mobile": "inherit",
                                "_padding": {
                                    "unit": "px",
                                    "top": "0",
                                    "right": "0",
                                    "bottom": "0",
                                    "left": "0",
                                    "isLinked": false
                                }
                            },
                            "elements": [],
                            "isInner": false,
                            "widgetType": "icon-box",
                            "elType": "widget"
                        },
                        {
                            "id": "23fdde63",
                            "settings": {
                                "selected_icon": {
                                    "value": "fas fa-envelope",
                                    "library": "fa-solid"
                                },
                                "view": "stacked",
                                "title_text": "info@example.com",
                                "description_text": "Email Us",
                                "position": "left",
                                "title_size": "div",
                                "icon_space": {
                                    "unit": "px",
                                    "size": 16,
                                    "sizes": []
                                },
                                "icon_size": {
                                    "unit": "px",
                                    "size": 20,
                                    "sizes": []
                                },
                                "content_vertical_alignment": "middle",
                                "title_bottom_space": {
                                    "unit": "px",
                                    "size": 4,
                                    "sizes": []
                                },
                                "_element_width": "auto",
                                "_element_custom_width": {
                                    "unit": "%",
                                    "size": 48,
                                    "sizes": []
                                },
                                "__globals__": {
                                    "primary_color": "globals\/colors?id=primary",
                                    "secondary_color": "globals\/colors?id=secondary",
                                    "title_color": "globals\/colors?id=secondary",
                                    "title_typography_typography": "globals\/typography?id=01e3d1c",
                                    "description_color": "globals\/colors?id=text",
                                    "description_typography_typography": "globals\/typography?id=accent"
                                },
                                "position_mobile": "left",
                                "text_align": "left",
                                "_margin_mobile": {
                                    "unit": "px",
                                    "top": "20",
                                    "right": "0",
                                    "bottom": "0",
                                    "left": "0",
                                    "isLinked": false
                                },
                                "_element_width_mobile": "inherit",
                                "_margin": {
                                    "unit": "px",
                                    "top": "0",
                                    "right": "0",
                                    "bottom": "0",
                                    "left": "16",
                                    "isLinked": false
                                }
                            },
                            "elements": [],
                            "isInner": false,
                            "widgetType": "icon-box",
                            "elType": "widget"
                        },
                        {
                            "id": "18ce7e98",
                            "settings": {
                                "text": "Get Started",
                                "align": "justify",
                                "icon_indent": {
                                    "unit": "px",
                                    "size": 0,
                                    "sizes": []
                                },
                                "_element_custom_width": {
                                    "unit": "%",
                                    "size": ""
                                },
                                "align_mobile": "justify",
                                "_margin_mobile": {
                                    "unit": "px",
                                    "top": "48",
                                    "right": "0",
                                    "bottom": "0",
                                    "left": "0",
                                    "isLinked": false
                                },
                                "_element_width_mobile": "inherit",
                                "_element_custom_width_tablet": {
                                    "unit": "%",
                                    "size": 28,
                                    "sizes": []
                                },
                                "_element_custom_width_mobile": {
                                    "unit": "%",
                                    "size": "",
                                    "sizes": []
                                },
                                "__globals__": {
                                    "background_color": "globals\/colors?id=primary",
                                    "button_text_color": "globals\/colors?id=secondary",
                                    "typography_typography": "globals\/typography?id=315709c",
                                    "button_background_hover_color": "globals\/colors?id=f491614",
                                    "hover_color": "globals\/colors?id=secondary"
                                },
                                "size": "md",
                                "border_border": "solid",
                                "border_width": {
                                    "unit": "px",
                                    "top": "2",
                                    "right": "2",
                                    "bottom": "2",
                                    "left": "2",
                                    "isLinked": true
                                },
                                "text_padding": {
                                    "unit": "px",
                                    "top": "16",
                                    "right": "148",
                                    "bottom": "16",
                                    "left": "148",
                                    "isLinked": false
                                },
                                "_margin": {
                                    "unit": "px",
                                    "top": "40",
                                    "right": "0",
                                    "bottom": "0",
                                    "left": "0",
                                    "isLinked": false
                                },
                                "selected_icon": {
                                    "value": "fas fa-paper-plane",
                                    "library": "fa-solid"
                                },
                                "button_text_color": "#FFFFFF",
                                "background_color": "#EC3737",
                                "hover_color": "#FFFFFF",
                                "button_background_hover_color": "#FFFFFF00",
                                "text_padding_mobile": {
                                    "unit": "px",
                                    "top": "16",
                                    "right": "72",
                                    "bottom": "16",
                                    "left": "72",
                                    "isLinked": false
                                }
                            },
                            "elements": [],
                            "isInner": false,
                            "widgetType": "button",
                            "elType": "widget"
                        }
                    ],
                    "isInner": false,
                    "elType": "column"
                }
            ],
            "isInner": false,
            "elType": "section"
        }
    ]
}