{
    "version": "0.4",
    "title": "Blog Archive",
    "type": "archive",
    "metadata": {
        "template_type": "archive-blog",
        "include_in_zip": "1",
        "elementor_pro_required": "1",
        "elementor_library_type": "archive",
        "elementor_pro_conditions": [
            "include\/archive"
        ],
        "additional_template_information": [
            "This is a \"Archive\" template for Elementor Pro.",
            "This template will display on: All Archives."
        ],
        "wp_page_template": "default"
    },
    "content": [
        {
            "id": "39752ff5",
            "settings": {
                "content_width": {
                    "unit": "px",
                    "size": 700,
                    "sizes": []
                },
                "gap": "no",
                "custom_height": {
                    "unit": "vh",
                    "size": 100,
                    "sizes": []
                },
                "custom_height_tablet": {
                    "unit": "vh",
                    "size": "",
                    "sizes": []
                },
                "content_position": "middle",
                "background_background": "classic",
                "background_image": {
                    "url": "https:\/\/www.xable.oxacor.com\/wp-content\/uploads\/abstract-round-wires-background-modern-technology-concept-.jpg",
                    "id": 881,
                    "size": "",
                    "alt": "Abstract round wires background. Modern technology concept.",
                    "source": "library"
                },
                "background_position": "center center",
                "background_attachment": "fixed",
                "background_repeat": "no-repeat",
                "background_size": "cover",
                "background_overlay_background": "classic",
                "background_overlay_opacity": {
                    "unit": "px",
                    "size": 0.72,
                    "sizes": []
                },
                "overlay_blend_mode": "multiply",
                "margin": {
                    "unit": "px",
                    "top": "-124",
                    "right": 0,
                    "bottom": "0",
                    "left": 0,
                    "isLinked": false
                },
                "margin_tablet": {
                    "unit": "px",
                    "top": "",
                    "right": 0,
                    "bottom": "",
                    "left": 0,
                    "isLinked": true
                },
                "margin_mobile": {
                    "unit": "px",
                    "top": "-90",
                    "right": 0,
                    "bottom": "0",
                    "left": 0,
                    "isLinked": false
                },
                "padding": {
                    "unit": "px",
                    "top": "200",
                    "right": "0",
                    "bottom": "140",
                    "left": "0",
                    "isLinked": false
                },
                "__globals__": {
                    "background_overlay_color": "globals\/colors?id=41e718d"
                },
                "padding_mobile": {
                    "unit": "px",
                    "top": "160",
                    "right": "0",
                    "bottom": "120",
                    "left": "0",
                    "isLinked": false
                }
            },
            "elements": [
                {
                    "id": "264768a4",
                    "settings": {
                        "_column_size": 100,
                        "_inline_size": null,
                        "align": "center",
                        "margin_mobile": {
                            "unit": "px",
                            "top": "0",
                            "right": "0",
                            "bottom": "0",
                            "left": "0",
                            "isLinked": false
                        },
                        "padding_mobile": {
                            "unit": "px",
                            "top": "0",
                            "right": "20",
                            "bottom": "0",
                            "left": "20",
                            "isLinked": false
                        }
                    },
                    "elements": [
                        {
                            "id": "39b572a4",
                            "settings": {
                                "__dynamic__": {
                                    "title": "[elementor-tag id=\"\" name=\"archive-title\" settings=\"%7B%22include_context%22%3A%22%22%2C%22fallback%22%3A%22Blog%22%7D\"]"
                                },
                                "title": "Add Your Heading Text Here",
                                "align": "center"
                            },
                            "elements": [],
                            "isInner": false,
                            "widgetType": "theme-archive-title",
                            "elType": "widget"
                        }
                    ],
                    "isInner": false,
                    "elType": "column"
                }
            ],
            "isInner": false,
            "elType": "section"
        },
        {
            "id": "5d4bb38f",
            "settings": {
                "gap": "no",
                "structure": "20",
                "margin": {
                    "unit": "px",
                    "top": "120",
                    "right": 0,
                    "bottom": "0",
                    "left": 0,
                    "isLinked": false
                },
                "margin_mobile": {
                    "unit": "px",
                    "top": "100",
                    "right": 0,
                    "bottom": "0",
                    "left": 0,
                    "isLinked": false
                },
                "padding_tablet": {
                    "unit": "px",
                    "top": "0",
                    "right": "60",
                    "bottom": "0",
                    "left": "60",
                    "isLinked": false
                },
                "padding_mobile": {
                    "unit": "px",
                    "top": "0",
                    "right": "20",
                    "bottom": "0",
                    "left": "20",
                    "isLinked": false
                }
            },
            "elements": [
                {
                    "id": "3aa3af44",
                    "settings": {
                        "_column_size": 50,
                        "_inline_size": 68,
                        "margin": {
                            "unit": "px",
                            "top": "0",
                            "right": "60",
                            "bottom": "0",
                            "left": "0",
                            "isLinked": false
                        },
                        "_inline_size_tablet": 100,
                        "margin_tablet": {
                            "unit": "px",
                            "top": "0",
                            "right": "0",
                            "bottom": "0",
                            "left": "0",
                            "isLinked": false
                        }
                    },
                    "elements": [
                        {
                            "id": "6c9208e0",
                            "settings": {
                                "archive_classic_columns": "2",
                                "archive_classic_thumbnail_size_size": "medium_large",
                                "archive_classic_item_ratio_mobile": {
                                    "unit": "px",
                                    "size": 0.66,
                                    "sizes": []
                                },
                                "archive_classic_title_tag": "h2",
                                "archive_classic_meta_data": [
                                    "author",
                                    "date"
                                ],
                                "archive_classic_meta_separator": ".",
                                "archive_classic_read_more_text": "Read More...",
                                "archive_classic_read_more_alignment": "yes",
                                "archive_cards_meta_separator": "\u2022",
                                "archive_cards_read_more_text": "Read More \u00bb",
                                "archive_full_content_meta_separator": "\/\/\/",
                                "archive_classic_column_gap": {
                                    "unit": "px",
                                    "size": 32,
                                    "sizes": []
                                },
                                "archive_classic_row_gap": {
                                    "unit": "px",
                                    "size": 60,
                                    "sizes": []
                                },
                                "archive_classic_thumbnail_hover_filters_css_filter": "custom",
                                "archive_classic_thumbnail_hover_filters_brightness": {
                                    "unit": "px",
                                    "size": 72,
                                    "sizes": []
                                },
                                "pagination_page_limit": "5",
                                "pagination_numbers_shorten": "yes",
                                "pagination_prev_label": "&laquo; Previous",
                                "pagination_next_label": "Next &raquo;",
                                "text": "Load More",
                                "load_more_no_posts_custom_message": "No more posts to show",
                                "pagination_spacing": {
                                    "unit": "px",
                                    "size": 12,
                                    "sizes": []
                                },
                                "pagination_spacing_top": {
                                    "unit": "px",
                                    "size": 80,
                                    "sizes": []
                                },
                                "nothing_found_message": "It seems we can't find what you're looking for.",
                                "__globals__": {
                                    "nothing_found_color": "globals\/colors?id=secondary",
                                    "nothing_found_typography_typography": "globals\/typography?id=2d4f93f",
                                    "pagination_typography_typography": "globals\/typography?id=accent",
                                    "pagination_hover_color": "globals\/colors?id=secondary",
                                    "pagination_active_color": "globals\/colors?id=secondary",
                                    "archive_classic_title_typography_typography": "globals\/typography?id=01e3d1c",
                                    "pagination_color": "globals\/colors?id=cc7bf96",
                                    "archive_classic_meta_typography_typography": "globals\/typography?id=499599d",
                                    "archive_classic_meta_color": "globals\/colors?id=cc7bf96",
                                    "archive_classic_meta_separator_color": "globals\/colors?id=cc7bf96",
                                    "archive_classic_excerpt_color": "globals\/colors?id=text",
                                    "archive_classic_excerpt_typography_typography": "globals\/typography?id=text",
                                    "archive_classic_read_more_typography_typography": "globals\/typography?id=accent",
                                    "load_more_no_posts_message_typography": "globals\/typography?id=2d4f93f",
                                    "load_more_no_posts_message_color": "globals\/colors?id=cc7bf96",
                                    "load_more_spinner_color": "globals\/colors?id=primary"
                                },
                                "archive_classic_excerpt_length": 16,
                                "archive_classic_alignment": "center",
                                "archive_classic_image_spacing": {
                                    "unit": "px",
                                    "size": 24,
                                    "sizes": []
                                },
                                "archive_classic_title_spacing": {
                                    "unit": "px",
                                    "size": 12,
                                    "sizes": []
                                },
                                "archive_classic_meta_spacing": {
                                    "unit": "px",
                                    "size": 0,
                                    "sizes": []
                                },
                                "archive_classic_excerpt_spacing": {
                                    "unit": "px",
                                    "size": 20,
                                    "sizes": []
                                },
                                "archive_classic_read_more_spacing": {
                                    "unit": "px",
                                    "size": 0,
                                    "sizes": []
                                },
                                "archive_classic_show_excerpt": "",
                                "archive_classic_show_read_more": "",
                                "pagination_type": "load_more_on_click",
                                "selected_icon": {
                                    "value": "fas fa-undo-alt",
                                    "library": "fa-solid"
                                },
                                "icon_align": "right",
                                "icon_indent": {
                                    "unit": "px",
                                    "size": 12,
                                    "sizes": []
                                },
                                "load_more_spacing": {
                                    "unit": "px",
                                    "size": 60,
                                    "sizes": []
                                },
                                "archive_classic_column_gap_tablet": {
                                    "unit": "px",
                                    "size": 28,
                                    "sizes": []
                                }
                            },
                            "elements": [],
                            "isInner": false,
                            "widgetType": "archive-posts",
                            "elType": "widget"
                        }
                    ],
                    "isInner": false,
                    "elType": "column"
                },
                {
                    "id": "14aab6cf",
                    "settings": {
                        "_column_size": 50,
                        "_inline_size": 32,
                        "_inline_size_tablet": 100,
                        "margin_tablet": {
                            "unit": "px",
                            "top": "70",
                            "right": "0",
                            "bottom": "0",
                            "left": "0",
                            "isLinked": false
                        }
                    },
                    "elements": [
                        {
                            "id": "4f1ec374",
                            "settings": {
                                "gap": "no",
                                "background_background": "classic",
                                "margin": {
                                    "unit": "px",
                                    "top": "0",
                                    "right": 0,
                                    "bottom": "0",
                                    "left": 0,
                                    "isLinked": false
                                },
                                "padding": {
                                    "unit": "px",
                                    "top": "40",
                                    "right": "40",
                                    "bottom": "40",
                                    "left": "40",
                                    "isLinked": true
                                },
                                "__globals__": {
                                    "background_color": "globals\/colors?id=accent"
                                },
                                "padding_mobile": {
                                    "unit": "px",
                                    "top": "40",
                                    "right": "24",
                                    "bottom": "40",
                                    "left": "24",
                                    "isLinked": false
                                },
                                "animation": "fadeInRight"
                            },
                            "elements": [
                                {
                                    "id": "8c733a9",
                                    "settings": {
                                        "_column_size": 100,
                                        "_inline_size": null
                                    },
                                    "elements": [
                                        {
                                            "id": "3c190272",
                                            "settings": {
                                                "title": "Blog Categories",
                                                "header_size": "h3",
                                                "align": "center",
                                                "__globals__": {
                                                    "typography_typography": "globals\/typography?id=d2be5a1"
                                                }
                                            },
                                            "elements": [],
                                            "isInner": false,
                                            "widgetType": "heading",
                                            "elType": "widget"
                                        },
                                        {
                                            "id": "6312c58",
                                            "settings": {
                                                "style": "dashed",
                                                "align": "center",
                                                "look": "line_icon",
                                                "text": "Divider",
                                                "icon": {
                                                    "value": "fas fa-square-full",
                                                    "library": "fa-solid"
                                                },
                                                "gap": {
                                                    "unit": "px",
                                                    "size": 28,
                                                    "sizes": []
                                                },
                                                "icon_size": {
                                                    "unit": "px",
                                                    "size": 10,
                                                    "sizes": []
                                                },
                                                "__globals__": {
                                                    "color": "globals\/colors?id=152652f",
                                                    "primary_color": "globals\/colors?id=primary"
                                                }
                                            },
                                            "elements": [],
                                            "isInner": false,
                                            "widgetType": "divider",
                                            "elType": "widget"
                                        },
                                        {
                                            "id": "5dffe2ea",
                                            "settings": {
                                                "icon_list": [
                                                    {
                                                        "text": "Digital Marketing",
                                                        "selected_icon": {
                                                            "value": "fas fa-chevron-right",
                                                            "library": "fa-solid"
                                                        },
                                                        "_id": "d847202",
                                                        "link": {
                                                            "url": "#",
                                                            "is_external": "",
                                                            "nofollow": "",
                                                            "custom_attributes": ""
                                                        }
                                                    },
                                                    {
                                                        "text": "Business Development",
                                                        "selected_icon": {
                                                            "value": "fas fa-chevron-right",
                                                            "library": "fa-solid"
                                                        },
                                                        "link": {
                                                            "url": "#",
                                                            "is_external": "",
                                                            "nofollow": "",
                                                            "custom_attributes": ""
                                                        },
                                                        "_id": "3ba0a82"
                                                    },
                                                    {
                                                        "text": "Artificial Intelligence ",
                                                        "selected_icon": {
                                                            "value": "fas fa-chevron-right",
                                                            "library": "fa-solid"
                                                        },
                                                        "link": {
                                                            "url": "#",
                                                            "is_external": "",
                                                            "nofollow": "",
                                                            "custom_attributes": ""
                                                        },
                                                        "_id": "f364267"
                                                    },
                                                    {
                                                        "text": "Digital Reputation",
                                                        "selected_icon": {
                                                            "value": "fas fa-chevron-right",
                                                            "library": "fa-solid"
                                                        },
                                                        "link": {
                                                            "url": "#",
                                                            "is_external": "",
                                                            "nofollow": "",
                                                            "custom_attributes": ""
                                                        },
                                                        "_id": "b820155"
                                                    },
                                                    {
                                                        "text": "Content Marketing",
                                                        "selected_icon": {
                                                            "value": "fas fa-chevron-right",
                                                            "library": "fa-solid"
                                                        },
                                                        "link": {
                                                            "url": "#",
                                                            "is_external": "",
                                                            "nofollow": "",
                                                            "custom_attributes": ""
                                                        },
                                                        "_id": "e56a503"
                                                    },
                                                    {
                                                        "text": "Digital  Trends",
                                                        "selected_icon": {
                                                            "value": "fas fa-chevron-right",
                                                            "library": "fa-solid"
                                                        },
                                                        "link": {
                                                            "url": "#",
                                                            "is_external": "",
                                                            "nofollow": "",
                                                            "custom_attributes": ""
                                                        },
                                                        "_id": "1867fb7"
                                                    }
                                                ],
                                                "space_between": {
                                                    "unit": "px",
                                                    "size": 16,
                                                    "sizes": []
                                                },
                                                "icon_size": {
                                                    "unit": "px",
                                                    "size": 12,
                                                    "sizes": []
                                                },
                                                "text_indent": {
                                                    "unit": "px",
                                                    "size": 4,
                                                    "sizes": []
                                                },
                                                "icon_self_align": "left",
                                                "icon_self_vertical_align": "center",
                                                "_margin": {
                                                    "unit": "px",
                                                    "top": "0",
                                                    "right": "0",
                                                    "bottom": "0",
                                                    "left": "0",
                                                    "isLinked": false
                                                },
                                                "__globals__": {
                                                    "icon_color": "globals\/colors?id=cc7bf96",
                                                    "icon_color_hover": "globals\/colors?id=primary",
                                                    "icon_typography_typography": "globals\/typography?id=005f9ca",
                                                    "text_color": "globals\/colors?id=text",
                                                    "text_color_hover": "globals\/colors?id=primary"
                                                }
                                            },
                                            "elements": [],
                                            "isInner": false,
                                            "widgetType": "icon-list",
                                            "elType": "widget"
                                        }
                                    ],
                                    "isInner": true,
                                    "elType": "column"
                                }
                            ],
                            "isInner": true,
                            "elType": "section"
                        },
                        {
                            "id": "28a4606b",
                            "settings": {
                                "gap": "no",
                                "background_background": "classic",
                                "padding": {
                                    "unit": "px",
                                    "top": "40",
                                    "right": "40",
                                    "bottom": "40",
                                    "left": "40",
                                    "isLinked": true
                                },
                                "__globals__": {
                                    "background_color": "globals\/colors?id=accent"
                                },
                                "margin": {
                                    "unit": "px",
                                    "top": "40",
                                    "right": 0,
                                    "bottom": "0",
                                    "left": 0,
                                    "isLinked": false
                                },
                                "padding_mobile": {
                                    "unit": "px",
                                    "top": "40",
                                    "right": "24",
                                    "bottom": "40",
                                    "left": "24",
                                    "isLinked": false
                                },
                                "animation": "fadeInUp"
                            },
                            "elements": [
                                {
                                    "id": "8652c17",
                                    "settings": {
                                        "_column_size": 100,
                                        "_inline_size": null
                                    },
                                    "elements": [
                                        {
                                            "id": "4bfcbbbf",
                                            "settings": {
                                                "title": "Latest Posts",
                                                "header_size": "div",
                                                "align": "center",
                                                "__globals__": {
                                                    "typography_typography": "globals\/typography?id=d2be5a1",
                                                    "title_color": "globals\/colors?id=secondary"
                                                }
                                            },
                                            "elements": [],
                                            "isInner": false,
                                            "widgetType": "heading",
                                            "elType": "widget"
                                        },
                                        {
                                            "id": "5207dafc",
                                            "settings": {
                                                "style": "dashed",
                                                "align": "center",
                                                "look": "line_icon",
                                                "text": "Divider",
                                                "icon": {
                                                    "value": "fas fa-square-full",
                                                    "library": "fa-solid"
                                                },
                                                "gap": {
                                                    "unit": "px",
                                                    "size": 28,
                                                    "sizes": []
                                                },
                                                "icon_size": {
                                                    "unit": "px",
                                                    "size": 10,
                                                    "sizes": []
                                                },
                                                "__globals__": {
                                                    "color": "globals\/colors?id=152652f",
                                                    "primary_color": "globals\/colors?id=primary"
                                                }
                                            },
                                            "elements": [],
                                            "isInner": false,
                                            "widgetType": "divider",
                                            "elType": "widget"
                                        },
                                        {
                                            "id": "5cf87bbc",
                                            "settings": {
                                                "classic_columns": "1",
                                                "classic_thumbnail": "left",
                                                "classic_item_ratio": {
                                                    "unit": "px",
                                                    "size": 0.8,
                                                    "sizes": []
                                                },
                                                "classic_image_width": {
                                                    "unit": "%",
                                                    "size": 32,
                                                    "sizes": []
                                                },
                                                "classic_show_excerpt": "",
                                                "classic_meta_data": [
                                                    "date"
                                                ],
                                                "classic_meta_separator": "\/\/\/",
                                                "classic_show_read_more": "",
                                                "classic_read_more_text": "Read More \u00bb",
                                                "cards_meta_separator": "\u2022",
                                                "cards_read_more_text": "Read More \u00bb",
                                                "full_content_meta_separator": "\/\/\/",
                                                "classic_title_spacing": {
                                                    "unit": "px",
                                                    "size": 8,
                                                    "sizes": []
                                                },
                                                "classic_meta_spacing": {
                                                    "unit": "px",
                                                    "size": 0,
                                                    "sizes": []
                                                },
                                                "pagination_page_limit": "5",
                                                "pagination_prev_label": "&laquo; Previous",
                                                "pagination_next_label": "Next &raquo;",
                                                "text": "Load More",
                                                "load_more_no_posts_custom_message": "No more posts to show",
                                                "__globals__": {
                                                    "classic_title_typography_typography": "globals\/typography?id=5e57db5"
                                                },
                                                "classic_item_ratio_mobile": {
                                                    "unit": "px",
                                                    "size": 1,
                                                    "sizes": []
                                                },
                                                "classic_image_width_mobile": {
                                                    "unit": "%",
                                                    "size": 36,
                                                    "sizes": []
                                                },
                                                "classic_item_ratio_tablet": {
                                                    "unit": "px",
                                                    "size": 1,
                                                    "sizes": []
                                                }
                                            },
                                            "elements": [],
                                            "isInner": false,
                                            "widgetType": "posts",
                                            "elType": "widget"
                                        }
                                    ],
                                    "isInner": true,
                                    "elType": "column"
                                }
                            ],
                            "isInner": true,
                            "elType": "section"
                        }
                    ],
                    "isInner": false,
                    "elType": "column"
                }
            ],
            "isInner": false,
            "elType": "section"
        },
        {
            "id": "19c376fe",
            "settings": {
                "layout": "full_width",
                "gap": "no",
                "margin": {
                    "unit": "px",
                    "top": "120",
                    "right": 0,
                    "bottom": "0",
                    "left": 0,
                    "isLinked": false
                },
                "margin_mobile": {
                    "unit": "px",
                    "top": "100",
                    "right": 0,
                    "bottom": "0",
                    "left": 0,
                    "isLinked": false
                },
                "animation": "fadeInUp"
            },
            "elements": [
                {
                    "id": "1f33e9cb",
                    "settings": {
                        "_column_size": 100,
                        "_inline_size": null
                    },
                    "elements": [
                        {
                            "id": "6a485fff",
                            "settings": {
                                "template_id": "1823"
                            },
                            "elements": [],
                            "isInner": false,
                            "widgetType": "template",
                            "elType": "widget"
                        }
                    ],
                    "isInner": false,
                    "elType": "column"
                }
            ],
            "isInner": false,
            "elType": "section"
        }
    ]
}