{
    "version": "0.4",
    "title": "Blog 2",
    "type": "page",
    "metadata": {
        "template_type": "single-page",
        "include_in_zip": "1",
        "elementor_pro_required": "1",
        "wp_page_template": "elementor_header_footer"
    },
    "content": [
        {
            "id": "67add1be",
            "settings": {
                "content_width": {
                    "unit": "px",
                    "size": 700,
                    "sizes": []
                },
                "gap": "no",
                "custom_height": {
                    "unit": "vh",
                    "size": 100,
                    "sizes": []
                },
                "custom_height_tablet": {
                    "unit": "vh",
                    "size": "",
                    "sizes": []
                },
                "content_position": "middle",
                "background_background": "classic",
                "background_image": {
                    "url": "https:\/\/www.xable.oxacor.com\/wp-content\/uploads\/abstract-round-wires-background-modern-technology-concept-.jpg",
                    "id": 881,
                    "size": "",
                    "alt": "Abstract round wires background. Modern technology concept.",
                    "source": "library"
                },
                "background_position": "center center",
                "background_attachment": "fixed",
                "background_repeat": "no-repeat",
                "background_size": "cover",
                "background_overlay_background": "classic",
                "background_overlay_opacity": {
                    "unit": "px",
                    "size": 0.72,
                    "sizes": []
                },
                "overlay_blend_mode": "multiply",
                "margin": {
                    "unit": "px",
                    "top": "-124",
                    "right": 0,
                    "bottom": "0",
                    "left": 0,
                    "isLinked": false
                },
                "margin_tablet": {
                    "unit": "px",
                    "top": "",
                    "right": 0,
                    "bottom": "",
                    "left": 0,
                    "isLinked": true
                },
                "margin_mobile": {
                    "unit": "px",
                    "top": "-90",
                    "right": 0,
                    "bottom": "0",
                    "left": 0,
                    "isLinked": false
                },
                "padding": {
                    "unit": "px",
                    "top": "248",
                    "right": "0",
                    "bottom": "340",
                    "left": "0",
                    "isLinked": false
                },
                "__globals__": {
                    "background_overlay_color": "globals\/colors?id=41e718d"
                },
                "padding_mobile": {
                    "unit": "px",
                    "top": "180",
                    "right": "0",
                    "bottom": "320",
                    "left": "0",
                    "isLinked": false
                }
            },
            "elements": [
                {
                    "id": "7309c8ab",
                    "settings": {
                        "_column_size": 100,
                        "_inline_size": null,
                        "align": "center",
                        "margin_mobile": {
                            "unit": "px",
                            "top": "0",
                            "right": "0",
                            "bottom": "0",
                            "left": "0",
                            "isLinked": false
                        },
                        "padding_mobile": {
                            "unit": "px",
                            "top": "0",
                            "right": "20",
                            "bottom": "0",
                            "left": "20",
                            "isLinked": false
                        }
                    },
                    "elements": [
                        {
                            "id": "79139e8d",
                            "settings": {
                                "title": "Blog & News",
                                "header_size": "h1",
                                "align": "center"
                            },
                            "elements": [],
                            "isInner": false,
                            "widgetType": "heading",
                            "elType": "widget"
                        }
                    ],
                    "isInner": false,
                    "elType": "column"
                }
            ],
            "isInner": false,
            "elType": "section"
        },
        {
            "id": "205b8169",
            "settings": {
                "gap": "no",
                "margin": {
                    "unit": "px",
                    "top": "-200",
                    "right": 0,
                    "bottom": "0",
                    "left": 0,
                    "isLinked": false
                },
                "padding_tablet": {
                    "unit": "px",
                    "top": "0",
                    "right": "40",
                    "bottom": "0",
                    "left": "40",
                    "isLinked": false
                },
                "padding_mobile": {
                    "unit": "px",
                    "top": "0",
                    "right": "20",
                    "bottom": "0",
                    "left": "20",
                    "isLinked": false
                }
            },
            "elements": [
                {
                    "id": "2b1bc80e",
                    "settings": {
                        "_column_size": 100,
                        "_inline_size": null
                    },
                    "elements": [
                        {
                            "id": "3ebe6773",
                            "settings": {
                                "classic_columns": "2",
                                "classic_posts_per_page": 2,
                                "classic_thumbnail_size_size": "large",
                                "classic_item_ratio": {
                                    "unit": "px",
                                    "size": 0.6,
                                    "sizes": []
                                },
                                "classic_title_tag": "h2",
                                "classic_excerpt_length": 28,
                                "classic_meta_data": [
                                    "author",
                                    "date"
                                ],
                                "classic_meta_separator": ".",
                                "classic_read_more_text": "Read More...",
                                "cards_meta_separator": "\u2022",
                                "cards_read_more_text": "Read More \u00bb",
                                "full_content_meta_separator": "\/\/\/",
                                "classic_column_gap": {
                                    "unit": "px",
                                    "size": 40,
                                    "sizes": []
                                },
                                "classic_row_gap": {
                                    "unit": "px",
                                    "size": 40,
                                    "sizes": []
                                },
                                "classic_alignment": "center",
                                "classic_image_spacing": {
                                    "unit": "px",
                                    "size": 0,
                                    "sizes": []
                                },
                                "classic_thumbnail_hover_filters_css_filter": "custom",
                                "classic_thumbnail_hover_filters_brightness": {
                                    "unit": "px",
                                    "size": 80,
                                    "sizes": []
                                },
                                "classic_title_spacing": {
                                    "unit": "px",
                                    "size": 12,
                                    "sizes": []
                                },
                                "classic_meta_spacing": {
                                    "unit": "px",
                                    "size": 24,
                                    "sizes": []
                                },
                                "classic_excerpt_spacing": {
                                    "unit": "px",
                                    "size": 24,
                                    "sizes": []
                                },
                                "pagination_page_limit": "5",
                                "pagination_prev_label": "&laquo; Previous",
                                "pagination_next_label": "Next &raquo;",
                                "text": "Load More",
                                "load_more_no_posts_custom_message": "No more posts to show",
                                "_element_custom_width": {
                                    "unit": "%",
                                    "size": 46,
                                    "sizes": []
                                },
                                "__globals__": {
                                    "classic_title_typography_typography": "globals\/typography?id=62f5f26",
                                    "classic_meta_color": "globals\/colors?id=cc7bf96",
                                    "classic_meta_typography_typography": "globals\/typography?id=499599d",
                                    "classic_excerpt_color": "globals\/colors?id=text",
                                    "classic_excerpt_typography_typography": "globals\/typography?id=text",
                                    "classic_read_more_typography_typography": "globals\/typography?id=accent",
                                    "classic_box_bg_color": "globals\/colors?id=accent",
                                    "classic_box_border_color": "globals\/colors?id=accent",
                                    "classic_box_border_color_hover": "globals\/colors?id=primary"
                                },
                                "classic_box_border_width": {
                                    "unit": "px",
                                    "top": "0",
                                    "right": "0",
                                    "bottom": "2",
                                    "left": "0",
                                    "isLinked": false
                                },
                                "classic_content_padding": {
                                    "unit": "px",
                                    "top": "48",
                                    "right": "48",
                                    "bottom": "46",
                                    "left": "48",
                                    "isLinked": false
                                },
                                "classic_item_ratio_tablet": {
                                    "unit": "px",
                                    "size": 0.8,
                                    "sizes": []
                                },
                                "classic_item_ratio_mobile": {
                                    "unit": "px",
                                    "size": 1,
                                    "sizes": []
                                },
                                "classic_column_gap_tablet": {
                                    "unit": "px",
                                    "size": 28,
                                    "sizes": []
                                },
                                "classic_content_padding_tablet": {
                                    "unit": "px",
                                    "top": "48",
                                    "right": "28",
                                    "bottom": "48",
                                    "left": "28",
                                    "isLinked": false
                                },
                                "classic_content_padding_mobile": {
                                    "unit": "px",
                                    "top": "40",
                                    "right": "24",
                                    "bottom": "40",
                                    "left": "24",
                                    "isLinked": false
                                }
                            },
                            "elements": [],
                            "isInner": false,
                            "widgetType": "posts",
                            "elType": "widget"
                        },
                        {
                            "id": "128e65ba",
                            "settings": {
                                "classic_thumbnail_size_size": "medium_large",
                                "classic_excerpt_length": 16,
                                "classic_meta_data": [
                                    "author",
                                    "date"
                                ],
                                "classic_meta_separator": ".",
                                "classic_read_more_text": "Read More...",
                                "cards_meta_separator": "\u2022",
                                "cards_read_more_text": "Read More \u00bb",
                                "full_content_meta_separator": "\/\/\/",
                                "classic_column_gap": {
                                    "unit": "px",
                                    "size": 40,
                                    "sizes": []
                                },
                                "classic_row_gap": {
                                    "unit": "px",
                                    "size": 48,
                                    "sizes": []
                                },
                                "classic_alignment": "center",
                                "classic_image_spacing": {
                                    "unit": "px",
                                    "size": 24,
                                    "sizes": []
                                },
                                "classic_thumbnail_hover_filters_css_filter": "custom",
                                "classic_thumbnail_hover_filters_brightness": {
                                    "unit": "px",
                                    "size": 72,
                                    "sizes": []
                                },
                                "classic_title_spacing": {
                                    "unit": "px",
                                    "size": 12,
                                    "sizes": []
                                },
                                "classic_meta_spacing": {
                                    "unit": "px",
                                    "size": 0,
                                    "sizes": []
                                },
                                "classic_excerpt_spacing": {
                                    "unit": "px",
                                    "size": 20,
                                    "sizes": []
                                },
                                "pagination_page_limit": "5",
                                "pagination_prev_label": "&laquo; Previous",
                                "pagination_next_label": "Next &raquo;",
                                "text": "Load More",
                                "load_more_no_posts_custom_message": "No more posts to show",
                                "_element_custom_width": {
                                    "unit": "%",
                                    "size": 46,
                                    "sizes": []
                                },
                                "__globals__": {
                                    "classic_title_typography_typography": "globals\/typography?id=01e3d1c",
                                    "classic_meta_color": "globals\/colors?id=cc7bf96",
                                    "classic_meta_typography_typography": "globals\/typography?id=499599d",
                                    "classic_excerpt_color": "globals\/colors?id=text",
                                    "classic_excerpt_typography_typography": "globals\/typography?id=text",
                                    "classic_read_more_typography_typography": "globals\/typography?id=accent",
                                    "pagination_color": "globals\/colors?id=cc7bf96",
                                    "pagination_typography_typography": "globals\/typography?id=accent",
                                    "pagination_hover_color": "globals\/colors?id=secondary",
                                    "pagination_active_color": "globals\/colors?id=secondary",
                                    "classic_box_bg_color": "",
                                    "load_more_no_posts_message_typography": "globals\/typography?id=2d4f93f",
                                    "load_more_no_posts_message_color": "globals\/colors?id=cc7bf96",
                                    "load_more_spinner_color": "globals\/colors?id=primary"
                                },
                                "classic_show_excerpt": "",
                                "classic_show_read_more": "",
                                "posts_offset": 2,
                                "classic_content_padding": {
                                    "unit": "px",
                                    "top": "0",
                                    "right": "0",
                                    "bottom": "0",
                                    "left": "0",
                                    "isLinked": false
                                },
                                "classic_title_typography_typography": "custom",
                                "classic_title_typography_font_size": {
                                    "unit": "px",
                                    "size": 20,
                                    "sizes": []
                                },
                                "classic_title_typography_font_weight": "700",
                                "classic_title_typography_line_height": {
                                    "unit": "em",
                                    "size": 1.4,
                                    "sizes": []
                                },
                                "classic_meta_color": "#FFFFFF94",
                                "classic_meta_typography_typography": "custom",
                                "classic_meta_typography_font_family": "Be Vietnam Pro",
                                "classic_meta_typography_font_size": {
                                    "unit": "px",
                                    "size": 13,
                                    "sizes": []
                                },
                                "classic_meta_typography_font_weight": "400",
                                "classic_meta_typography_line_height": {
                                    "unit": "em",
                                    "size": 1.4,
                                    "sizes": []
                                },
                                "classic_excerpt_color": "#FFFFFFC2",
                                "classic_excerpt_typography_typography": "custom",
                                "classic_excerpt_typography_font_family": "Be Vietnam Pro",
                                "classic_excerpt_typography_font_size": {
                                    "unit": "px",
                                    "size": 15,
                                    "sizes": []
                                },
                                "classic_excerpt_typography_font_weight": "400",
                                "classic_excerpt_typography_line_height": {
                                    "unit": "em",
                                    "size": 1.6,
                                    "sizes": []
                                },
                                "classic_read_more_typography_typography": "custom",
                                "classic_read_more_typography_font_family": "Be Vietnam Pro",
                                "classic_read_more_typography_font_size": {
                                    "unit": "px",
                                    "size": 12,
                                    "sizes": []
                                },
                                "classic_read_more_typography_font_weight": "700",
                                "classic_read_more_typography_text_transform": "uppercase",
                                "classic_read_more_typography_font_style": "normal",
                                "classic_read_more_typography_text_decoration": "none",
                                "classic_read_more_typography_line_height": {
                                    "unit": "em",
                                    "size": 1.3,
                                    "sizes": []
                                },
                                "classic_read_more_typography_letter_spacing": {
                                    "unit": "px",
                                    "size": 0.2,
                                    "sizes": []
                                },
                                "classic_read_more_typography_word_spacing": {
                                    "unit": "px",
                                    "size": "",
                                    "sizes": []
                                },
                                "pagination_type": "load_more_on_click",
                                "pagination_numbers_shorten": "yes",
                                "pagination_typography_typography": "custom",
                                "pagination_typography_font_family": "Be Vietnam Pro",
                                "pagination_typography_font_size": {
                                    "unit": "px",
                                    "size": 12,
                                    "sizes": []
                                },
                                "pagination_typography_font_weight": "700",
                                "pagination_typography_text_transform": "uppercase",
                                "pagination_typography_font_style": "normal",
                                "pagination_typography_text_decoration": "none",
                                "pagination_typography_line_height": {
                                    "unit": "em",
                                    "size": 1.3,
                                    "sizes": []
                                },
                                "pagination_typography_letter_spacing": {
                                    "unit": "px",
                                    "size": 0.2,
                                    "sizes": []
                                },
                                "pagination_typography_word_spacing": {
                                    "unit": "px",
                                    "size": "",
                                    "sizes": []
                                },
                                "pagination_color": "#FFFFFF94",
                                "pagination_hover_color": "#FFFFFF",
                                "pagination_active_color": "#FFFFFF",
                                "pagination_spacing": {
                                    "unit": "px",
                                    "size": 12,
                                    "sizes": []
                                },
                                "pagination_spacing_top": {
                                    "unit": "px",
                                    "size": 60,
                                    "sizes": []
                                },
                                "_margin": {
                                    "unit": "px",
                                    "top": "70",
                                    "right": "0",
                                    "bottom": "0",
                                    "left": "0",
                                    "isLinked": false
                                },
                                "selected_icon": {
                                    "value": "fas fa-undo-alt",
                                    "library": "fa-solid"
                                },
                                "icon_align": "right",
                                "icon_indent": {
                                    "unit": "px",
                                    "size": 12,
                                    "sizes": []
                                },
                                "load_more_spacing": {
                                    "unit": "px",
                                    "size": 60,
                                    "sizes": []
                                },
                                "classic_item_ratio_mobile": {
                                    "unit": "px",
                                    "size": 0.66,
                                    "sizes": []
                                },
                                "classic_column_gap_tablet": {
                                    "unit": "px",
                                    "size": 28,
                                    "sizes": []
                                }
                            },
                            "elements": [],
                            "isInner": false,
                            "widgetType": "posts",
                            "elType": "widget"
                        }
                    ],
                    "isInner": false,
                    "elType": "column"
                }
            ],
            "isInner": false,
            "elType": "section"
        },
        {
            "id": "4b0db816",
            "settings": {
                "layout": "full_width",
                "gap": "no",
                "margin": {
                    "unit": "px",
                    "top": "120",
                    "right": 0,
                    "bottom": "0",
                    "left": 0,
                    "isLinked": false
                },
                "animation": "fadeInUp"
            },
            "elements": [
                {
                    "id": "596e5862",
                    "settings": {
                        "_column_size": 100,
                        "_inline_size": null
                    },
                    "elements": [
                        {
                            "id": "4c23e132",
                            "settings": {
                                "template_id": "1823"
                            },
                            "elements": [],
                            "isInner": false,
                            "widgetType": "template",
                            "elType": "widget"
                        }
                    ],
                    "isInner": false,
                    "elType": "column"
                }
            ],
            "isInner": false,
            "elType": "section"
        }
    ]
}