{
    "version": "0.4",
    "title": "Book a Meeting",
    "type": "page",
    "metadata": {
        "template_type": "single-page",
        "include_in_zip": "1",
        "elementor_pro_required": "1",
        "wp_page_template": "elementor_header_footer"
    },
    "content": [
        {
            "id": "1d8e0ed7",
            "settings": {
                "content_width": {
                    "unit": "px",
                    "size": 700,
                    "sizes": []
                },
                "gap": "no",
                "custom_height": {
                    "unit": "vh",
                    "size": 100,
                    "sizes": []
                },
                "custom_height_tablet": {
                    "unit": "vh",
                    "size": "",
                    "sizes": []
                },
                "content_position": "middle",
                "background_background": "classic",
                "background_image": {
                    "url": "https:\/\/www.xable.oxacor.com\/wp-content\/uploads\/abstract-round-wires-background-modern-technology-concept-.jpg",
                    "id": 881,
                    "size": "",
                    "alt": "Abstract round wires background. Modern technology concept.",
                    "source": "library"
                },
                "background_position": "center center",
                "background_attachment": "fixed",
                "background_repeat": "no-repeat",
                "background_size": "cover",
                "background_overlay_background": "classic",
                "background_overlay_opacity": {
                    "unit": "px",
                    "size": 0.72,
                    "sizes": []
                },
                "overlay_blend_mode": "multiply",
                "margin": {
                    "unit": "px",
                    "top": "-124",
                    "right": 0,
                    "bottom": "0",
                    "left": 0,
                    "isLinked": false
                },
                "margin_tablet": {
                    "unit": "px",
                    "top": "",
                    "right": 0,
                    "bottom": "",
                    "left": 0,
                    "isLinked": true
                },
                "margin_mobile": {
                    "unit": "px",
                    "top": "-90",
                    "right": 0,
                    "bottom": "0",
                    "left": 0,
                    "isLinked": false
                },
                "padding": {
                    "unit": "px",
                    "top": "240",
                    "right": "0",
                    "bottom": "260",
                    "left": "0",
                    "isLinked": false
                },
                "__globals__": {
                    "background_overlay_color": "globals\/colors?id=41e718d"
                },
                "padding_mobile": {
                    "unit": "px",
                    "top": "180",
                    "right": "0",
                    "bottom": "232",
                    "left": "0",
                    "isLinked": false
                }
            },
            "elements": [
                {
                    "id": "25e0cc4c",
                    "settings": {
                        "_column_size": 100,
                        "_inline_size": null,
                        "align": "center",
                        "margin_mobile": {
                            "unit": "px",
                            "top": "0",
                            "right": "0",
                            "bottom": "0",
                            "left": "0",
                            "isLinked": false
                        },
                        "padding_mobile": {
                            "unit": "px",
                            "top": "0",
                            "right": "20",
                            "bottom": "0",
                            "left": "20",
                            "isLinked": false
                        },
                        "padding_tablet": {
                            "unit": "px",
                            "top": "0",
                            "right": "28",
                            "bottom": "0",
                            "left": "28",
                            "isLinked": false
                        }
                    },
                    "elements": [
                        {
                            "id": "5a4a9ef5",
                            "settings": {
                                "selected_icon": {
                                    "value": "",
                                    "library": ""
                                },
                                "title_text": "Book a Meeting",
                                "description_text": "Take the next step in elevating your business. We're eager to hear about your goals. Arrange a meeting with our experts now.",
                                "title_size": "h1",
                                "title_bottom_space": {
                                    "unit": "px",
                                    "size": 20,
                                    "sizes": []
                                },
                                "__globals__": {
                                    "description_typography_typography": "globals\/typography?id=2d4f93f"
                                }
                            },
                            "elements": [],
                            "isInner": false,
                            "widgetType": "icon-box",
                            "elType": "widget"
                        }
                    ],
                    "isInner": false,
                    "elType": "column"
                }
            ],
            "isInner": false,
            "elType": "section"
        },
        {
            "id": "30c0cb16",
            "settings": {
                "gap": "no",
                "margin": {
                    "unit": "px",
                    "top": "0",
                    "right": 0,
                    "bottom": "0",
                    "left": 0,
                    "isLinked": false
                },
                "content_width": {
                    "unit": "px",
                    "size": 940,
                    "sizes": []
                },
                "padding_tablet": {
                    "unit": "px",
                    "top": "0",
                    "right": "60",
                    "bottom": "0",
                    "left": "60",
                    "isLinked": false
                },
                "padding_mobile": {
                    "unit": "px",
                    "top": "0",
                    "right": "16",
                    "bottom": "0",
                    "left": "16",
                    "isLinked": false
                },
                "animation_duration": "slow"
            },
            "elements": [
                {
                    "id": "ec4e1ae",
                    "settings": {
                        "_column_size": 100,
                        "_inline_size": null,
                        "background_background": "classic",
                        "margin": {
                            "unit": "px",
                            "top": "-140",
                            "right": "0",
                            "bottom": "0",
                            "left": "0",
                            "isLinked": false
                        },
                        "padding": {
                            "unit": "px",
                            "top": "60",
                            "right": "60",
                            "bottom": "60",
                            "left": "60",
                            "isLinked": true
                        },
                        "__globals__": {
                            "background_color": "globals\/colors?id=accent",
                            "border_color": "globals\/colors?id=primary"
                        },
                        "border_border": "solid",
                        "border_width": {
                            "unit": "px",
                            "top": "3",
                            "right": "0",
                            "bottom": "0",
                            "left": "0",
                            "isLinked": false
                        },
                        "padding_tablet": {
                            "unit": "px",
                            "top": "60",
                            "right": "40",
                            "bottom": "60",
                            "left": "40",
                            "isLinked": false
                        },
                        "padding_mobile": {
                            "unit": "px",
                            "top": "48",
                            "right": "24",
                            "bottom": "48",
                            "left": "24",
                            "isLinked": false
                        }
                    },
                    "elements": [
                        {
                            "id": "12fe7e0",
                            "settings": {
                                "form_name": "Meeting Form",
                                "form_fields": [
                                    {
                                        "custom_id": "name",
                                        "field_label": "First Name",
                                        "width": "50",
                                        "dynamic": {
                                            "active": true
                                        },
                                        "_id": "d83f784",
                                        "required": "true"
                                    },
                                    {
                                        "custom_id": "field_1edf364",
                                        "field_label": "Last Name",
                                        "width": "50",
                                        "dynamic": {
                                            "active": true
                                        },
                                        "required": "true",
                                        "_id": "1edf364"
                                    },
                                    {
                                        "custom_id": "email",
                                        "field_type": "email",
                                        "required": "true",
                                        "field_label": "Email Address",
                                        "width": "50",
                                        "_id": "6b7c1f0"
                                    },
                                    {
                                        "custom_id": "field_6cf9754",
                                        "field_type": "tel",
                                        "required": "true",
                                        "field_label": "Phone Number",
                                        "width": "50",
                                        "_id": "6cf9754"
                                    },
                                    {
                                        "_id": "de6f933",
                                        "field_type": "select",
                                        "field_label": "Project type",
                                        "required": "true",
                                        "field_options": "Web Development\nE-commerce development\nDigital Marketing\nGraphic Design\nSocial Media\nWebsite Maintenance\nBrand Identity Design",
                                        "custom_id": "field_de6f933",
                                        "width": "50"
                                    },
                                    {
                                        "field_type": "select",
                                        "field_label": "Project Budget",
                                        "required": "true",
                                        "field_options": "Below 2K\n2K to 5K\n5K to 10K\n10K to 15K\n15K to 20K\nAbove 20K",
                                        "custom_id": "field_4611472",
                                        "width": "50",
                                        "_id": "4611472"
                                    },
                                    {
                                        "custom_id": "field_967dad1",
                                        "field_label": "Meeting Date",
                                        "width": "50",
                                        "dynamic": {
                                            "active": true
                                        },
                                        "required": "true",
                                        "_id": "967dad1",
                                        "field_type": "date",
                                        "field_options": "Immediately\n2-4 Weeks\n1\u20132 Months\n2 months +\n",
                                        "use_native_date": ""
                                    },
                                    {
                                        "custom_id": "field_f9502f3",
                                        "field_label": "Meeting Time",
                                        "width": "50",
                                        "dynamic": {
                                            "active": true
                                        },
                                        "required": "true",
                                        "field_type": "time",
                                        "field_options": "Immediately\n2-4 Weeks\n1\u20132 Months\n2 months +\n",
                                        "use_native_date": "",
                                        "_id": "f9502f3",
                                        "use_native_time": ""
                                    },
                                    {
                                        "custom_id": "field_08af083",
                                        "field_label": "Preferred Meeting Mode",
                                        "width": "50",
                                        "dynamic": {
                                            "active": true
                                        },
                                        "required": "true",
                                        "field_type": "select",
                                        "field_options": "Google Meet\nZoom\nMicrosoft Teams\nOffice (in person)",
                                        "_id": "08af083"
                                    },
                                    {
                                        "custom_id": "field_8706d35",
                                        "field_label": "What is your ideal start date?",
                                        "width": "50",
                                        "dynamic": {
                                            "active": true
                                        },
                                        "required": "true",
                                        "field_type": "select",
                                        "field_options": "Immediately\n2-4 Weeks\n1\u20132 Months\n2 months +",
                                        "_id": "8706d35"
                                    },
                                    {
                                        "custom_id": "message",
                                        "field_type": "textarea",
                                        "field_label": "Projects Details",
                                        "_id": "a74f882",
                                        "required": "true",
                                        "rows": 10
                                    },
                                    {
                                        "_id": "8472b4b",
                                        "field_type": "honeypot",
                                        "custom_id": "field_8472b4b"
                                    },
                                    {
                                        "field_type": "honeypot",
                                        "custom_id": "field_3250f6a",
                                        "_id": "3250f6a"
                                    },
                                    {
                                        "field_type": "honeypot",
                                        "custom_id": "field_e6a51fa",
                                        "_id": "e6a51fa"
                                    }
                                ],
                                "step_next_label": "Next",
                                "step_previous_label": "Previous",
                                "button_text": "Submit",
                                "selected_button_icon": {
                                    "value": "fas fa-paper-plane",
                                    "library": "fa-solid"
                                },
                                "email_content": "[all-fields]",
                                "form_metadata": [
                                    "date",
                                    "time",
                                    "page_url",
                                    "user_agent",
                                    "remote_ip"
                                ],
                                "email_content_2": "[all-fields]",
                                "success_message": "The form was sent successfully.",
                                "error_message": "An error occurred.",
                                "required_field_message": "This field is required.",
                                "invalid_message": "There&#039;s something wrong. The form is invalid.",
                                "__globals__": {
                                    "button_background_color": "globals\/colors?id=primary",
                                    "button_text_color": "globals\/colors?id=secondary",
                                    "button_background_hover_color": "globals\/colors?id=f491614",
                                    "button_hover_color": "globals\/colors?id=secondary",
                                    "button_typography_typography": "globals\/typography?id=315709c",
                                    "field_background_color": "globals\/colors?id=41e718d",
                                    "field_text_color": "globals\/colors?id=text",
                                    "field_typography_typography": "globals\/typography?id=text",
                                    "field_border_color": "globals\/colors?id=152652f",
                                    "label_color": "globals\/colors?id=text",
                                    "button_border_color": "globals\/colors?id=primary",
                                    "button_hover_border_color": "globals\/colors?id=primary",
                                    "html_typography_typography": "",
                                    "label_typography_typography": "globals\/typography?id=accent"
                                },
                                "column_gap": {
                                    "unit": "px",
                                    "size": 28,
                                    "sizes": []
                                },
                                "row_gap": {
                                    "unit": "px",
                                    "size": 32,
                                    "sizes": []
                                },
                                "label_spacing": {
                                    "unit": "px",
                                    "size": 16,
                                    "sizes": []
                                },
                                "input_size": "md",
                                "button_size": "md",
                                "server_message": "Your submission failed because of a server error.",
                                "label_color": "#FFFFFF94",
                                "html_typography_font_family": "Be Vietnam Pro",
                                "html_typography_font_size": {
                                    "unit": "px",
                                    "size": 15,
                                    "sizes": []
                                },
                                "html_typography_font_weight": "400",
                                "html_typography_line_height": {
                                    "unit": "em",
                                    "size": 1.6,
                                    "sizes": []
                                },
                                "field_text_color": "#FFFFFFC2",
                                "field_typography_typography": "custom",
                                "field_typography_font_family": "Be Vietnam Pro",
                                "field_typography_font_size": {
                                    "unit": "px",
                                    "size": 15,
                                    "sizes": []
                                },
                                "field_typography_font_weight": "400",
                                "field_typography_line_height": {
                                    "unit": "em",
                                    "size": 1.6,
                                    "sizes": []
                                },
                                "field_background_color": "#020205",
                                "field_border_color": "#FFFFFF45",
                                "field_border_width": {
                                    "unit": "px",
                                    "top": "2",
                                    "right": "2",
                                    "bottom": "2",
                                    "left": "2",
                                    "isLinked": true
                                },
                                "button_typography_typography": "custom",
                                "button_typography_font_family": "Be Vietnam Pro",
                                "button_typography_font_size": {
                                    "unit": "px",
                                    "size": 13,
                                    "sizes": []
                                },
                                "button_typography_font_weight": "800",
                                "button_typography_text_transform": "uppercase",
                                "button_typography_font_style": "normal",
                                "button_typography_text_decoration": "none",
                                "button_typography_line_height": {
                                    "unit": "em",
                                    "size": 1,
                                    "sizes": []
                                },
                                "button_typography_letter_spacing": {
                                    "unit": "px",
                                    "size": 0.4,
                                    "sizes": []
                                },
                                "button_border_border": "solid",
                                "button_border_width": {
                                    "unit": "px",
                                    "top": "2",
                                    "right": "2",
                                    "bottom": "2",
                                    "left": "2",
                                    "isLinked": true
                                },
                                "button_background_color": "#EC3737",
                                "button_text_color": "#FFFFFF",
                                "button_border_color": "#EC3737",
                                "button_background_hover_color": "#FFFFFF00",
                                "button_hover_color": "#FFFFFF",
                                "button_hover_border_color": "#EC3737",
                                "button_text_padding": {
                                    "unit": "px",
                                    "top": "14",
                                    "right": "14",
                                    "bottom": "14",
                                    "left": "14",
                                    "isLinked": true
                                },
                                "_margin": {
                                    "unit": "px",
                                    "top": "0",
                                    "right": "0",
                                    "bottom": "0",
                                    "left": "0",
                                    "isLinked": false
                                },
                                "_animation": "fadeIn",
                                "animation_duration": "slow"
                            },
                            "elements": [],
                            "isInner": false,
                            "widgetType": "form",
                            "elType": "widget"
                        },
                        {
                            "id": "7a120f3",
                            "settings": {
                                "icon_list": [
                                    {
                                        "text": "Your information is never sold or shared. It is used for the sole purpose of contacting you.",
                                        "selected_icon": {
                                            "value": "fas fa-exclamation-circle",
                                            "library": "fa-solid"
                                        },
                                        "_id": "fb7afee"
                                    }
                                ],
                                "icon_align": "center",
                                "_margin": {
                                    "unit": "px",
                                    "top": "40",
                                    "right": "0",
                                    "bottom": "0",
                                    "left": "0",
                                    "isLinked": false
                                },
                                "__globals__": {
                                    "icon_typography_typography": "globals\/typography?id=text",
                                    "icon_color": "globals\/colors?id=cc7bf96",
                                    "text_color": "globals\/colors?id=cc7bf96"
                                },
                                "icon_align_tablet": "left",
                                "icon_size": {
                                    "unit": "px",
                                    "size": 16,
                                    "sizes": []
                                },
                                "text_indent": {
                                    "unit": "px",
                                    "size": 4,
                                    "sizes": []
                                },
                                "icon_self_align": "left",
                                "icon_self_align_tablet": "left",
                                "icon_self_vertical_align": "center",
                                "icon_self_vertical_align_tablet": "flex-start",
                                "icon_vertical_offset_tablet": {
                                    "unit": "px",
                                    "size": 5,
                                    "sizes": []
                                }
                            },
                            "elements": [],
                            "isInner": false,
                            "widgetType": "icon-list",
                            "elType": "widget"
                        },
                        {
                            "id": "1084646d",
                            "settings": {
                                "gap": "no",
                                "background_background": "classic",
                                "margin": {
                                    "unit": "px",
                                    "top": "70",
                                    "right": 0,
                                    "bottom": "0",
                                    "left": 0,
                                    "isLinked": false
                                },
                                "padding": {
                                    "unit": "px",
                                    "top": "32",
                                    "right": "20",
                                    "bottom": "32",
                                    "left": "20",
                                    "isLinked": false
                                },
                                "__globals__": {
                                    "background_color": "globals\/colors?id=41e718d"
                                },
                                "animation": "fadeInUp",
                                "animation_duration": "slow"
                            },
                            "elements": [
                                {
                                    "id": "1a03ab9d",
                                    "settings": {
                                        "_column_size": 100,
                                        "_inline_size": null,
                                        "align": "center"
                                    },
                                    "elements": [
                                        {
                                            "id": "13e687f0",
                                            "settings": {
                                                "title": "You can reach us directly with any questions at",
                                                "header_size": "h4",
                                                "_margin": {
                                                    "unit": "px",
                                                    "top": "0",
                                                    "right": "12",
                                                    "bottom": "0",
                                                    "left": "0",
                                                    "isLinked": false
                                                },
                                                "_element_width": "auto",
                                                "__globals__": {
                                                    "title_color": "globals\/colors?id=text"
                                                },
                                                "align_mobile": "center",
                                                "_margin_tablet": {
                                                    "unit": "px",
                                                    "top": "0",
                                                    "right": "0",
                                                    "bottom": "16",
                                                    "left": "0",
                                                    "isLinked": false
                                                }
                                            },
                                            "elements": [],
                                            "isInner": false,
                                            "widgetType": "heading",
                                            "elType": "widget"
                                        },
                                        {
                                            "id": "5f05a5a9",
                                            "settings": {
                                                "icon_list": [
                                                    {
                                                        "text": "+1 (123) 456 7890",
                                                        "selected_icon": {
                                                            "value": "fas fa-phone-square",
                                                            "library": "fa-solid"
                                                        },
                                                        "_id": "7476337"
                                                    }
                                                ],
                                                "icon_size": {
                                                    "unit": "px",
                                                    "size": 24,
                                                    "sizes": []
                                                },
                                                "text_indent": {
                                                    "unit": "px",
                                                    "size": 0,
                                                    "sizes": []
                                                },
                                                "icon_self_align": "center",
                                                "icon_self_vertical_align": "center",
                                                "_margin": {
                                                    "unit": "px",
                                                    "top": "0",
                                                    "right": "0",
                                                    "bottom": "0",
                                                    "left": "12",
                                                    "isLinked": false
                                                },
                                                "_element_width": "auto",
                                                "__globals__": {
                                                    "icon_color": "globals\/colors?id=primary",
                                                    "icon_typography_typography": "globals\/typography?id=01e3d1c",
                                                    "text_color": "globals\/colors?id=text",
                                                    "text_color_hover": "globals\/colors?id=secondary"
                                                },
                                                "_margin_tablet": {
                                                    "unit": "px",
                                                    "top": "0",
                                                    "right": "0",
                                                    "bottom": "0",
                                                    "left": "0",
                                                    "isLinked": false
                                                }
                                            },
                                            "elements": [],
                                            "isInner": false,
                                            "widgetType": "icon-list",
                                            "elType": "widget"
                                        }
                                    ],
                                    "isInner": true,
                                    "elType": "column"
                                }
                            ],
                            "isInner": true,
                            "elType": "section"
                        }
                    ],
                    "isInner": false,
                    "elType": "column"
                }
            ],
            "isInner": false,
            "elType": "section"
        }
    ]
}