{
    "version": "0.4",
    "title": "Cart",
    "type": "page",
    "metadata": {
        "template_type": "single-page",
        "include_in_zip": "1",
        "elementor_pro_required": "1",
        "wp_page_template": "elementor_header_footer"
    },
    "content": [
        {
            "id": "14467138",
            "settings": {
                "content_width": {
                    "unit": "px",
                    "size": 700,
                    "sizes": []
                },
                "gap": "no",
                "custom_height": {
                    "unit": "vh",
                    "size": 100,
                    "sizes": []
                },
                "custom_height_tablet": {
                    "unit": "vh",
                    "size": "",
                    "sizes": []
                },
                "content_position": "middle",
                "background_background": "classic",
                "background_image": {
                    "url": "",
                    "id": "",
                    "size": "",
                    "alt": "happy young team of architects workign at office",
                    "source": "library"
                },
                "background_position": "center center",
                "background_attachment": "fixed",
                "background_repeat": "no-repeat",
                "background_size": "cover",
                "background_overlay_opacity": {
                    "unit": "px",
                    "size": 0.72,
                    "sizes": []
                },
                "overlay_blend_mode": "multiply",
                "margin": {
                    "unit": "px",
                    "top": "0",
                    "right": 0,
                    "bottom": "0",
                    "left": 0,
                    "isLinked": false
                },
                "margin_tablet": {
                    "unit": "px",
                    "top": "0",
                    "right": 0,
                    "bottom": "0",
                    "left": 0,
                    "isLinked": false
                },
                "margin_mobile": {
                    "unit": "px",
                    "top": "0",
                    "right": 0,
                    "bottom": "0",
                    "left": 0,
                    "isLinked": false
                },
                "padding": {
                    "unit": "px",
                    "top": "100",
                    "right": "0",
                    "bottom": "100",
                    "left": "0",
                    "isLinked": false
                },
                "__globals__": {
                    "background_overlay_color": "globals\/colors?id=41e718d",
                    "background_color": "globals\/colors?id=accent"
                },
                "padding_mobile": {
                    "unit": "px",
                    "top": "100",
                    "right": "0",
                    "bottom": "100",
                    "left": "0",
                    "isLinked": false
                }
            },
            "elements": [
                {
                    "id": "5543143f",
                    "settings": {
                        "_column_size": 100,
                        "_inline_size": null,
                        "align": "center",
                        "margin_mobile": {
                            "unit": "px",
                            "top": "0",
                            "right": "0",
                            "bottom": "0",
                            "left": "0",
                            "isLinked": false
                        },
                        "padding_mobile": {
                            "unit": "px",
                            "top": "0",
                            "right": "20",
                            "bottom": "0",
                            "left": "20",
                            "isLinked": false
                        }
                    },
                    "elements": [
                        {
                            "id": "6fb2fcf1",
                            "settings": {
                                "title": "",
                                "header_size": "h1",
                                "align": "center",
                                "__dynamic__": {
                                    "title": "[elementor-tag id=\"c4c8157\" name=\"page-title\" settings=\"%7B%7D\"]"
                                }
                            },
                            "elements": [],
                            "isInner": false,
                            "widgetType": "heading",
                            "elType": "widget"
                        }
                    ],
                    "isInner": false,
                    "elType": "column"
                }
            ],
            "isInner": false,
            "elType": "section"
        },
        {
            "id": "5465be58",
            "settings": {
                "gap": "no",
                "margin": {
                    "unit": "px",
                    "top": "100",
                    "right": 0,
                    "bottom": "0",
                    "left": 0,
                    "isLinked": false
                },
                "margin_tablet": {
                    "unit": "px",
                    "top": "60",
                    "right": 0,
                    "bottom": "0",
                    "left": 0,
                    "isLinked": false
                },
                "padding_tablet": {
                    "unit": "px",
                    "top": "0",
                    "right": "60",
                    "bottom": "0",
                    "left": "60",
                    "isLinked": false
                },
                "padding_mobile": {
                    "unit": "px",
                    "top": "0",
                    "right": "16",
                    "bottom": "0",
                    "left": "16",
                    "isLinked": false
                }
            },
            "elements": [
                {
                    "id": "2592ea38",
                    "settings": {
                        "_column_size": 100
                    },
                    "elements": [
                        {
                            "id": "3fc66e43",
                            "settings": {
                                "update_cart_button_text": "Update Cart",
                                "apply_coupon_button_text": "Apply coupon",
                                "totals_section_title": "Cart Totals",
                                "update_shipping_button_text": "Update",
                                "checkout_button_text": "Proceed to Checkout",
                                "apply_coupon_button_alignment": "justify",
                                "update_shipping_button_alignment": "justify",
                                "checkout_button_alignment": "justify",
                                "sections_border_type": "solid",
                                "sections_border_width": {
                                    "unit": "px",
                                    "top": "1",
                                    "right": "1",
                                    "bottom": "1",
                                    "left": "1",
                                    "isLinked": true
                                },
                                "sections_border_radius": {
                                    "unit": "px",
                                    "top": "0",
                                    "right": "0",
                                    "bottom": "0",
                                    "left": "0",
                                    "isLinked": false
                                },
                                "sections_padding": {
                                    "unit": "px",
                                    "top": "48",
                                    "right": "48",
                                    "bottom": "48",
                                    "left": "48",
                                    "isLinked": true
                                },
                                "sections_title_spacing": {
                                    "unit": "px",
                                    "size": 20,
                                    "sizes": [],
                                    "px": 0
                                },
                                "forms_fields_normal_background_background": "classic",
                                "forms_fields_border_border": "solid",
                                "forms_fields_border_width": {
                                    "unit": "px",
                                    "top": "1",
                                    "right": "1",
                                    "bottom": "1",
                                    "left": "1",
                                    "isLinked": true
                                },
                                "forms_fields_border_radius": {
                                    "unit": "px",
                                    "top": "0",
                                    "right": "0",
                                    "bottom": "0",
                                    "left": "0",
                                    "isLinked": false
                                },
                                "forms_fields_padding": {
                                    "unit": "px",
                                    "top": "14",
                                    "right": "14",
                                    "bottom": "14",
                                    "left": "14",
                                    "isLinked": true
                                },
                                "forms_buttons_normal_background_background": "classic",
                                "forms_buttons_hover_background_background": "classic",
                                "forms_buttons_border_type": "solid",
                                "forms_buttons_border_width": {
                                    "unit": "px",
                                    "top": "1",
                                    "right": "1",
                                    "bottom": "1",
                                    "left": "1",
                                    "isLinked": true
                                },
                                "forms_buttons_border_radius": {
                                    "unit": "px",
                                    "top": "0",
                                    "right": "0",
                                    "bottom": "0",
                                    "left": "0",
                                    "isLinked": false
                                },
                                "order_summary_rows_gap": {
                                    "unit": "px",
                                    "size": 48,
                                    "sizes": [],
                                    "px": 0
                                },
                                "order_summary_title_spacing": {
                                    "unit": "px",
                                    "size": 12,
                                    "sizes": [],
                                    "px": 0
                                },
                                "order_summary_items_divider_weight": {
                                    "unit": "px",
                                    "size": 1,
                                    "sizes": []
                                },
                                "order_summary_quantity_border_weight": {
                                    "unit": "px",
                                    "size": 1,
                                    "sizes": []
                                },
                                "totals_rows_gap": {
                                    "unit": "px",
                                    "size": 32,
                                    "sizes": [],
                                    "px": 0
                                },
                                "totals_divider_weight": {
                                    "unit": "px",
                                    "size": 1,
                                    "sizes": []
                                },
                                "checkout_button_normal_background_background": "classic",
                                "checkout_button_hover_background_background": "classic",
                                "checkout_button_border_border": "solid",
                                "checkout_button_border_width": {
                                    "unit": "px",
                                    "top": "1",
                                    "right": "1",
                                    "bottom": "1",
                                    "left": "1",
                                    "isLinked": true
                                },
                                "checkout_button_border_radius": {
                                    "unit": "px",
                                    "top": "0",
                                    "right": "0",
                                    "bottom": "0",
                                    "left": "0",
                                    "isLinked": false
                                },
                                "__globals__": {
                                    "sections_background_color": "globals\/colors?id=41e718d",
                                    "sections_border_color": "globals\/colors?id=152652f",
                                    "sections_title_color": "globals\/colors?id=secondary",
                                    "sections_titles_typography_typography": "globals\/typography?id=d2be5a1",
                                    "sections_descriptions_color": "globals\/colors?id=text",
                                    "sections_descriptions_typography_typography": "globals\/typography?id=text",
                                    "links_normal_color": "globals\/colors?id=secondary",
                                    "links_hover_color": "globals\/colors?id=primary",
                                    "sections_radio_buttons_color": "globals\/colors?id=text",
                                    "sections_radio_buttons_typography_typography": "globals\/typography?id=text",
                                    "forms_field_typography_typography": "globals\/typography?id=499599d",
                                    "forms_fields_normal_background_color": "globals\/colors?id=accent",
                                    "forms_fields_border_color": "globals\/colors?id=152652f",
                                    "forms_button_typography_typography": "globals\/typography?id=accent",
                                    "forms_buttons_normal_text_color": "globals\/colors?id=secondary",
                                    "forms_buttons_normal_background_color": "globals\/colors?id=primary",
                                    "forms_buttons_border_color": "globals\/colors?id=primary",
                                    "forms_buttons_hover_text_color": "globals\/colors?id=secondary",
                                    "forms_buttons_hover_background_color": "globals\/colors?id=accent",
                                    "order_summary_items_divider_color": "globals\/colors?id=152652f",
                                    "order_summary_title_color": "globals\/colors?id=secondary",
                                    "order_summary_title_typography_typography": "globals\/typography?id=315709c",
                                    "order_summary_color": "globals\/colors?id=text",
                                    "order_summary_items_typography_typography": "globals\/typography?id=text",
                                    "order_summary_variations_color": "globals\/colors?id=cc7bf96",
                                    "order_summary_variations_typography_typography": "globals\/typography?id=499599d",
                                    "product_link_normal_color": "globals\/colors?id=primary",
                                    "product_link_hover_color": "globals\/colors?id=secondary",
                                    "order_summary_quantity_border_color": "globals\/colors?id=152652f",
                                    "order_summary_remove_icon_normal_color": "globals\/colors?id=cc7bf96",
                                    "order_summary_remove_icon_hover_color": "globals\/colors?id=primary",
                                    "totals_color": "globals\/colors?id=secondary",
                                    "totals_typography_typography": "globals\/typography?id=accent",
                                    "totals_divider_color": "globals\/colors?id=152652f",
                                    "checkout_button_typography_typography": "globals\/typography?id=accent",
                                    "checkout_button_normal_text_color": "globals\/colors?id=secondary",
                                    "checkout_button_normal_background_color": "globals\/colors?id=primary",
                                    "checkout_button_border_color": "globals\/colors?id=primary",
                                    "checkout_button_hover_text_color": "globals\/colors?id=secondary",
                                    "checkout_button_hover_background_color": "globals\/colors?id=accent",
                                    "checkout_button_hover_border_color": "globals\/colors?id=primary",
                                    "forms_buttons_hover_border_color": "globals\/colors?id=primary"
                                },
                                "update_cart_button_alignment": "justify",
                                "sections_padding_tablet": {
                                    "unit": "px",
                                    "top": "24",
                                    "right": "24",
                                    "bottom": "24",
                                    "left": "24",
                                    "isLinked": true
                                },
                                "sections_padding_mobile": {
                                    "unit": "px",
                                    "top": "12",
                                    "right": "12",
                                    "bottom": "12",
                                    "left": "12",
                                    "isLinked": true
                                }
                            },
                            "elements": [],
                            "isInner": false,
                            "widgetType": "woocommerce-cart",
                            "elType": "widget"
                        }
                    ],
                    "isInner": false,
                    "elType": "column"
                }
            ],
            "isInner": false,
            "elType": "section"
        },
        {
            "id": "2a1f809f",
            "settings": {
                "gap": "no",
                "background_background": "classic",
                "margin_tablet": {
                    "unit": "px",
                    "top": "",
                    "right": 0,
                    "bottom": "",
                    "left": 0,
                    "isLinked": true
                },
                "padding": {
                    "unit": "px",
                    "top": "80",
                    "right": "0",
                    "bottom": "80",
                    "left": "0",
                    "isLinked": false
                },
                "padding_mobile": {
                    "unit": "px",
                    "top": "60",
                    "right": "8",
                    "bottom": "60",
                    "left": "8",
                    "isLinked": false
                },
                "__globals__": {
                    "background_color": "globals\/colors?id=accent"
                },
                "margin": {
                    "unit": "px",
                    "top": "100",
                    "right": 0,
                    "bottom": "0",
                    "left": 0,
                    "isLinked": false
                }
            },
            "elements": [
                {
                    "id": "282512a3",
                    "settings": {
                        "_column_size": 100,
                        "_inline_size": null,
                        "padding_tablet": {
                            "unit": "px",
                            "top": "0",
                            "right": "40",
                            "bottom": "0",
                            "left": "40",
                            "isLinked": false
                        },
                        "padding_mobile": {
                            "unit": "px",
                            "top": "0",
                            "right": "12",
                            "bottom": "0",
                            "left": "12",
                            "isLinked": false
                        }
                    },
                    "elements": [
                        {
                            "id": "46b17447",
                            "settings": {
                                "title": "Products You May Like",
                                "align": "center",
                                "_margin": {
                                    "unit": "px",
                                    "top": "0",
                                    "right": "0",
                                    "bottom": "40",
                                    "left": "0",
                                    "isLinked": false
                                }
                            },
                            "elements": [],
                            "isInner": false,
                            "widgetType": "heading",
                            "elType": "widget"
                        },
                        {
                            "id": "2eabda1a",
                            "settings": {
                                "columns": "4",
                                "columns_mobile": "2",
                                "posts_per_page": 4,
                                "thumbnail_size_size": "medium_large",
                                "item_ratio": {
                                    "unit": "px",
                                    "size": 1,
                                    "sizes": []
                                },
                                "title_tag": "h4",
                                "posts_post_type": "product",
                                "column_gap": {
                                    "unit": "px",
                                    "size": 20,
                                    "sizes": []
                                },
                                "row_gap": {
                                    "unit": "px",
                                    "size": 20,
                                    "sizes": []
                                },
                                "border_radius": {
                                    "unit": "px",
                                    "top": "0",
                                    "right": "0",
                                    "bottom": "0",
                                    "left": "0",
                                    "isLinked": false
                                },
                                "__globals__": {
                                    "color_background": "globals\/colors?id=primary",
                                    "color_title": "globals\/colors?id=secondary"
                                },
                                "_animation": "fadeInUp"
                            },
                            "elements": [],
                            "isInner": false,
                            "widgetType": "portfolio",
                            "elType": "widget"
                        }
                    ],
                    "isInner": false,
                    "elType": "column"
                }
            ],
            "isInner": false,
            "elType": "section"
        }
    ]
}