{
    "version": "0.4",
    "title": "Checkout",
    "type": "page",
    "metadata": {
        "template_type": "single-page",
        "include_in_zip": "1",
        "elementor_pro_required": "1",
        "wp_page_template": "elementor_header_footer"
    },
    "content": [
        {
            "id": "bd2c255",
            "settings": {
                "content_width": {
                    "unit": "px",
                    "size": 700,
                    "sizes": []
                },
                "gap": "no",
                "custom_height": {
                    "unit": "vh",
                    "size": 100,
                    "sizes": []
                },
                "custom_height_tablet": {
                    "unit": "vh",
                    "size": "",
                    "sizes": []
                },
                "content_position": "middle",
                "background_background": "classic",
                "background_image": {
                    "url": "",
                    "id": "",
                    "size": "",
                    "alt": "happy young team of architects workign at office",
                    "source": "library"
                },
                "background_position": "center center",
                "background_attachment": "fixed",
                "background_repeat": "no-repeat",
                "background_size": "cover",
                "background_overlay_opacity": {
                    "unit": "px",
                    "size": 0.72,
                    "sizes": []
                },
                "overlay_blend_mode": "multiply",
                "margin": {
                    "unit": "px",
                    "top": "0",
                    "right": 0,
                    "bottom": "0",
                    "left": 0,
                    "isLinked": false
                },
                "margin_tablet": {
                    "unit": "px",
                    "top": "0",
                    "right": 0,
                    "bottom": "0",
                    "left": 0,
                    "isLinked": false
                },
                "margin_mobile": {
                    "unit": "px",
                    "top": "0",
                    "right": 0,
                    "bottom": "0",
                    "left": 0,
                    "isLinked": false
                },
                "padding": {
                    "unit": "px",
                    "top": "100",
                    "right": "0",
                    "bottom": "100",
                    "left": "0",
                    "isLinked": false
                },
                "__globals__": {
                    "background_overlay_color": "globals\/colors?id=41e718d",
                    "background_color": "globals\/colors?id=accent"
                },
                "padding_mobile": {
                    "unit": "px",
                    "top": "100",
                    "right": "0",
                    "bottom": "100",
                    "left": "0",
                    "isLinked": false
                }
            },
            "elements": [
                {
                    "id": "7f7a4169",
                    "settings": {
                        "_column_size": 100,
                        "_inline_size": null,
                        "align": "center",
                        "margin_mobile": {
                            "unit": "px",
                            "top": "0",
                            "right": "0",
                            "bottom": "0",
                            "left": "0",
                            "isLinked": false
                        },
                        "padding_mobile": {
                            "unit": "px",
                            "top": "0",
                            "right": "20",
                            "bottom": "0",
                            "left": "20",
                            "isLinked": false
                        }
                    },
                    "elements": [
                        {
                            "id": "de6d349",
                            "settings": {
                                "title": "",
                                "header_size": "h1",
                                "align": "center",
                                "__dynamic__": {
                                    "title": "[elementor-tag id=\"c4c8157\" name=\"page-title\" settings=\"%7B%7D\"]"
                                }
                            },
                            "elements": [],
                            "isInner": false,
                            "widgetType": "heading",
                            "elType": "widget"
                        }
                    ],
                    "isInner": false,
                    "elType": "column"
                }
            ],
            "isInner": false,
            "elType": "section"
        },
        {
            "id": "3ff7320f",
            "settings": {
                "gap": "no",
                "margin": {
                    "unit": "px",
                    "top": "100",
                    "right": 0,
                    "bottom": "0",
                    "left": 0,
                    "isLinked": false
                },
                "padding_tablet": {
                    "unit": "px",
                    "top": "0",
                    "right": "60",
                    "bottom": "0",
                    "left": "60",
                    "isLinked": false
                },
                "padding_mobile": {
                    "unit": "px",
                    "top": "0",
                    "right": "16",
                    "bottom": "0",
                    "left": "16",
                    "isLinked": false
                }
            },
            "elements": [
                {
                    "id": "20ea3bd4",
                    "settings": {
                        "_column_size": 100
                    },
                    "elements": [
                        {
                            "id": "5d712972",
                            "settings": {
                                "returning_customer_section_title": "Returning customer?",
                                "returning_customer_link_text": "Click here to login",
                                "billing_details_section_title": "Billing and Shipping Details",
                                "billing_details_form_fields": [
                                    {
                                        "field_key": "billing_first_name",
                                        "field_label": "First Name",
                                        "label": "First Name",
                                        "placeholder": "First Name",
                                        "_id": "d658480"
                                    },
                                    {
                                        "field_key": "billing_last_name",
                                        "field_label": "Last Name",
                                        "label": "Last Name",
                                        "placeholder": "Last Name",
                                        "_id": "73fbd6e"
                                    },
                                    {
                                        "field_key": "billing_company",
                                        "field_label": "Company Name",
                                        "label": "Company Name",
                                        "placeholder": "Company Name",
                                        "_id": "6354778"
                                    },
                                    {
                                        "field_key": "billing_country",
                                        "field_label": "Country \/ Region",
                                        "label": "Country \/ Region",
                                        "placeholder": "Country \/ Region",
                                        "repeater_state": "locale",
                                        "_id": "c9777fb"
                                    },
                                    {
                                        "field_key": "billing_address_1",
                                        "field_label": "Street Address",
                                        "label": "Street Address",
                                        "placeholder": "Street Address",
                                        "repeater_state": "locale",
                                        "_id": "f221d8b"
                                    },
                                    {
                                        "field_key": "billing_postcode",
                                        "field_label": "Post Code",
                                        "label": "Post Code",
                                        "placeholder": "Post Code",
                                        "repeater_state": "locale",
                                        "_id": "ea2237a"
                                    },
                                    {
                                        "field_key": "billing_city",
                                        "field_label": "Town \/ City",
                                        "label": "Town \/ City",
                                        "placeholder": "Town \/ City",
                                        "repeater_state": "locale",
                                        "_id": "89d6e72"
                                    },
                                    {
                                        "field_key": "billing_state",
                                        "field_label": "State",
                                        "label": "State",
                                        "placeholder": "State",
                                        "repeater_state": "locale",
                                        "_id": "0bf662d"
                                    },
                                    {
                                        "field_key": "billing_phone",
                                        "field_label": "Phone",
                                        "label": "Phone",
                                        "placeholder": "Phone",
                                        "_id": "381a377"
                                    },
                                    {
                                        "field_key": "billing_email",
                                        "field_label": "Email Address",
                                        "label": "Email Address",
                                        "placeholder": "Email Address",
                                        "_id": "ee886db"
                                    }
                                ],
                                "additional_information_section_title": "Additional Information",
                                "additional_information_form_fields": [
                                    {
                                        "field_key": "order_comments",
                                        "field_label": "Order Notes",
                                        "label": "Order Notes",
                                        "placeholder": "Notes about your order, e.g. special notes for delivery.",
                                        "_id": "6a3f817"
                                    }
                                ],
                                "create_account_text": "Create an account?",
                                "order_summary_section_title": "Your Order",
                                "coupon_section_title_text": "Have a coupon?",
                                "coupon_section_title_link_text": "Click here to enter your coupon code",
                                "terms_conditions_message_text": "I have read and agree to the website",
                                "terms_conditions_link_text": "terms and conditions",
                                "purchase_button_alignment": "justify",
                                "sections_background_color": "#020205",
                                "sections_border_type": "dotted",
                                "sections_border_width": {
                                    "unit": "px",
                                    "top": "1",
                                    "right": "1",
                                    "bottom": "1",
                                    "left": "1",
                                    "isLinked": true
                                },
                                "sections_border_color": "#FFFFFF45",
                                "sections_border_radius": {
                                    "unit": "px",
                                    "top": "0",
                                    "right": "0",
                                    "bottom": "-1",
                                    "left": "0",
                                    "isLinked": false
                                },
                                "sections_title_color": "#FFFFFF",
                                "sections_titles_typography_typography": "custom",
                                "sections_titles_typography_font_size": {
                                    "unit": "px",
                                    "size": 16,
                                    "sizes": []
                                },
                                "sections_titles_typography_font_weight": "700",
                                "sections_titles_typography_line_height": {
                                    "unit": "em",
                                    "size": 1.4,
                                    "sizes": []
                                },
                                "sections_title_spacing": {
                                    "unit": "px",
                                    "size": 24,
                                    "sizes": [],
                                    "px": 0
                                },
                                "sections_secondary_title_color": "#FFFFFF",
                                "sections_secondary_titles_typography_typography": "custom",
                                "sections_secondary_titles_typography_font_family": "Be Vietnam Pro",
                                "sections_secondary_titles_typography_font_size": {
                                    "unit": "px",
                                    "size": 15,
                                    "sizes": []
                                },
                                "sections_secondary_titles_typography_font_weight": "400",
                                "sections_secondary_titles_typography_line_height": {
                                    "unit": "em",
                                    "size": 1.6,
                                    "sizes": []
                                },
                                "sections_secondary_title_spacing": {
                                    "unit": "px",
                                    "size": 16,
                                    "sizes": [],
                                    "px": 0
                                },
                                "sections_descriptions_color": "#FFFFFFC2",
                                "sections_descriptions_typography_typography": "custom",
                                "sections_descriptions_typography_font_family": "Be Vietnam Pro",
                                "sections_descriptions_typography_font_size": {
                                    "unit": "px",
                                    "size": 15,
                                    "sizes": []
                                },
                                "sections_descriptions_typography_font_weight": "400",
                                "sections_descriptions_typography_line_height": {
                                    "unit": "em",
                                    "size": 1.6,
                                    "sizes": []
                                },
                                "sections_descriptions_spacing": {
                                    "unit": "px",
                                    "size": 8,
                                    "sizes": [],
                                    "px": 0
                                },
                                "sections_messages_color": "#FFFFFFC2",
                                "sections_messages_typography_typography": "custom",
                                "sections_messages_typography_font_family": "Be Vietnam Pro",
                                "sections_messages_typography_font_size": {
                                    "unit": "px",
                                    "size": 13,
                                    "sizes": []
                                },
                                "sections_messages_typography_font_weight": "400",
                                "sections_messages_typography_line_height": {
                                    "unit": "em",
                                    "size": 1.4,
                                    "sizes": []
                                },
                                "sections_checkboxes_color": "#FFFFFFC2",
                                "sections_checkboxes_typography_typography": "custom",
                                "sections_checkboxes_typography_font_family": "Be Vietnam Pro",
                                "sections_checkboxes_typography_font_size": {
                                    "unit": "px",
                                    "size": 13,
                                    "sizes": []
                                },
                                "sections_checkboxes_typography_font_weight": "400",
                                "sections_checkboxes_typography_line_height": {
                                    "unit": "em",
                                    "size": 1.4,
                                    "sizes": []
                                },
                                "sections_radio_buttons_color": "#FFFFFFC2",
                                "sections_radio_buttons_typography_typography": "custom",
                                "sections_radio_buttons_typography_font_family": "Be Vietnam Pro",
                                "sections_radio_buttons_typography_font_size": {
                                    "unit": "px",
                                    "size": 13,
                                    "sizes": []
                                },
                                "sections_radio_buttons_typography_font_weight": "400",
                                "sections_radio_buttons_typography_line_height": {
                                    "unit": "em",
                                    "size": 1.4,
                                    "sizes": []
                                },
                                "links_normal_color": "#EC3737",
                                "links_hover_color": "#FFFFFF",
                                "forms_rows_gap": {
                                    "unit": "px",
                                    "size": 24,
                                    "sizes": [],
                                    "px": 0
                                },
                                "forms_label_color": "#FFFFFFC2",
                                "forms_label_typography_typography": "custom",
                                "forms_label_typography_font_family": "Be Vietnam Pro",
                                "forms_label_typography_font_size": {
                                    "unit": "px",
                                    "size": 12,
                                    "sizes": []
                                },
                                "forms_label_typography_font_weight": "700",
                                "forms_label_typography_text_transform": "uppercase",
                                "forms_label_typography_font_style": "normal",
                                "forms_label_typography_text_decoration": "none",
                                "forms_label_typography_line_height": {
                                    "unit": "em",
                                    "size": 1.3,
                                    "sizes": []
                                },
                                "forms_label_typography_letter_spacing": {
                                    "unit": "px",
                                    "size": 0.2,
                                    "sizes": []
                                },
                                "forms_label_typography_word_spacing": {
                                    "unit": "px",
                                    "size": "",
                                    "sizes": []
                                },
                                "forms_label_spacing": {
                                    "unit": "px",
                                    "size": 8,
                                    "sizes": [],
                                    "px": 0
                                },
                                "forms_field_typography_typography": "custom",
                                "forms_field_typography_font_family": "Be Vietnam Pro",
                                "forms_field_typography_font_size": {
                                    "unit": "px",
                                    "size": 15,
                                    "sizes": []
                                },
                                "forms_field_typography_font_weight": "400",
                                "forms_field_typography_line_height": {
                                    "unit": "em",
                                    "size": 1.6,
                                    "sizes": []
                                },
                                "forms_fields_normal_color": "#FFFFFFC2",
                                "forms_fields_normal_background_background": "classic",
                                "forms_fields_normal_background_color": "#15171E",
                                "forms_fields_focus_color": "#FFFFFFC2",
                                "forms_fields_focus_background_background": "classic",
                                "forms_fields_focus_background_color": "#15171E",
                                "forms_fields_border_border": "solid",
                                "forms_fields_border_radius": {
                                    "unit": "px",
                                    "top": "0",
                                    "right": "0",
                                    "bottom": "0",
                                    "left": "0",
                                    "isLinked": false
                                },
                                "forms_button_typography_typography": "custom",
                                "forms_button_typography_font_family": "Be Vietnam Pro",
                                "forms_button_typography_font_size": {
                                    "unit": "px",
                                    "size": 12,
                                    "sizes": []
                                },
                                "forms_button_typography_font_weight": "700",
                                "forms_button_typography_text_transform": "uppercase",
                                "forms_button_typography_font_style": "normal",
                                "forms_button_typography_text_decoration": "none",
                                "forms_button_typography_line_height": {
                                    "unit": "em",
                                    "size": 1.3,
                                    "sizes": []
                                },
                                "forms_button_typography_letter_spacing": {
                                    "unit": "px",
                                    "size": 0.2,
                                    "sizes": []
                                },
                                "forms_button_typography_word_spacing": {
                                    "unit": "px",
                                    "size": "",
                                    "sizes": []
                                },
                                "forms_buttons_normal_text_color": "#FFFFFF",
                                "forms_buttons_normal_background_background": "classic",
                                "forms_buttons_normal_background_color": "#EC3737",
                                "forms_buttons_hover_text_color": "#FFFFFF",
                                "forms_buttons_hover_background_background": "classic",
                                "forms_buttons_hover_background_color": "#15171E",
                                "forms_buttons_hover_border_color": "#EC3737",
                                "forms_buttons_border_type": "solid",
                                "forms_buttons_border_width": {
                                    "unit": "px",
                                    "top": "1",
                                    "right": "1",
                                    "bottom": "1",
                                    "left": "1",
                                    "isLinked": true
                                },
                                "forms_buttons_border_color": "#EC3737",
                                "forms_buttons_border_radius": {
                                    "unit": "px",
                                    "top": "0",
                                    "right": "0",
                                    "bottom": "0",
                                    "left": "0",
                                    "isLinked": false
                                },
                                "order_summary_rows_gap": {
                                    "unit": "px",
                                    "size": 32,
                                    "sizes": [],
                                    "px": 0
                                },
                                "order_summary_items_color": "#FFFFFFC2",
                                "order_summary_items_typography_typography": "custom",
                                "order_summary_items_typography_font_family": "Be Vietnam Pro",
                                "order_summary_items_typography_font_size": {
                                    "unit": "px",
                                    "size": 15,
                                    "sizes": []
                                },
                                "order_summary_items_typography_font_weight": "400",
                                "order_summary_items_typography_line_height": {
                                    "unit": "em",
                                    "size": 1.6,
                                    "sizes": []
                                },
                                "order_summary_items_divider_weight": {
                                    "unit": "px",
                                    "size": 1,
                                    "sizes": []
                                },
                                "__globals__": {
                                    "sections_background_color": "globals\/colors?id=41e718d",
                                    "sections_border_color": "globals\/colors?id=152652f",
                                    "forms_fields_normal_background_color": "globals\/colors?id=accent",
                                    "sections_title_color": "globals\/colors?id=secondary",
                                    "sections_titles_typography_typography": "globals\/typography?id=01e3d1c",
                                    "sections_secondary_title_color": "globals\/colors?id=secondary",
                                    "sections_secondary_titles_typography_typography": "globals\/typography?id=text",
                                    "sections_descriptions_color": "globals\/colors?id=text",
                                    "sections_descriptions_typography_typography": "globals\/typography?id=text",
                                    "sections_messages_color": "globals\/colors?id=text",
                                    "sections_messages_typography_typography": "globals\/typography?id=499599d",
                                    "sections_checkboxes_color": "globals\/colors?id=text",
                                    "sections_checkboxes_typography_typography": "globals\/typography?id=499599d",
                                    "sections_radio_buttons_color": "globals\/colors?id=text",
                                    "sections_radio_buttons_typography_typography": "globals\/typography?id=499599d",
                                    "links_normal_color": "globals\/colors?id=primary",
                                    "links_hover_color": "globals\/colors?id=secondary",
                                    "forms_label_color": "globals\/colors?id=text",
                                    "forms_label_typography_typography": "globals\/typography?id=accent",
                                    "forms_field_typography_typography": "globals\/typography?id=text",
                                    "forms_fields_normal_color": "globals\/colors?id=text",
                                    "forms_fields_focus_color": "globals\/colors?id=text",
                                    "forms_fields_focus_background_color": "globals\/colors?id=accent",
                                    "forms_button_typography_typography": "globals\/typography?id=accent",
                                    "forms_buttons_normal_text_color": "globals\/colors?id=secondary",
                                    "forms_buttons_normal_background_color": "globals\/colors?id=primary",
                                    "forms_buttons_border_color": "globals\/colors?id=primary",
                                    "forms_buttons_hover_text_color": "globals\/colors?id=secondary",
                                    "forms_buttons_hover_background_color": "globals\/colors?id=accent",
                                    "forms_buttons_hover_border_color": "globals\/colors?id=primary",
                                    "order_summary_items_color": "globals\/colors?id=text",
                                    "order_summary_items_typography_typography": "globals\/typography?id=text",
                                    "order_summary_totals_color": "globals\/colors?id=secondary",
                                    "order_summary_variations_color": "globals\/colors?id=cc7bf96",
                                    "order_summary_variations_typography_typography": "globals\/typography?id=499599d",
                                    "order_summary_items_divider_color": "globals\/colors?id=152652f",
                                    "order_summary_totals_typography_typography": "globals\/typography?id=accent",
                                    "order_summary_totals_divider_color": "globals\/colors?id=152652f",
                                    "purchase_button_typography_typography": "globals\/typography?id=accent",
                                    "purchase_button_normal_text_color": "globals\/colors?id=secondary",
                                    "purchase_button_normal_background_color": "globals\/colors?id=primary",
                                    "purchase_button_border_color": "globals\/colors?id=primary",
                                    "purchase_button_hover_text_color": "globals\/colors?id=secondary",
                                    "purchase_button_hover_background_color": "globals\/colors?id=accent",
                                    "purchase_button_hover_border_color": "globals\/colors?id=primary",
                                    "customize_payment_background_color": "globals\/colors?id=accent",
                                    "payment_info_box_title_background_color": "globals\/colors?id=41e718d",
                                    "customize_returning_customer_background_color": "",
                                    "forms_fields_border_color": "globals\/colors?id=152652f"
                                },
                                "sections_padding": {
                                    "unit": "px",
                                    "top": "40",
                                    "right": "40",
                                    "bottom": "40",
                                    "left": "40",
                                    "isLinked": true
                                },
                                "order_summary_variations_color": "#FFFFFF94",
                                "order_summary_variations_typography_typography": "custom",
                                "order_summary_variations_typography_font_family": "Be Vietnam Pro",
                                "order_summary_variations_typography_font_size": {
                                    "unit": "px",
                                    "size": 13,
                                    "sizes": []
                                },
                                "order_summary_variations_typography_font_weight": "400",
                                "order_summary_variations_typography_line_height": {
                                    "unit": "em",
                                    "size": 1.4,
                                    "sizes": []
                                },
                                "order_summary_items_divider_color": "#FFFFFF45",
                                "order_summary_totals_color": "#FFFFFF",
                                "order_summary_totals_typography_typography": "custom",
                                "order_summary_totals_typography_font_family": "Be Vietnam Pro",
                                "order_summary_totals_typography_font_size": {
                                    "unit": "px",
                                    "size": 12,
                                    "sizes": []
                                },
                                "order_summary_totals_typography_font_weight": "700",
                                "order_summary_totals_typography_text_transform": "uppercase",
                                "order_summary_totals_typography_font_style": "normal",
                                "order_summary_totals_typography_text_decoration": "none",
                                "order_summary_totals_typography_line_height": {
                                    "unit": "em",
                                    "size": 1.3,
                                    "sizes": []
                                },
                                "order_summary_totals_typography_letter_spacing": {
                                    "unit": "px",
                                    "size": 0.2,
                                    "sizes": []
                                },
                                "order_summary_totals_typography_word_spacing": {
                                    "unit": "px",
                                    "size": "",
                                    "sizes": []
                                },
                                "order_summary_totals_divider_color": "#FFFFFF45",
                                "order_summary_totals_divider_weight": {
                                    "unit": "px",
                                    "size": 2,
                                    "sizes": []
                                },
                                "purchase_button_typography_typography": "custom",
                                "purchase_button_typography_font_family": "Be Vietnam Pro",
                                "purchase_button_typography_font_size": {
                                    "unit": "px",
                                    "size": 12,
                                    "sizes": []
                                },
                                "purchase_button_typography_font_weight": "700",
                                "purchase_button_typography_text_transform": "uppercase",
                                "purchase_button_typography_font_style": "normal",
                                "purchase_button_typography_text_decoration": "none",
                                "purchase_button_typography_line_height": {
                                    "unit": "em",
                                    "size": 1.3,
                                    "sizes": []
                                },
                                "purchase_button_typography_letter_spacing": {
                                    "unit": "px",
                                    "size": 0.2,
                                    "sizes": []
                                },
                                "purchase_button_typography_word_spacing": {
                                    "unit": "px",
                                    "size": "",
                                    "sizes": []
                                },
                                "purchase_button_normal_text_color": "#FFFFFF",
                                "purchase_button_normal_background_background": "classic",
                                "purchase_button_normal_background_color": "#EC3737",
                                "purchase_button_hover_text_color": "#FFFFFF",
                                "purchase_button_hover_background_background": "classic",
                                "purchase_button_hover_background_color": "#15171E",
                                "purchase_button_hover_border_color": "#EC3737",
                                "purchase_button_border_border": "solid",
                                "purchase_button_border_width": {
                                    "unit": "px",
                                    "top": "1",
                                    "right": "1",
                                    "bottom": "1",
                                    "left": "1",
                                    "isLinked": true
                                },
                                "purchase_button_border_color": "#EC3737",
                                "purchase_button_border_radius": {
                                    "unit": "px",
                                    "top": "0",
                                    "right": "0",
                                    "bottom": "0",
                                    "left": "0",
                                    "isLinked": false
                                },
                                "purchase_button_padding": {
                                    "unit": "px",
                                    "top": "16",
                                    "right": "20",
                                    "bottom": "16",
                                    "left": "20",
                                    "isLinked": false
                                },
                                "section_checkout_show_customize_elements": [],
                                "customize_payment_background_color": "#15171E",
                                "payment_border_radius": {
                                    "unit": "px",
                                    "top": "0",
                                    "right": "0",
                                    "bottom": "0",
                                    "left": "0",
                                    "isLinked": false
                                },
                                "payment_info_box_title_background_background": "classic",
                                "payment_info_box_title_background_color": "#020205",
                                "login_button_alignment": "justify",
                                "login_button_alignment_tablet": "justify",
                                "coupon_button_alignment": "justify",
                                "coupon_button_alignment_tablet": "justify",
                                "sections_padding_mobile": {
                                    "unit": "px",
                                    "top": "20",
                                    "right": "20",
                                    "bottom": "20",
                                    "left": "20",
                                    "isLinked": true
                                },
                                "forms_fields_border_width": {
                                    "unit": "px",
                                    "top": "1",
                                    "right": "1",
                                    "bottom": "1",
                                    "left": "1",
                                    "isLinked": true
                                }
                            },
                            "elements": [],
                            "isInner": false,
                            "widgetType": "woocommerce-checkout-page",
                            "elType": "widget"
                        }
                    ],
                    "isInner": false,
                    "elType": "column"
                }
            ],
            "isInner": false,
            "elType": "section"
        }
    ]
}