{
    "version": "0.4",
    "title": "Contact Us 1",
    "type": "page",
    "metadata": {
        "template_type": "single-page",
        "include_in_zip": "1",
        "elementor_pro_required": "1",
        "wp_page_template": "elementor_header_footer"
    },
    "content": [
        {
            "id": "16babe31",
            "settings": {
                "gap": "no",
                "custom_height": {
                    "unit": "vh",
                    "size": 100,
                    "sizes": []
                },
                "custom_height_tablet": {
                    "unit": "vh",
                    "size": "",
                    "sizes": []
                },
                "content_position": "middle",
                "background_background": "classic",
                "background_image": {
                    "url": "https:\/\/www.xable.oxacor.com\/wp-content\/uploads\/programmers-cooperating-brainstorming-at-information-technology-company-2.jpg",
                    "id": 1281,
                    "size": "",
                    "alt": "Programmers cooperating brainstorming at information technology company",
                    "source": "library"
                },
                "background_position": "center center",
                "background_attachment": "fixed",
                "background_repeat": "no-repeat",
                "background_size": "cover",
                "background_overlay_background": "classic",
                "background_overlay_opacity": {
                    "unit": "px",
                    "size": 0.72,
                    "sizes": []
                },
                "overlay_blend_mode": "multiply",
                "margin": {
                    "unit": "px",
                    "top": "-124",
                    "right": 0,
                    "bottom": "0",
                    "left": 0,
                    "isLinked": false
                },
                "margin_tablet": {
                    "unit": "px",
                    "top": "",
                    "right": 0,
                    "bottom": "",
                    "left": 0,
                    "isLinked": true
                },
                "margin_mobile": {
                    "unit": "px",
                    "top": "-90",
                    "right": 0,
                    "bottom": "0",
                    "left": 0,
                    "isLinked": false
                },
                "padding": {
                    "unit": "px",
                    "top": "248",
                    "right": "0",
                    "bottom": "220",
                    "left": "0",
                    "isLinked": false
                },
                "__globals__": {
                    "background_overlay_color": "globals\/colors?id=41e718d"
                },
                "padding_mobile": {
                    "unit": "px",
                    "top": "180",
                    "right": "0",
                    "bottom": "200",
                    "left": "0",
                    "isLinked": false
                },
                "content_width": {
                    "unit": "px",
                    "size": 700,
                    "sizes": []
                }
            },
            "elements": [
                {
                    "id": "38b9b845",
                    "settings": {
                        "_column_size": 100,
                        "_inline_size": null,
                        "align": "center",
                        "margin_mobile": {
                            "unit": "px",
                            "top": "0",
                            "right": "0",
                            "bottom": "0",
                            "left": "0",
                            "isLinked": false
                        },
                        "padding_mobile": {
                            "unit": "px",
                            "top": "0",
                            "right": "20",
                            "bottom": "0",
                            "left": "20",
                            "isLinked": false
                        },
                        "padding_tablet": {
                            "unit": "px",
                            "top": "0",
                            "right": "28",
                            "bottom": "0",
                            "left": "28",
                            "isLinked": false
                        }
                    },
                    "elements": [
                        {
                            "id": "3c7f4e6c",
                            "settings": {
                                "view": "inline",
                                "icon_list": [
                                    {
                                        "text": "Contact",
                                        "selected_icon": {
                                            "value": "fas fa-circle-notch",
                                            "library": "fa-solid"
                                        },
                                        "_id": "90e9d07"
                                    }
                                ],
                                "space_between": {
                                    "unit": "px",
                                    "size": 0,
                                    "sizes": []
                                },
                                "icon_align": "center",
                                "icon_color": "#ED1C25",
                                "icon_size": {
                                    "unit": "px",
                                    "size": 16,
                                    "sizes": []
                                },
                                "text_color": "#FFFFFF",
                                "text_indent": {
                                    "unit": "px",
                                    "size": 4,
                                    "sizes": []
                                },
                                "_margin": {
                                    "unit": "px",
                                    "top": "0",
                                    "right": "0",
                                    "bottom": "32",
                                    "left": "0",
                                    "isLinked": false
                                },
                                "__globals__": {
                                    "icon_color": "globals\/colors?id=primary",
                                    "icon_typography_typography": "globals\/typography?id=315709c",
                                    "text_color": "globals\/colors?id=secondary"
                                },
                                "space_between_mobile": {
                                    "unit": "px",
                                    "size": 24,
                                    "sizes": []
                                }
                            },
                            "elements": [],
                            "isInner": false,
                            "widgetType": "icon-list",
                            "elType": "widget"
                        },
                        {
                            "id": "4a1ca4d7",
                            "settings": {
                                "title": "Let's Start Something Great Together",
                                "header_size": "h1",
                                "align": "center"
                            },
                            "elements": [],
                            "isInner": false,
                            "widgetType": "heading",
                            "elType": "widget"
                        }
                    ],
                    "isInner": false,
                    "elType": "column"
                }
            ],
            "isInner": false,
            "elType": "section"
        },
        {
            "id": "611e5995",
            "settings": {
                "gap": "no",
                "margin": {
                    "unit": "px",
                    "top": "-96",
                    "right": 0,
                    "bottom": "0",
                    "left": 0,
                    "isLinked": false
                },
                "padding_tablet": {
                    "unit": "px",
                    "top": "0",
                    "right": "40",
                    "bottom": "0",
                    "left": "40",
                    "isLinked": false
                },
                "padding_mobile": {
                    "unit": "px",
                    "top": "0",
                    "right": "28",
                    "bottom": "0",
                    "left": "28",
                    "isLinked": false
                }
            },
            "elements": [
                {
                    "id": "347f36d5",
                    "settings": {
                        "_column_size": 100,
                        "_inline_size": null,
                        "align": "space-between"
                    },
                    "elements": [
                        {
                            "id": "a16e42a",
                            "settings": {
                                "image": {
                                    "url": "https:\/\/www.xable.oxacor.com\/wp-content\/uploads\/phone-call.png",
                                    "id": 6074,
                                    "size": "",
                                    "alt": "",
                                    "source": "library"
                                },
                                "title_text": "+1 (123) 456 7890",
                                "description_text": "Phone Number",
                                "title_size": "h4",
                                "image_space": {
                                    "unit": "px",
                                    "size": 20,
                                    "sizes": []
                                },
                                "image_size": {
                                    "unit": "%",
                                    "size": 20,
                                    "sizes": []
                                },
                                "text_align": "center",
                                "title_bottom_space": {
                                    "unit": "px",
                                    "size": 12,
                                    "sizes": []
                                },
                                "_padding": {
                                    "unit": "px",
                                    "top": "32",
                                    "right": "20",
                                    "bottom": "32",
                                    "left": "20",
                                    "isLinked": false
                                },
                                "_element_width": "initial",
                                "_element_custom_width": {
                                    "unit": "%",
                                    "size": 24,
                                    "sizes": []
                                },
                                "_border_border": "solid",
                                "_border_width": {
                                    "unit": "px",
                                    "top": "1",
                                    "right": "1",
                                    "bottom": "1",
                                    "left": "1",
                                    "isLinked": true
                                },
                                "__globals__": {
                                    "title_color": "",
                                    "title_typography_typography": "",
                                    "description_typography_typography": "globals\/typography?id=accent",
                                    "description_color": "globals\/colors?id=cc7bf96",
                                    "_border_color": "globals\/colors?id=152652f",
                                    "_background_color": "globals\/colors?id=accent"
                                },
                                "_background_background": "classic",
                                "title_typography_font_size": {
                                    "unit": "px",
                                    "size": 16,
                                    "sizes": []
                                },
                                "title_typography_font_weight": "700",
                                "title_typography_line_height": {
                                    "unit": "em",
                                    "size": 1.4,
                                    "sizes": []
                                },
                                "description_color": "#FFFFFFC2",
                                "description_typography_typography": "custom",
                                "description_typography_font_family": "Be Vietnam Pro",
                                "description_typography_font_size": {
                                    "unit": "px",
                                    "size": 12,
                                    "sizes": []
                                },
                                "description_typography_font_weight": "700",
                                "description_typography_text_transform": "uppercase",
                                "description_typography_font_style": "normal",
                                "description_typography_text_decoration": "none",
                                "description_typography_line_height": {
                                    "unit": "em",
                                    "size": 1.3,
                                    "sizes": []
                                },
                                "description_typography_letter_spacing": {
                                    "unit": "px",
                                    "size": 0.2,
                                    "sizes": []
                                },
                                "description_typography_word_spacing": {
                                    "unit": "px",
                                    "size": "",
                                    "sizes": []
                                },
                                "_background_color": "#15171E",
                                "_border_color": "#FFFFFF45",
                                "image_size_tablet": {
                                    "unit": "%",
                                    "size": 16,
                                    "sizes": []
                                },
                                "_element_width_mobile": "inherit",
                                "_element_custom_width_tablet": {
                                    "unit": "%",
                                    "size": 48,
                                    "sizes": []
                                },
                                "_element_custom_width_mobile": {
                                    "unit": "%",
                                    "size": "",
                                    "sizes": []
                                },
                                "_animation": "fadeInUp",
                                "_animation_delay": 100
                            },
                            "elements": [],
                            "isInner": false,
                            "widgetType": "image-box",
                            "elType": "widget"
                        },
                        {
                            "id": "34dcd71d",
                            "settings": {
                                "image": {
                                    "url": "https:\/\/www.xable.oxacor.com\/wp-content\/uploads\/email.png",
                                    "id": 6075,
                                    "size": "",
                                    "alt": "",
                                    "source": "library"
                                },
                                "title_text": "info@example.com",
                                "description_text": "Email Address",
                                "title_size": "h4",
                                "image_space": {
                                    "unit": "px",
                                    "size": 20,
                                    "sizes": []
                                },
                                "image_size": {
                                    "unit": "%",
                                    "size": 20,
                                    "sizes": []
                                },
                                "text_align": "center",
                                "title_bottom_space": {
                                    "unit": "px",
                                    "size": 12,
                                    "sizes": []
                                },
                                "_padding": {
                                    "unit": "px",
                                    "top": "32",
                                    "right": "20",
                                    "bottom": "32",
                                    "left": "20",
                                    "isLinked": false
                                },
                                "_element_width": "initial",
                                "_element_custom_width": {
                                    "unit": "%",
                                    "size": 24,
                                    "sizes": []
                                },
                                "_border_border": "solid",
                                "_border_width": {
                                    "unit": "px",
                                    "top": "1",
                                    "right": "1",
                                    "bottom": "1",
                                    "left": "1",
                                    "isLinked": true
                                },
                                "__globals__": {
                                    "title_color": "",
                                    "title_typography_typography": "",
                                    "description_typography_typography": "globals\/typography?id=accent",
                                    "description_color": "globals\/colors?id=cc7bf96",
                                    "_border_color": "globals\/colors?id=152652f",
                                    "_background_color": "globals\/colors?id=accent"
                                },
                                "_background_background": "classic",
                                "title_typography_font_size": {
                                    "unit": "px",
                                    "size": 16,
                                    "sizes": []
                                },
                                "title_typography_font_weight": "700",
                                "title_typography_line_height": {
                                    "unit": "em",
                                    "size": 1.4,
                                    "sizes": []
                                },
                                "description_color": "#FFFFFFC2",
                                "description_typography_typography": "custom",
                                "description_typography_font_family": "Be Vietnam Pro",
                                "description_typography_font_size": {
                                    "unit": "px",
                                    "size": 12,
                                    "sizes": []
                                },
                                "description_typography_font_weight": "700",
                                "description_typography_text_transform": "uppercase",
                                "description_typography_font_style": "normal",
                                "description_typography_text_decoration": "none",
                                "description_typography_line_height": {
                                    "unit": "em",
                                    "size": 1.3,
                                    "sizes": []
                                },
                                "description_typography_letter_spacing": {
                                    "unit": "px",
                                    "size": 0.2,
                                    "sizes": []
                                },
                                "description_typography_word_spacing": {
                                    "unit": "px",
                                    "size": "",
                                    "sizes": []
                                },
                                "_background_color": "#15171E",
                                "_border_color": "#FFFFFF45",
                                "image_size_tablet": {
                                    "unit": "%",
                                    "size": 16,
                                    "sizes": []
                                },
                                "_margin_mobile": {
                                    "unit": "px",
                                    "top": "24",
                                    "right": "0",
                                    "bottom": "0",
                                    "left": "0",
                                    "isLinked": false
                                },
                                "_element_width_mobile": "inherit",
                                "_element_custom_width_tablet": {
                                    "unit": "%",
                                    "size": 48,
                                    "sizes": []
                                },
                                "_element_custom_width_mobile": {
                                    "unit": "%",
                                    "size": "",
                                    "sizes": []
                                },
                                "_animation": "fadeInUp",
                                "animation_duration": "slow",
                                "_animation_delay": 200
                            },
                            "elements": [],
                            "isInner": false,
                            "widgetType": "image-box",
                            "elType": "widget"
                        },
                        {
                            "id": "6689aee8",
                            "settings": {
                                "image": {
                                    "url": "https:\/\/www.xable.oxacor.com\/wp-content\/uploads\/event.png",
                                    "id": 1982,
                                    "size": "",
                                    "alt": "",
                                    "source": "library"
                                },
                                "title_text": "Mon - Fri: 9:00am - 7:00pm",
                                "description_text": "Business Hour",
                                "title_size": "h4",
                                "image_space": {
                                    "unit": "px",
                                    "size": 19,
                                    "sizes": []
                                },
                                "image_size": {
                                    "unit": "%",
                                    "size": 20,
                                    "sizes": []
                                },
                                "text_align": "center",
                                "title_bottom_space": {
                                    "unit": "px",
                                    "size": 12,
                                    "sizes": []
                                },
                                "_padding": {
                                    "unit": "px",
                                    "top": "32",
                                    "right": "20",
                                    "bottom": "32",
                                    "left": "20",
                                    "isLinked": false
                                },
                                "_element_width": "initial",
                                "_element_custom_width": {
                                    "unit": "%",
                                    "size": 24,
                                    "sizes": []
                                },
                                "_border_border": "solid",
                                "_border_width": {
                                    "unit": "px",
                                    "top": "1",
                                    "right": "1",
                                    "bottom": "1",
                                    "left": "1",
                                    "isLinked": true
                                },
                                "__globals__": {
                                    "title_color": "",
                                    "title_typography_typography": "",
                                    "description_typography_typography": "globals\/typography?id=accent",
                                    "description_color": "globals\/colors?id=cc7bf96",
                                    "_border_color": "globals\/colors?id=152652f",
                                    "_background_color": "globals\/colors?id=accent"
                                },
                                "_background_background": "classic",
                                "title_typography_font_size": {
                                    "unit": "px",
                                    "size": 16,
                                    "sizes": []
                                },
                                "title_typography_font_weight": "700",
                                "title_typography_line_height": {
                                    "unit": "em",
                                    "size": 1.4,
                                    "sizes": []
                                },
                                "description_color": "#FFFFFFC2",
                                "description_typography_typography": "custom",
                                "description_typography_font_family": "Be Vietnam Pro",
                                "description_typography_font_size": {
                                    "unit": "px",
                                    "size": 12,
                                    "sizes": []
                                },
                                "description_typography_font_weight": "700",
                                "description_typography_text_transform": "uppercase",
                                "description_typography_font_style": "normal",
                                "description_typography_text_decoration": "none",
                                "description_typography_line_height": {
                                    "unit": "em",
                                    "size": 1.3,
                                    "sizes": []
                                },
                                "description_typography_letter_spacing": {
                                    "unit": "px",
                                    "size": 0.2,
                                    "sizes": []
                                },
                                "description_typography_word_spacing": {
                                    "unit": "px",
                                    "size": "",
                                    "sizes": []
                                },
                                "_background_color": "#15171E",
                                "_border_color": "#FFFFFF45",
                                "image_size_tablet": {
                                    "unit": "%",
                                    "size": 16,
                                    "sizes": []
                                },
                                "_margin_tablet": {
                                    "unit": "px",
                                    "top": "24",
                                    "right": "0",
                                    "bottom": "0",
                                    "left": "0",
                                    "isLinked": false
                                },
                                "_element_width_mobile": "inherit",
                                "_element_custom_width_tablet": {
                                    "unit": "%",
                                    "size": 48,
                                    "sizes": []
                                },
                                "_element_custom_width_mobile": {
                                    "unit": "%",
                                    "size": "",
                                    "sizes": []
                                },
                                "_animation": "fadeInUp",
                                "_animation_delay": 400
                            },
                            "elements": [],
                            "isInner": false,
                            "widgetType": "image-box",
                            "elType": "widget"
                        },
                        {
                            "id": "88b6b06",
                            "settings": {
                                "image": {
                                    "url": "https:\/\/www.xable.oxacor.com\/wp-content\/uploads\/placeholder.png",
                                    "id": 1981,
                                    "size": "",
                                    "alt": "",
                                    "source": "library"
                                },
                                "title_text": "123, King Street, NY",
                                "description_text": "Office Address",
                                "title_size": "h4",
                                "image_space": {
                                    "unit": "px",
                                    "size": 20,
                                    "sizes": []
                                },
                                "image_size": {
                                    "unit": "%",
                                    "size": 20,
                                    "sizes": []
                                },
                                "text_align": "center",
                                "title_bottom_space": {
                                    "unit": "px",
                                    "size": 12,
                                    "sizes": []
                                },
                                "_padding": {
                                    "unit": "px",
                                    "top": "32",
                                    "right": "20",
                                    "bottom": "32",
                                    "left": "20",
                                    "isLinked": false
                                },
                                "_element_width": "initial",
                                "_element_custom_width": {
                                    "unit": "%",
                                    "size": 24,
                                    "sizes": []
                                },
                                "_border_border": "solid",
                                "_border_width": {
                                    "unit": "px",
                                    "top": "1",
                                    "right": "1",
                                    "bottom": "1",
                                    "left": "1",
                                    "isLinked": true
                                },
                                "__globals__": {
                                    "title_color": "",
                                    "title_typography_typography": "",
                                    "description_typography_typography": "globals\/typography?id=accent",
                                    "description_color": "globals\/colors?id=cc7bf96",
                                    "_border_color": "globals\/colors?id=152652f",
                                    "_background_color": "globals\/colors?id=accent"
                                },
                                "_background_background": "classic",
                                "title_typography_font_size": {
                                    "unit": "px",
                                    "size": 16,
                                    "sizes": []
                                },
                                "title_typography_font_weight": "700",
                                "title_typography_line_height": {
                                    "unit": "em",
                                    "size": 1.4,
                                    "sizes": []
                                },
                                "description_color": "#FFFFFFC2",
                                "description_typography_typography": "custom",
                                "description_typography_font_family": "Be Vietnam Pro",
                                "description_typography_font_size": {
                                    "unit": "px",
                                    "size": 12,
                                    "sizes": []
                                },
                                "description_typography_font_weight": "700",
                                "description_typography_text_transform": "uppercase",
                                "description_typography_font_style": "normal",
                                "description_typography_text_decoration": "none",
                                "description_typography_line_height": {
                                    "unit": "em",
                                    "size": 1.3,
                                    "sizes": []
                                },
                                "description_typography_letter_spacing": {
                                    "unit": "px",
                                    "size": 0.2,
                                    "sizes": []
                                },
                                "description_typography_word_spacing": {
                                    "unit": "px",
                                    "size": "",
                                    "sizes": []
                                },
                                "_background_color": "#15171E",
                                "_border_color": "#FFFFFF45",
                                "image_size_tablet": {
                                    "unit": "%",
                                    "size": 16,
                                    "sizes": []
                                },
                                "_margin_tablet": {
                                    "unit": "px",
                                    "top": "24",
                                    "right": "0",
                                    "bottom": "0",
                                    "left": "0",
                                    "isLinked": false
                                },
                                "_element_width_mobile": "inherit",
                                "_element_custom_width_tablet": {
                                    "unit": "%",
                                    "size": 48,
                                    "sizes": []
                                },
                                "_element_custom_width_mobile": {
                                    "unit": "%",
                                    "size": "",
                                    "sizes": []
                                },
                                "_animation": "fadeInUp",
                                "animation_duration": "slow",
                                "_animation_delay": 500
                            },
                            "elements": [],
                            "isInner": false,
                            "widgetType": "image-box",
                            "elType": "widget"
                        }
                    ],
                    "isInner": false,
                    "elType": "column"
                }
            ],
            "isInner": false,
            "elType": "section"
        },
        {
            "id": "2575d780",
            "settings": {
                "structure": "20",
                "gap": "no",
                "margin": {
                    "unit": "px",
                    "top": "140",
                    "right": 0,
                    "bottom": "0",
                    "left": 0,
                    "isLinked": false
                },
                "margin_mobile": {
                    "unit": "px",
                    "top": "100",
                    "right": 0,
                    "bottom": "0",
                    "left": 0,
                    "isLinked": false
                },
                "padding_tablet": {
                    "unit": "px",
                    "top": "0",
                    "right": "60",
                    "bottom": "0",
                    "left": "60",
                    "isLinked": false
                },
                "padding_mobile": {
                    "unit": "px",
                    "top": "0",
                    "right": "28",
                    "bottom": "0",
                    "left": "28",
                    "isLinked": false
                }
            },
            "elements": [
                {
                    "id": "4a6e3226",
                    "settings": {
                        "_column_size": 50,
                        "_inline_size": 60,
                        "_inline_size_tablet": 100
                    },
                    "elements": [
                        {
                            "id": "4347b89a",
                            "settings": {
                                "title": "Send us a message",
                                "_margin": {
                                    "unit": "px",
                                    "top": "0",
                                    "right": "0",
                                    "bottom": "60",
                                    "left": "0",
                                    "isLinked": false
                                },
                                "align_tablet": "center"
                            },
                            "elements": [],
                            "isInner": false,
                            "widgetType": "heading",
                            "elType": "widget"
                        },
                        {
                            "id": "7a35ff31",
                            "settings": {
                                "form_name": "Contact Form",
                                "form_fields": [
                                    {
                                        "custom_id": "name",
                                        "field_label": "First Name",
                                        "width": "50",
                                        "dynamic": {
                                            "active": true
                                        },
                                        "_id": "d83f784",
                                        "required": "true"
                                    },
                                    {
                                        "custom_id": "field_6d62334",
                                        "field_label": "Last Name",
                                        "width": "50",
                                        "dynamic": {
                                            "active": true
                                        },
                                        "required": "true",
                                        "_id": "6d62334"
                                    },
                                    {
                                        "custom_id": "email",
                                        "field_type": "email",
                                        "required": "true",
                                        "field_label": "Email Address",
                                        "width": "50",
                                        "_id": "6b7c1f0"
                                    },
                                    {
                                        "custom_id": "field_6cf9754",
                                        "field_type": "tel",
                                        "required": "true",
                                        "field_label": "Phone Number",
                                        "width": "50",
                                        "_id": "6cf9754"
                                    },
                                    {
                                        "_id": "b258b76",
                                        "field_label": "Subject",
                                        "required": "true",
                                        "custom_id": "field_b258b76"
                                    },
                                    {
                                        "custom_id": "message",
                                        "field_type": "textarea",
                                        "field_label": "Details",
                                        "_id": "a74f882",
                                        "required": "true",
                                        "rows": 10
                                    },
                                    {
                                        "_id": "8472b4b",
                                        "field_type": "honeypot",
                                        "custom_id": "field_8472b4b"
                                    },
                                    {
                                        "field_type": "honeypot",
                                        "custom_id": "field_3250f6a",
                                        "_id": "3250f6a"
                                    },
                                    {
                                        "field_type": "honeypot",
                                        "custom_id": "field_e6a51fa",
                                        "_id": "e6a51fa"
                                    }
                                ],
                                "step_next_label": "Next",
                                "step_previous_label": "Previous",
                                "button_text": "Submit",
                                "selected_button_icon": {
                                    "value": "fas fa-paper-plane",
                                    "library": "fa-solid"
                                },
                                "email_content": "[all-fields]",
                                "form_metadata": [
                                    "date",
                                    "time",
                                    "page_url",
                                    "user_agent",
                                    "remote_ip"
                                ],
                                "email_content_2": "[all-fields]",
                                "success_message": "The form was sent successfully.",
                                "error_message": "An error occurred.",
                                "required_field_message": "This field is required.",
                                "invalid_message": "There&#039;s something wrong. The form is invalid.",
                                "__globals__": {
                                    "button_background_color": "globals\/colors?id=primary",
                                    "button_text_color": "globals\/colors?id=secondary",
                                    "button_background_hover_color": "globals\/colors?id=f491614",
                                    "button_hover_color": "globals\/colors?id=secondary",
                                    "button_typography_typography": "globals\/typography?id=315709c",
                                    "field_background_color": "globals\/colors?id=41e718d",
                                    "field_text_color": "globals\/colors?id=text",
                                    "field_typography_typography": "globals\/typography?id=text",
                                    "field_border_color": "globals\/colors?id=152652f",
                                    "label_color": "globals\/colors?id=text",
                                    "button_border_color": "globals\/colors?id=primary",
                                    "button_hover_border_color": "globals\/colors?id=primary",
                                    "html_typography_typography": "",
                                    "label_typography_typography": "globals\/typography?id=accent"
                                },
                                "column_gap": {
                                    "unit": "px",
                                    "size": 28,
                                    "sizes": []
                                },
                                "row_gap": {
                                    "unit": "px",
                                    "size": 32,
                                    "sizes": []
                                },
                                "label_spacing": {
                                    "unit": "px",
                                    "size": 16,
                                    "sizes": []
                                },
                                "server_message": "Your submission failed because of a server error.",
                                "label_color": "#FFFFFF94",
                                "html_typography_font_family": "Be Vietnam Pro",
                                "html_typography_font_size": {
                                    "unit": "px",
                                    "size": 15,
                                    "sizes": []
                                },
                                "html_typography_font_weight": "400",
                                "html_typography_line_height": {
                                    "unit": "em",
                                    "size": 1.6,
                                    "sizes": []
                                },
                                "field_text_color": "#FFFFFFC2",
                                "field_typography_typography": "custom",
                                "field_typography_font_family": "Be Vietnam Pro",
                                "field_typography_font_size": {
                                    "unit": "px",
                                    "size": 15,
                                    "sizes": []
                                },
                                "field_typography_font_weight": "400",
                                "field_typography_line_height": {
                                    "unit": "em",
                                    "size": 1.6,
                                    "sizes": []
                                },
                                "field_background_color": "#020205",
                                "field_border_color": "#FFFFFF45",
                                "field_border_width": {
                                    "unit": "px",
                                    "top": "2",
                                    "right": "2",
                                    "bottom": "2",
                                    "left": "2",
                                    "isLinked": true
                                },
                                "button_typography_typography": "custom",
                                "button_typography_font_family": "Be Vietnam Pro",
                                "button_typography_font_size": {
                                    "unit": "px",
                                    "size": 13,
                                    "sizes": []
                                },
                                "button_typography_font_weight": "800",
                                "button_typography_text_transform": "uppercase",
                                "button_typography_font_style": "normal",
                                "button_typography_text_decoration": "none",
                                "button_typography_line_height": {
                                    "unit": "em",
                                    "size": 1,
                                    "sizes": []
                                },
                                "button_typography_letter_spacing": {
                                    "unit": "px",
                                    "size": 0.4,
                                    "sizes": []
                                },
                                "button_border_border": "solid",
                                "button_border_width": {
                                    "unit": "px",
                                    "top": "2",
                                    "right": "2",
                                    "bottom": "2",
                                    "left": "2",
                                    "isLinked": true
                                },
                                "button_background_color": "#EC3737",
                                "button_text_color": "#FFFFFF",
                                "button_border_color": "#EC3737",
                                "button_background_hover_color": "#FFFFFF00",
                                "button_hover_color": "#FFFFFF",
                                "button_hover_border_color": "#EC3737",
                                "button_text_padding": {
                                    "unit": "px",
                                    "top": "14",
                                    "right": "14",
                                    "bottom": "14",
                                    "left": "14",
                                    "isLinked": true
                                },
                                "_margin": {
                                    "unit": "px",
                                    "top": "0",
                                    "right": "0",
                                    "bottom": "0",
                                    "left": "0",
                                    "isLinked": false
                                },
                                "_animation": "fadeIn",
                                "animation_duration": "slow"
                            },
                            "elements": [],
                            "isInner": false,
                            "widgetType": "form",
                            "elType": "widget"
                        }
                    ],
                    "isInner": false,
                    "elType": "column"
                },
                {
                    "id": "75ff9bfb",
                    "settings": {
                        "_column_size": 50,
                        "_inline_size": 40,
                        "margin": {
                            "unit": "px",
                            "top": "0",
                            "right": "0",
                            "bottom": "0",
                            "left": "100",
                            "isLinked": false
                        },
                        "__globals__": {
                            "background_color": "globals\/colors?id=accent"
                        },
                        "_inline_size_tablet": 100,
                        "margin_tablet": {
                            "unit": "px",
                            "top": "70",
                            "right": "0",
                            "bottom": "0",
                            "left": "0",
                            "isLinked": false
                        },
                        "animation": "fadeInRight"
                    },
                    "elements": [
                        {
                            "id": "321e6e20",
                            "settings": {
                                "text": "Book An Appointment",
                                "align": "justify",
                                "align_mobile": "justify",
                                "size": "md",
                                "icon_indent": {
                                    "unit": "px",
                                    "size": 12,
                                    "sizes": []
                                },
                                "border_border": "solid",
                                "border_width": {
                                    "unit": "px",
                                    "top": "2",
                                    "right": "2",
                                    "bottom": "2",
                                    "left": "2",
                                    "isLinked": true
                                },
                                "text_padding": {
                                    "unit": "px",
                                    "top": "14",
                                    "right": "20",
                                    "bottom": "14",
                                    "left": "20",
                                    "isLinked": false
                                },
                                "_margin": {
                                    "unit": "px",
                                    "top": "0",
                                    "right": "0",
                                    "bottom": "0",
                                    "left": "0",
                                    "isLinked": false
                                },
                                "_margin_mobile": {
                                    "unit": "px",
                                    "top": "20",
                                    "right": "0",
                                    "bottom": "0",
                                    "left": "0",
                                    "isLinked": false
                                },
                                "_element_width_mobile": "inherit",
                                "_element_custom_width": {
                                    "unit": "%",
                                    "size": ""
                                },
                                "_element_custom_width_tablet": {
                                    "unit": "%",
                                    "size": 28,
                                    "sizes": []
                                },
                                "_element_custom_width_mobile": {
                                    "unit": "%",
                                    "size": "",
                                    "sizes": []
                                },
                                "__globals__": {
                                    "background_color": "globals\/colors?id=primary",
                                    "button_text_color": "globals\/colors?id=secondary",
                                    "typography_typography": "globals\/typography?id=315709c",
                                    "button_background_hover_color": "globals\/colors?id=f491614",
                                    "hover_color": "globals\/colors?id=secondary"
                                }
                            },
                            "elements": [],
                            "isInner": false,
                            "widgetType": "button",
                            "elType": "widget"
                        },
                        {
                            "id": "227bb999",
                            "settings": {
                                "icon_list": [
                                    {
                                        "text": "Our Services",
                                        "selected_icon": {
                                            "value": "fas fa-chevron-right",
                                            "library": "fa-solid"
                                        },
                                        "_id": "f769399",
                                        "link": {
                                            "url": "#",
                                            "is_external": "",
                                            "nofollow": "",
                                            "custom_attributes": ""
                                        }
                                    },
                                    {
                                        "text": "View Pricing",
                                        "selected_icon": {
                                            "value": "fas fa-chevron-right",
                                            "library": "fa-solid"
                                        },
                                        "link": {
                                            "url": "#",
                                            "is_external": "",
                                            "nofollow": "",
                                            "custom_attributes": ""
                                        },
                                        "_id": "c0f1efc"
                                    },
                                    {
                                        "text": "Read FAQs",
                                        "selected_icon": {
                                            "value": "fas fa-chevron-right",
                                            "library": "fa-solid"
                                        },
                                        "link": {
                                            "url": "#",
                                            "is_external": "",
                                            "nofollow": "",
                                            "custom_attributes": ""
                                        },
                                        "_id": "13ecef2"
                                    },
                                    {
                                        "text": "Careers",
                                        "selected_icon": {
                                            "value": "fas fa-chevron-right",
                                            "library": "fa-solid"
                                        },
                                        "link": {
                                            "url": "#",
                                            "is_external": "",
                                            "nofollow": "",
                                            "custom_attributes": ""
                                        },
                                        "_id": "318ff21"
                                    }
                                ],
                                "space_between": {
                                    "unit": "px",
                                    "size": 16,
                                    "sizes": []
                                },
                                "icon_align": "left",
                                "icon_size": {
                                    "unit": "px",
                                    "size": 12,
                                    "sizes": []
                                },
                                "text_indent": {
                                    "unit": "px",
                                    "size": 0,
                                    "sizes": []
                                },
                                "icon_self_align": "left",
                                "icon_self_vertical_align": "center",
                                "_margin": {
                                    "unit": "px",
                                    "top": "40",
                                    "right": "0",
                                    "bottom": "0",
                                    "left": "0",
                                    "isLinked": false
                                },
                                "__globals__": {
                                    "icon_color": "globals\/colors?id=primary",
                                    "icon_color_hover": "globals\/colors?id=secondary",
                                    "icon_typography_typography": "globals\/typography?id=04b8e21",
                                    "_background_color": "globals\/colors?id=accent"
                                },
                                "_padding": {
                                    "unit": "px",
                                    "top": "40",
                                    "right": "40",
                                    "bottom": "40",
                                    "left": "40",
                                    "isLinked": true
                                },
                                "_background_background": "classic",
                                "_padding_mobile": {
                                    "unit": "px",
                                    "top": "40",
                                    "right": "28",
                                    "bottom": "40",
                                    "left": "28",
                                    "isLinked": false
                                }
                            },
                            "elements": [],
                            "isInner": false,
                            "widgetType": "icon-list",
                            "elType": "widget"
                        },
                        {
                            "id": "5bb028ba",
                            "settings": {
                                "social_icon_list": [
                                    {
                                        "social_icon": {
                                            "value": "fab fa-facebook-f",
                                            "library": "fa-brands"
                                        },
                                        "_id": "d989547"
                                    },
                                    {
                                        "social_icon": {
                                            "value": "fab fa-twitter",
                                            "library": "fa-brands"
                                        },
                                        "_id": "d004296"
                                    },
                                    {
                                        "social_icon": {
                                            "value": "fab fa-linkedin-in",
                                            "library": "fa-brands"
                                        },
                                        "_id": "d79193b"
                                    },
                                    {
                                        "_id": "e344656",
                                        "social_icon": {
                                            "value": "fab fa-instagram",
                                            "library": "fa-brands"
                                        }
                                    }
                                ],
                                "icon_color": "custom",
                                "_margin": {
                                    "unit": "px",
                                    "top": "40",
                                    "right": "0",
                                    "bottom": "0",
                                    "left": "0",
                                    "isLinked": false
                                },
                                "shape": "square",
                                "align": "left",
                                "icon_size": {
                                    "unit": "px",
                                    "size": 18,
                                    "sizes": []
                                },
                                "icon_padding": {
                                    "unit": "em",
                                    "size": 0.8,
                                    "sizes": []
                                },
                                "icon_spacing": {
                                    "unit": "px",
                                    "size": 16,
                                    "sizes": []
                                },
                                "__globals__": {
                                    "icon_primary_color": "globals\/colors?id=accent",
                                    "icon_secondary_color": "globals\/colors?id=primary",
                                    "hover_primary_color": "globals\/colors?id=primary",
                                    "hover_secondary_color": "globals\/colors?id=secondary"
                                },
                                "align_tablet": "center"
                            },
                            "elements": [],
                            "isInner": false,
                            "widgetType": "social-icons",
                            "elType": "widget"
                        },
                        {
                            "id": "68ef46c1",
                            "settings": {
                                "gap": "no",
                                "background_background": "classic",
                                "margin": {
                                    "unit": "px",
                                    "top": "40",
                                    "right": 0,
                                    "bottom": "0",
                                    "left": 0,
                                    "isLinked": false
                                },
                                "padding": {
                                    "unit": "px",
                                    "top": "40",
                                    "right": "40",
                                    "bottom": "40",
                                    "left": "40",
                                    "isLinked": true
                                },
                                "padding_mobile": {
                                    "unit": "px",
                                    "top": "40",
                                    "right": "28",
                                    "bottom": "40",
                                    "left": "28",
                                    "isLinked": false
                                },
                                "__globals__": {
                                    "background_color": "globals\/colors?id=primary"
                                }
                            },
                            "elements": [
                                {
                                    "id": "b583c77",
                                    "settings": {
                                        "_column_size": 100,
                                        "_inline_size": null
                                    },
                                    "elements": [
                                        {
                                            "id": "4a41a9b0",
                                            "settings": {
                                                "selected_icon": {
                                                    "value": "fas fa-quote-left",
                                                    "library": "fa-solid"
                                                },
                                                "size": {
                                                    "unit": "px",
                                                    "size": 40,
                                                    "sizes": []
                                                },
                                                "_margin": {
                                                    "unit": "px",
                                                    "top": "0",
                                                    "right": "0",
                                                    "bottom": "20",
                                                    "left": "0",
                                                    "isLinked": false
                                                },
                                                "__globals__": {
                                                    "primary_color": "globals\/colors?id=152652f"
                                                },
                                                "align": "left"
                                            },
                                            "elements": [],
                                            "isInner": false,
                                            "widgetType": "icon",
                                            "elType": "widget"
                                        },
                                        {
                                            "id": "30fbb02d",
                                            "settings": {
                                                "testimonial_content": "We now have a fantastic website that perfectly encapsulates the essence of our company, thanks to them. Their service has exceeded all of our expectations, making us extremely happy.",
                                                "testimonial_image": {
                                                    "url": "https:\/\/www.xable.oxacor.com\/wp-content\/uploads\/bright-new-ideas-for-their-brainstorming-session.jpg",
                                                    "id": 1251,
                                                    "size": "",
                                                    "alt": "Bright new ideas for their brainstorming session",
                                                    "source": "library"
                                                },
                                                "testimonial_name": "Samantha Milner",
                                                "testimonial_job": " Mindful LLC",
                                                "testimonial_alignment": "left",
                                                "image_size": {
                                                    "unit": "px",
                                                    "size": 64,
                                                    "sizes": []
                                                },
                                                "image_border_border": "solid",
                                                "image_border_width": {
                                                    "unit": "px",
                                                    "top": "3",
                                                    "right": "3",
                                                    "bottom": "3",
                                                    "left": "3",
                                                    "isLinked": true
                                                },
                                                "__globals__": {
                                                    "content_typography_typography": "globals\/typography?id=2d4f93f",
                                                    "content_content_color": "globals\/colors?id=secondary",
                                                    "image_border_color": "globals\/colors?id=152652f",
                                                    "name_typography_typography": "globals\/typography?id=01e3d1c",
                                                    "name_text_color": "globals\/colors?id=secondary",
                                                    "job_typography_typography": "globals\/typography?id=499599d",
                                                    "job_text_color": "globals\/colors?id=secondary"
                                                }
                                            },
                                            "elements": [],
                                            "isInner": false,
                                            "widgetType": "testimonial",
                                            "elType": "widget"
                                        }
                                    ],
                                    "isInner": true,
                                    "elType": "column"
                                }
                            ],
                            "isInner": true,
                            "elType": "section"
                        }
                    ],
                    "isInner": false,
                    "elType": "column"
                }
            ],
            "isInner": false,
            "elType": "section"
        },
        {
            "id": "67677c40",
            "settings": {
                "layout": "full_width",
                "gap": "no",
                "margin": {
                    "unit": "px",
                    "top": "140",
                    "right": 0,
                    "bottom": "0",
                    "left": 0,
                    "isLinked": false
                },
                "margin_mobile": {
                    "unit": "px",
                    "top": "100",
                    "right": 0,
                    "bottom": "0",
                    "left": 0,
                    "isLinked": false
                }
            },
            "elements": [
                {
                    "id": "7f6e1b4c",
                    "settings": {
                        "_column_size": 100,
                        "_inline_size": null
                    },
                    "elements": [
                        {
                            "id": "65b7fb72",
                            "settings": {
                                "address": "New York, USA",
                                "zoom": {
                                    "unit": "px",
                                    "size": 14,
                                    "sizes": []
                                },
                                "height": {
                                    "unit": "px",
                                    "size": 480,
                                    "sizes": []
                                },
                                "css_filters_saturate": {
                                    "unit": "px",
                                    "size": 0,
                                    "sizes": []
                                }
                            },
                            "elements": [],
                            "isInner": false,
                            "widgetType": "google_maps",
                            "elType": "widget"
                        }
                    ],
                    "isInner": false,
                    "elType": "column"
                }
            ],
            "isInner": false,
            "elType": "section"
        }
    ]
}