{
    "version": "0.4",
    "title": "Footer",
    "type": "footer",
    "metadata": {
        "template_type": "section-footer",
        "include_in_zip": "1",
        "elementor_pro_required": "1",
        "elementor_library_type": "footer",
        "elementor_pro_conditions": [
            "include\/general"
        ],
        "additional_template_information": [
            "This is a \"Footer\" template for Elementor Pro.",
            "This template will display on: Entire Site."
        ],
        "wp_page_template": "default"
    },
    "content": [
        {
            "id": "2d4fa178",
            "settings": {
                "gap": "no",
                "structure": "40",
                "padding": {
                    "unit": "px",
                    "top": "0",
                    "right": "0",
                    "bottom": "80",
                    "left": "0",
                    "isLinked": false
                },
                "margin": {
                    "unit": "px",
                    "top": "140",
                    "right": 0,
                    "bottom": "0",
                    "left": 0,
                    "isLinked": false
                },
                "margin_tablet": {
                    "unit": "px",
                    "top": "120",
                    "right": 0,
                    "bottom": "0",
                    "left": 0,
                    "isLinked": false
                },
                "margin_mobile": {
                    "unit": "px",
                    "top": "120",
                    "right": 0,
                    "bottom": "0",
                    "left": 0,
                    "isLinked": false
                },
                "padding_tablet": {
                    "unit": "px",
                    "top": "0",
                    "right": "20",
                    "bottom": "40",
                    "left": "20",
                    "isLinked": false
                }
            },
            "elements": [
                {
                    "id": "2dfefe99",
                    "settings": {
                        "_column_size": 25,
                        "_inline_size": 28,
                        "margin": {
                            "unit": "px",
                            "top": "0",
                            "right": "80",
                            "bottom": "0",
                            "left": "0",
                            "isLinked": false
                        },
                        "_inline_size_tablet": 100,
                        "margin_tablet": {
                            "unit": "px",
                            "top": "0",
                            "right": "0",
                            "bottom": "80",
                            "left": "0",
                            "isLinked": false
                        },
                        "margin_mobile": {
                            "unit": "px",
                            "top": "0",
                            "right": "0",
                            "bottom": "60",
                            "left": "0",
                            "isLinked": false
                        }
                    },
                    "elements": [
                        {
                            "id": "dbdf018",
                            "settings": {
                                "__dynamic__": {
                                    "image": "[elementor-tag id=\"\" name=\"site-logo\" settings=\"%7B%7D\"]"
                                },
                                "align": "left",
                                "width": {
                                    "unit": "%",
                                    "size": 40,
                                    "sizes": []
                                },
                                "align_tablet": "center"
                            },
                            "elements": [],
                            "isInner": false,
                            "widgetType": "theme-site-logo",
                            "elType": "widget"
                        },
                        {
                            "id": "6887eff6",
                            "settings": {
                                "title": "Morbi leo risus, porta ac vestibulum at ero nulla non metus auctor fringilla.",
                                "header_size": "div",
                                "_margin": {
                                    "unit": "px",
                                    "top": "20",
                                    "right": "0",
                                    "bottom": "0",
                                    "left": "0",
                                    "isLinked": false
                                },
                                "__globals__": {
                                    "title_color": "globals\/colors?id=text",
                                    "typography_typography": "globals\/typography?id=499599d"
                                },
                                "align_tablet": "center"
                            },
                            "elements": [],
                            "isInner": false,
                            "widgetType": "heading",
                            "elType": "widget"
                        },
                        {
                            "id": "627c5a53",
                            "settings": {
                                "social_icon_list": [
                                    {
                                        "social_icon": {
                                            "value": "fab fa-facebook-f",
                                            "library": "fa-brands"
                                        },
                                        "_id": "d989547"
                                    },
                                    {
                                        "social_icon": {
                                            "value": "fab fa-twitter",
                                            "library": "fa-brands"
                                        },
                                        "_id": "d004296"
                                    },
                                    {
                                        "social_icon": {
                                            "value": "fab fa-linkedin-in",
                                            "library": "fa-brands"
                                        },
                                        "_id": "d79193b"
                                    },
                                    {
                                        "_id": "e344656",
                                        "social_icon": {
                                            "value": "fab fa-instagram",
                                            "library": "fa-brands"
                                        }
                                    }
                                ],
                                "icon_color": "custom",
                                "shape": "square",
                                "align": "left",
                                "icon_size": {
                                    "unit": "px",
                                    "size": 14,
                                    "sizes": []
                                },
                                "icon_padding": {
                                    "unit": "em",
                                    "size": 0.6,
                                    "sizes": []
                                },
                                "icon_spacing": {
                                    "unit": "px",
                                    "size": 12,
                                    "sizes": []
                                },
                                "_margin": {
                                    "unit": "px",
                                    "top": "32",
                                    "right": "0",
                                    "bottom": "0",
                                    "left": "0",
                                    "isLinked": false
                                },
                                "__globals__": {
                                    "icon_primary_color": "globals\/colors?id=accent",
                                    "icon_secondary_color": "globals\/colors?id=primary",
                                    "hover_primary_color": "globals\/colors?id=primary",
                                    "hover_secondary_color": "globals\/colors?id=secondary"
                                },
                                "align_tablet": "center"
                            },
                            "elements": [],
                            "isInner": false,
                            "widgetType": "social-icons",
                            "elType": "widget"
                        }
                    ],
                    "isInner": false,
                    "elType": "column"
                },
                {
                    "id": "3e1ca5b1",
                    "settings": {
                        "_column_size": 25,
                        "_inline_size": 20,
                        "_inline_size_tablet": 30
                    },
                    "elements": [
                        {
                            "id": "b861a3c",
                            "settings": {
                                "title": "Contact Info",
                                "header_size": "div",
                                "_margin": {
                                    "unit": "px",
                                    "top": "0",
                                    "right": "0",
                                    "bottom": "32",
                                    "left": "0",
                                    "isLinked": false
                                },
                                "__globals__": {
                                    "title_color": "globals\/colors?id=secondary",
                                    "typography_typography": "globals\/typography?id=d2be5a1"
                                }
                            },
                            "elements": [],
                            "isInner": false,
                            "widgetType": "heading",
                            "elType": "widget"
                        },
                        {
                            "id": "597d8921",
                            "settings": {
                                "icon_list": [
                                    {
                                        "text": "(123) 456 7890",
                                        "selected_icon": {
                                            "value": "fas fa-phone",
                                            "library": "fa-solid"
                                        },
                                        "_id": "0af0e0a",
                                        "link": {
                                            "url": "#",
                                            "is_external": "",
                                            "nofollow": "",
                                            "custom_attributes": ""
                                        }
                                    },
                                    {
                                        "text": "info@example.com",
                                        "selected_icon": {
                                            "value": "fas fa-envelope",
                                            "library": "fa-solid"
                                        },
                                        "link": {
                                            "url": "#",
                                            "is_external": "",
                                            "nofollow": "",
                                            "custom_attributes": ""
                                        },
                                        "_id": "8fc7e2d"
                                    },
                                    {
                                        "text": "123 King Street, NY",
                                        "selected_icon": {
                                            "value": "fas fa-map-marker-alt",
                                            "library": "fa-solid"
                                        },
                                        "_id": "0aa3cc5"
                                    }
                                ],
                                "icon_align": "left",
                                "icon_self_align": "left",
                                "text_indent": {
                                    "unit": "px",
                                    "size": 8,
                                    "sizes": []
                                },
                                "space_between": {
                                    "unit": "px",
                                    "size": 12,
                                    "sizes": []
                                },
                                "__globals__": {
                                    "icon_color": "globals\/colors?id=cc7bf96",
                                    "icon_color_hover": "globals\/colors?id=primary",
                                    "text_color": "globals\/colors?id=cc7bf96",
                                    "text_color_hover": "globals\/colors?id=secondary"
                                }
                            },
                            "elements": [],
                            "isInner": false,
                            "widgetType": "icon-list",
                            "elType": "widget"
                        }
                    ],
                    "isInner": false,
                    "elType": "column"
                },
                {
                    "id": "4b324932",
                    "settings": {
                        "_column_size": 25,
                        "_inline_size": 20,
                        "_inline_size_tablet": 30,
                        "margin_mobile": {
                            "unit": "px",
                            "top": "60",
                            "right": "0",
                            "bottom": "0",
                            "left": "0",
                            "isLinked": false
                        }
                    },
                    "elements": [
                        {
                            "id": "1751f85e",
                            "settings": {
                                "title": "Useful Info",
                                "header_size": "div",
                                "_margin": {
                                    "unit": "px",
                                    "top": "0",
                                    "right": "0",
                                    "bottom": "32",
                                    "left": "0",
                                    "isLinked": false
                                },
                                "__globals__": {
                                    "title_color": "globals\/colors?id=secondary",
                                    "typography_typography": "globals\/typography?id=d2be5a1"
                                }
                            },
                            "elements": [],
                            "isInner": false,
                            "widgetType": "heading",
                            "elType": "widget"
                        },
                        {
                            "id": "28041398",
                            "settings": {
                                "icon_list": [
                                    {
                                        "text": "Support Center",
                                        "selected_icon": {
                                            "value": "fas fa-chevron-right",
                                            "library": "fa-solid"
                                        },
                                        "_id": "0af0e0a",
                                        "link": {
                                            "url": "#",
                                            "is_external": "",
                                            "nofollow": "",
                                            "custom_attributes": ""
                                        }
                                    },
                                    {
                                        "text": "Privacy Policy",
                                        "selected_icon": {
                                            "value": "fas fa-chevron-right",
                                            "library": "fa-solid"
                                        },
                                        "link": {
                                            "url": "#",
                                            "is_external": "",
                                            "nofollow": "",
                                            "custom_attributes": ""
                                        },
                                        "_id": "8d5973a"
                                    },
                                    {
                                        "text": "Cookie Policy",
                                        "selected_icon": {
                                            "value": "fas fa-chevron-right",
                                            "library": "fa-solid"
                                        },
                                        "link": {
                                            "url": "#",
                                            "is_external": "",
                                            "nofollow": "",
                                            "custom_attributes": ""
                                        },
                                        "_id": "8fc7e2d"
                                    }
                                ],
                                "icon_align": "left",
                                "icon_self_align": "left",
                                "text_indent": {
                                    "unit": "px",
                                    "size": 8,
                                    "sizes": []
                                },
                                "space_between": {
                                    "unit": "px",
                                    "size": 12,
                                    "sizes": []
                                },
                                "__globals__": {
                                    "icon_color": "globals\/colors?id=cc7bf96",
                                    "icon_color_hover": "globals\/colors?id=primary",
                                    "text_color": "globals\/colors?id=cc7bf96",
                                    "text_color_hover": "globals\/colors?id=secondary"
                                }
                            },
                            "elements": [],
                            "isInner": false,
                            "widgetType": "icon-list",
                            "elType": "widget"
                        }
                    ],
                    "isInner": false,
                    "elType": "column"
                },
                {
                    "id": "69e1ff0",
                    "settings": {
                        "_column_size": 25,
                        "_inline_size": 32,
                        "_inline_size_tablet": 40,
                        "margin_tablet": {
                            "unit": "px",
                            "top": "0",
                            "right": "0",
                            "bottom": "0",
                            "left": "0",
                            "isLinked": false
                        },
                        "margin_mobile": {
                            "unit": "px",
                            "top": "60",
                            "right": "0",
                            "bottom": "0",
                            "left": "0",
                            "isLinked": false
                        }
                    },
                    "elements": [
                        {
                            "id": "61782089",
                            "settings": {
                                "selected_icon": {
                                    "value": "",
                                    "library": ""
                                },
                                "title_text": "Subscribe to Our Newsletter",
                                "description_text": "Sign up for my newsletter to get latest updates. Do not worry, we will never spam you.",
                                "text_align": "left",
                                "title_bottom_space": {
                                    "unit": "px",
                                    "size": 12,
                                    "sizes": []
                                },
                                "__globals__": {
                                    "description_typography_typography": "globals\/typography?id=499599d",
                                    "title_color": "globals\/colors?id=secondary",
                                    "title_typography_typography": "globals\/typography?id=d2be5a1"
                                },
                                "title_size": "div",
                                "text_align_tablet": "left",
                                "text_align_mobile": "center"
                            },
                            "elements": [],
                            "isInner": false,
                            "widgetType": "icon-box",
                            "elType": "widget"
                        },
                        {
                            "id": "cc58011",
                            "settings": {
                                "form_name": "Footer Subscription Form",
                                "form_fields": [
                                    {
                                        "custom_id": "email",
                                        "field_type": "email",
                                        "required": "true",
                                        "field_label": "Email Address",
                                        "placeholder": "Email Address",
                                        "width": "70",
                                        "_id": "3284e78"
                                    }
                                ],
                                "show_labels": "",
                                "step_next_label": "Next",
                                "step_previous_label": "Previous",
                                "button_text": "",
                                "email_content": "[all-fields]",
                                "email_content_2": "[all-fields]",
                                "success_message": "The form was sent successfully.",
                                "error_message": "An error occurred.",
                                "required_field_message": "This field is required.",
                                "invalid_message": "There&#039;s something wrong. The form is invalid.",
                                "column_gap": {
                                    "unit": "px",
                                    "size": 4,
                                    "sizes": []
                                },
                                "row_gap": {
                                    "unit": "px",
                                    "size": 4,
                                    "sizes": []
                                },
                                "button_border_border": "solid",
                                "button_border_width": {
                                    "unit": "px",
                                    "top": "2",
                                    "right": "2",
                                    "bottom": "2",
                                    "left": "2",
                                    "isLinked": true
                                },
                                "button_text_padding": {
                                    "unit": "px",
                                    "top": "7",
                                    "right": "7",
                                    "bottom": "7",
                                    "left": "7",
                                    "isLinked": true
                                },
                                "_margin": {
                                    "unit": "px",
                                    "top": "32",
                                    "right": "0",
                                    "bottom": "0",
                                    "left": "0",
                                    "isLinked": false
                                },
                                "__globals__": {
                                    "button_background_color": "globals\/colors?id=primary",
                                    "button_text_color": "globals\/colors?id=secondary",
                                    "button_typography_typography": "globals\/typography?id=text",
                                    "button_border_color": "globals\/colors?id=primary",
                                    "button_hover_border_color": "globals\/colors?id=primary",
                                    "button_background_hover_color": "globals\/colors?id=f491614",
                                    "button_hover_color": "globals\/colors?id=secondary"
                                },
                                "button_width": "30",
                                "selected_button_icon": {
                                    "value": "fas fa-envelope-open-text",
                                    "library": "fa-solid"
                                },
                                "button_icon_indent": {
                                    "unit": "px",
                                    "size": 0,
                                    "sizes": []
                                },
                                "field_background_color": "",
                                "server_message": "Your submission failed because of a server error."
                            },
                            "elements": [],
                            "isInner": false,
                            "widgetType": "form",
                            "elType": "widget"
                        }
                    ],
                    "isInner": false,
                    "elType": "column"
                }
            ],
            "isInner": false,
            "elType": "section"
        },
        {
            "id": "653ef6e",
            "settings": {
                "gap": "no",
                "padding": {
                    "unit": "px",
                    "top": "0",
                    "right": "0",
                    "bottom": "0",
                    "left": "0",
                    "isLinked": false
                }
            },
            "elements": [
                {
                    "id": "97bd35a",
                    "settings": {
                        "_column_size": 100,
                        "_inline_size": null,
                        "border_border": "dotted",
                        "border_width": {
                            "unit": "px",
                            "top": "1",
                            "right": "0",
                            "bottom": "0",
                            "left": "0",
                            "isLinked": false
                        },
                        "padding": {
                            "unit": "px",
                            "top": "40",
                            "right": "0",
                            "bottom": "40",
                            "left": "0",
                            "isLinked": false
                        },
                        "__globals__": {
                            "border_color": "globals\/colors?id=152652f"
                        }
                    },
                    "elements": [
                        {
                            "id": "25e4e7c7",
                            "settings": {
                                "view": "inline",
                                "icon_list": [
                                    {
                                        "text": "",
                                        "selected_icon": {
                                            "value": "far fa-copyright",
                                            "library": "fa-regular"
                                        },
                                        "_id": "4b5e2a7",
                                        "__dynamic__": {
                                            "text": "[elementor-tag id=\"4bcdfa9\" name=\"current-date-time\" settings=\"%7B%22date_format%22%3A%22custom%22%2C%22custom_format%22%3A%22Y%22%7D\"]"
                                        }
                                    },
                                    {
                                        "_id": "aa6e040",
                                        "text": "",
                                        "selected_icon": {
                                            "value": "",
                                            "library": ""
                                        },
                                        "__dynamic__": {
                                            "text": "[elementor-tag id=\"a552b1c\" name=\"site-title\" settings=\"%7B%22after%22%3A%22.%20All%20rights%20reserved.%22%7D\"]"
                                        }
                                    }
                                ],
                                "space_between": {
                                    "unit": "px",
                                    "size": 6,
                                    "sizes": []
                                },
                                "icon_align": "center",
                                "_padding": {
                                    "unit": "px",
                                    "top": "0",
                                    "right": "0",
                                    "bottom": "0",
                                    "left": "0",
                                    "isLinked": false
                                },
                                "__globals__": {
                                    "text_color": "globals\/colors?id=cc7bf96",
                                    "icon_color": "globals\/colors?id=cc7bf96"
                                }
                            },
                            "elements": [],
                            "isInner": false,
                            "widgetType": "icon-list",
                            "elType": "widget"
                        }
                    ],
                    "isInner": false,
                    "elType": "column"
                }
            ],
            "isInner": false,
            "elType": "section"
        }
    ],
    "page_settings": {
        "content_wrapper_html_tag": "footer"
    }
}