{
    "version": "0.4",
    "title": "Global Kit Styles",
    "type": "section",
    "metadata": {
        "template_type": "global-styles",
        "include_in_zip": "1",
        "elementor_pro_required": "1",
        "additional_template_information": [
            "These are the global theme styles configured through the Elementor Theme Styles area."
        ],
        "wp_page_template": "default"
    },
    "content": [],
    "page_settings": {
        "system_colors": [
            {
                "_id": "primary",
                "title": "Primary",
                "color": "#EC3737"
            },
            {
                "_id": "secondary",
                "title": "Secondary",
                "color": "#FFFFFF"
            },
            {
                "_id": "text",
                "title": "Text",
                "color": "#FFFFFFC2"
            },
            {
                "_id": "accent",
                "title": "Accent",
                "color": "#15171E"
            }
        ],
        "custom_colors": [
            {
                "_id": "f491614",
                "title": "Full Transparent",
                "color": "#FFFFFF00"
            },
            {
                "_id": "152652f",
                "title": "Border",
                "color": "#FFFFFF45"
            },
            {
                "_id": "41e718d",
                "title": "Background",
                "color": "#020205"
            },
            {
                "_id": "cc7bf96",
                "title": "Light Text",
                "color": "#FFFFFF94"
            },
            {
                "_id": "2fd7526",
                "title": "Dark Overlay",
                "color": "#020205B8"
            }
        ],
        "system_typography": [
            {
                "_id": "primary",
                "title": "Primary",
                "typography_font_family": "Be Vietnam Pro",
                "typography_font_weight": "800",
                "typography_typography": "custom",
                "typography_font_size": {
                    "unit": "px",
                    "size": 56,
                    "sizes": []
                },
                "typography_line_height": {
                    "unit": "em",
                    "size": 1.2,
                    "sizes": []
                },
                "typography_font_size_mobile": {
                    "unit": "px",
                    "size": 36,
                    "sizes": []
                },
                "typography_font_size_tablet": {
                    "unit": "px",
                    "size": 46,
                    "sizes": []
                }
            },
            {
                "_id": "secondary",
                "title": "Secondary",
                "typography_font_family": "Be Vietnam Pro",
                "typography_font_weight": "800",
                "typography_typography": "custom",
                "typography_line_height": {
                    "unit": "em",
                    "size": 1.3,
                    "sizes": []
                },
                "typography_font_size": {
                    "unit": "px",
                    "size": 34,
                    "sizes": []
                },
                "typography_font_size_tablet": {
                    "unit": "px",
                    "size": 30,
                    "sizes": []
                },
                "typography_font_size_mobile": {
                    "unit": "px",
                    "size": 26,
                    "sizes": []
                }
            },
            {
                "_id": "text",
                "title": "Text",
                "typography_font_family": "Be Vietnam Pro",
                "typography_font_weight": "400",
                "typography_typography": "custom",
                "typography_font_size": {
                    "unit": "px",
                    "size": 15,
                    "sizes": []
                },
                "typography_line_height": {
                    "unit": "em",
                    "size": 1.6,
                    "sizes": []
                }
            },
            {
                "_id": "accent",
                "title": "Accent",
                "typography_font_family": "Be Vietnam Pro",
                "typography_font_weight": "700",
                "typography_typography": "custom",
                "typography_font_size": {
                    "unit": "px",
                    "size": 12,
                    "sizes": []
                },
                "typography_text_transform": "uppercase",
                "typography_font_style": "normal",
                "typography_text_decoration": "none",
                "typography_line_height": {
                    "unit": "em",
                    "size": 1.3,
                    "sizes": []
                },
                "typography_letter_spacing": {
                    "unit": "px",
                    "size": 0.4,
                    "sizes": []
                },
                "typography_word_spacing": {
                    "unit": "px",
                    "size": "",
                    "sizes": []
                }
            }
        ],
        "custom_typography": [
            {
                "_id": "62f5f26",
                "title": "Heading 3",
                "typography_typography": "custom",
                "typography_font_size": {
                    "unit": "px",
                    "size": 20,
                    "sizes": []
                },
                "typography_font_weight": "700",
                "typography_line_height": {
                    "unit": "em",
                    "size": 1.4,
                    "sizes": []
                },
                "typography_font_size_mobile": {
                    "unit": "px",
                    "size": 18,
                    "sizes": []
                }
            },
            {
                "_id": "01e3d1c",
                "title": "Heading 4",
                "typography_typography": "custom",
                "typography_font_size": {
                    "unit": "px",
                    "size": 17,
                    "sizes": []
                },
                "typography_font_weight": "700",
                "typography_line_height": {
                    "unit": "em",
                    "size": 1.4,
                    "sizes": []
                },
                "typography_font_size_mobile": {
                    "unit": "px",
                    "size": 15,
                    "sizes": []
                }
            },
            {
                "_id": "5e57db5",
                "title": "Heading 5",
                "typography_typography": "custom",
                "typography_font_family": "Be Vietnam Pro",
                "typography_font_size": {
                    "unit": "px",
                    "size": 14,
                    "sizes": []
                },
                "typography_font_weight": "500",
                "typography_line_height": {
                    "unit": "em",
                    "size": 1.5,
                    "sizes": []
                },
                "typography_font_size_mobile": {
                    "unit": "px",
                    "size": 13,
                    "sizes": []
                }
            },
            {
                "_id": "8a0691a",
                "title": "Heading 6",
                "typography_typography": "custom",
                "typography_font_family": "Be Vietnam Pro",
                "typography_font_size": {
                    "unit": "px",
                    "size": 12,
                    "sizes": []
                },
                "typography_font_weight": "500",
                "typography_line_height": {
                    "unit": "em",
                    "size": 1.5,
                    "sizes": []
                },
                "typography_font_size_mobile": {
                    "unit": "px",
                    "size": 11,
                    "sizes": []
                }
            },
            {
                "_id": "2d4f93f",
                "title": "Big Text",
                "typography_typography": "custom",
                "typography_font_family": "Be Vietnam Pro",
                "typography_font_size": {
                    "unit": "px",
                    "size": 16,
                    "sizes": []
                },
                "typography_font_weight": "400",
                "typography_line_height": {
                    "unit": "em",
                    "size": 1.5,
                    "sizes": []
                }
            },
            {
                "_id": "499599d",
                "title": "Small Text",
                "typography_typography": "custom",
                "typography_font_family": "Be Vietnam Pro",
                "typography_font_size": {
                    "unit": "px",
                    "size": 13,
                    "sizes": []
                },
                "typography_font_weight": "400",
                "typography_line_height": {
                    "unit": "em",
                    "size": 1.4,
                    "sizes": []
                },
                "typography_text_transform": "none"
            },
            {
                "_id": "04b8e21",
                "title": "Main Navigation Menu",
                "typography_typography": "custom",
                "typography_font_family": "Be Vietnam Pro",
                "typography_font_size": {
                    "unit": "px",
                    "size": 13,
                    "sizes": []
                },
                "typography_font_weight": "600",
                "typography_text_transform": "uppercase",
                "typography_font_style": "normal",
                "typography_text_decoration": "none"
            },
            {
                "_id": "005f9ca",
                "title": "Sub Navigation Menu",
                "typography_typography": "custom",
                "typography_font_family": "Be Vietnam Pro",
                "typography_font_size": {
                    "unit": "px",
                    "size": 12,
                    "sizes": []
                },
                "typography_font_weight": "500",
                "typography_font_style": "normal",
                "typography_text_decoration": "none",
                "typography_text_transform": "uppercase"
            },
            {
                "typography_typography": "custom",
                "typography_font_family": "Be Vietnam Pro",
                "typography_font_size": {
                    "unit": "px",
                    "size": 13,
                    "sizes": []
                },
                "typography_font_weight": "800",
                "typography_text_transform": "uppercase",
                "typography_font_style": "normal",
                "typography_text_decoration": "none",
                "typography_line_height": {
                    "unit": "em",
                    "size": 1,
                    "sizes": []
                },
                "typography_letter_spacing": {
                    "unit": "px",
                    "size": 0.4,
                    "sizes": []
                },
                "_id": "315709c",
                "title": "Sub Heading"
            },
            {
                "typography_typography": "custom",
                "typography_font_family": "Be Vietnam Pro",
                "typography_font_size": {
                    "unit": "px",
                    "size": 15,
                    "sizes": []
                },
                "typography_font_weight": "800",
                "typography_text_transform": "uppercase",
                "typography_font_style": "normal",
                "typography_text_decoration": "none",
                "typography_line_height": {
                    "unit": "em",
                    "size": 1,
                    "sizes": []
                },
                "typography_letter_spacing": {
                    "unit": "px",
                    "size": 0.6,
                    "sizes": []
                },
                "_id": "d2be5a1",
                "title": "Widget Title"
            },
            {
                "typography_typography": "custom",
                "typography_font_family": "Be Vietnam Pro",
                "typography_font_size": {
                    "unit": "px",
                    "size": 17,
                    "sizes": []
                },
                "typography_font_weight": "400",
                "typography_font_style": "normal",
                "typography_text_decoration": "none",
                "typography_line_height": {
                    "unit": "em",
                    "size": 1.6,
                    "sizes": []
                },
                "_id": "b62a13d",
                "title": "Sub Title"
            },
            {
                "typography_typography": "custom",
                "typography_font_family": "Be Vietnam Pro",
                "typography_font_size": {
                    "unit": "px",
                    "size": 52,
                    "sizes": []
                },
                "typography_font_size_tablet": {
                    "unit": "px",
                    "size": 46,
                    "sizes": []
                },
                "typography_font_size_mobile": {
                    "unit": "px",
                    "size": 36,
                    "sizes": []
                },
                "typography_font_weight": "800",
                "typography_text_transform": "uppercase",
                "typography_line_height": {
                    "unit": "em",
                    "size": 1.2,
                    "sizes": []
                },
                "_id": "0354145",
                "title": "Line Heading"
            }
        ],
        "default_generic_fonts": "Sans-serif",
        "container_width": {
            "unit": "px",
            "size": 1280,
            "sizes": []
        },
        "space_between_widgets": {
            "unit": "px",
            "size": 0,
            "sizes": []
        },
        "page_title_selector": "h1.entry-title",
        "default_page_template": "elementor_header_footer",
        "activeItemIndex": 1,
        "viewport_md": 768,
        "viewport_lg": 1025,
        "body_background_background": "classic",
        "__globals__": {
            "button_typography_typography": "globals\/typography?id=accent",
            "button_background_color": "globals\/colors?id=f491614",
            "button_text_color": "globals\/colors?id=secondary",
            "button_hover_background_color": "globals\/colors?id=f491614",
            "button_hover_text_color": "globals\/colors?id=text",
            "body_background_color": "globals\/colors?id=41e718d",
            "mobile_browser_background": "globals\/colors?id=41e718d",
            "body_color": "globals\/colors?id=text",
            "body_typography_typography": "globals\/typography?id=text",
            "link_hover_color": "globals\/colors?id=primary",
            "link_normal_color": "globals\/colors?id=secondary",
            "h1_color": "globals\/colors?id=secondary",
            "h2_color": "globals\/colors?id=secondary",
            "h1_typography_typography": "globals\/typography?id=primary",
            "h2_typography_typography": "globals\/typography?id=secondary",
            "h3_color": "globals\/colors?id=secondary",
            "h3_typography_typography": "globals\/typography?id=62f5f26",
            "h4_typography_typography": "globals\/typography?id=01e3d1c",
            "h5_typography_typography": "globals\/typography?id=5e57db5",
            "h6_typography_typography": "globals\/typography?id=8a0691a",
            "h6_color": "globals\/colors?id=secondary",
            "h5_color": "globals\/colors?id=secondary",
            "h4_color": "globals\/colors?id=secondary",
            "form_field_typography_typography": "globals\/typography?id=text",
            "button_border_color": "globals\/colors?id=primary",
            "form_field_background_color": "globals\/colors?id=accent",
            "form_field_border_color": "globals\/colors?id=152652f",
            "form_field_text_color": "globals\/colors?id=text",
            "form_field_accent_color": "globals\/colors?id=primary",
            "form_label_typography_typography": "globals\/typography?id=accent",
            "form_label_color": "globals\/colors?id=text",
            "form_field_focus_accent_color": "globals\/colors?id=primary",
            "form_field_focus_text_color": "globals\/colors?id=text",
            "form_field_focus_background_color": "globals\/colors?id=accent",
            "form_field_focus_border_color": "globals\/colors?id=152652f",
            "error_notice_box_background_color": "globals\/colors?id=accent",
            "error_message_text_color": "globals\/colors?id=text",
            "error_message_text_typography_typography": "globals\/typography?id=text",
            "error_message_icon_color": "globals\/colors?id=primary",
            "error_message_link_typography_typography": "globals\/typography?id=text",
            "error_message_normal_links_color": "globals\/colors?id=secondary",
            "error_message_hover_links_color": "globals\/colors?id=primary",
            "message_notice_box_background_color": "globals\/colors?id=accent",
            "message_message_text_color": "globals\/colors?id=text",
            "message_message_text_typography_typography": "globals\/typography?id=text",
            "notice_message_link_typography_typography": "globals\/typography?id=text",
            "notice_message_normal_links_color": "globals\/colors?id=secondary",
            "notice_message_hover_links_color": "globals\/colors?id=primary",
            "message_button_typography_typography": "globals\/typography?id=accent",
            "message_buttons_normal_background_color": "globals\/colors?id=primary",
            "message_buttons_border_color": "globals\/colors?id=primary",
            "message_buttons_normal_text_color": "globals\/colors?id=secondary",
            "message_buttons_hover_border_color": "globals\/colors?id=primary",
            "message_buttons_hover_background_color": "globals\/colors?id=41e718d",
            "message_buttons_hover_text_color": "globals\/colors?id=secondary",
            "info_message_text_color": "globals\/colors?id=text",
            "info_message_text_typography_typography": "globals\/typography?id=text",
            "info_notice_box_background_color": "globals\/colors?id=accent",
            "info_button_typography_typography": "globals\/typography?id=accent",
            "info_buttons_normal_text_color": "globals\/colors?id=secondary",
            "info_buttons_normal_background_color": "globals\/colors?id=primary",
            "info_buttons_border_color": "globals\/colors?id=primary",
            "info_buttons_hover_text_color": "globals\/colors?id=secondary",
            "info_buttons_hover_background_color": "globals\/colors?id=41e718d",
            "info_buttons_hover_border_color": "globals\/colors?id=primary",
            "lightbox_ui_color": "globals\/colors?id=cc7bf96",
            "lightbox_ui_color_hover": "globals\/colors?id=primary",
            "lightbox_color": "globals\/colors?id=41e718d",
            "lightbox_text_color": "globals\/colors?id=text"
        },
        "button_border_border": "solid",
        "paragraph_spacing": {
            "unit": "em",
            "size": 1.5,
            "sizes": []
        },
        "button_border_radius": {
            "unit": "px",
            "top": "0",
            "right": "0",
            "bottom": "0",
            "left": "0",
            "isLinked": false
        },
        "button_padding": {
            "unit": "px",
            "top": "0",
            "right": "2",
            "bottom": "8",
            "left": "0",
            "isLinked": false
        },
        "image_border_radius": {
            "unit": "px",
            "top": "0",
            "right": "0",
            "bottom": "0",
            "left": "0",
            "isLinked": false
        },
        "form_field_border_radius": {
            "unit": "px",
            "top": "0",
            "right": "0",
            "bottom": "0",
            "left": "0",
            "isLinked": false
        },
        "body_color": "#FFFFFFC2",
        "body_typography_typography": "custom",
        "body_typography_font_family": "Be Vietnam Pro",
        "body_typography_font_size": {
            "unit": "px",
            "size": 15,
            "sizes": []
        },
        "body_typography_font_weight": "400",
        "body_typography_line_height": {
            "unit": "em",
            "size": 1.6,
            "sizes": []
        },
        "link_normal_color": "#FFFFFF",
        "link_hover_color": "#EC3737",
        "h1_color": "#FFFFFF",
        "h1_typography_typography": "custom",
        "h1_typography_font_family": "Be Vietnam Pro",
        "h1_typography_font_size": {
            "unit": "px",
            "size": 56,
            "sizes": []
        },
        "h1_typography_font_weight": "800",
        "h1_typography_line_height": {
            "unit": "em",
            "size": 1.2,
            "sizes": []
        },
        "h2_color": "#FFFFFF",
        "h2_typography_typography": "custom",
        "h2_typography_font_family": "Be Vietnam Pro",
        "h2_typography_font_weight": "800",
        "h2_typography_line_height": {
            "unit": "em",
            "size": 1.3,
            "sizes": []
        },
        "h3_color": "#FFFFFF",
        "h3_typography_typography": "custom",
        "h3_typography_font_size": {
            "unit": "px",
            "size": 20,
            "sizes": []
        },
        "h3_typography_font_weight": "700",
        "h3_typography_line_height": {
            "unit": "em",
            "size": 1.4,
            "sizes": []
        },
        "h4_color": "#FFFFFF",
        "h4_typography_typography": "custom",
        "h4_typography_font_size": {
            "unit": "px",
            "size": 16,
            "sizes": []
        },
        "h4_typography_font_weight": "700",
        "h4_typography_line_height": {
            "unit": "em",
            "size": 1.4,
            "sizes": []
        },
        "h5_color": "#FFFFFF",
        "h5_typography_typography": "custom",
        "h5_typography_font_family": "Be Vietnam Pro",
        "h5_typography_font_size": {
            "unit": "px",
            "size": 14,
            "sizes": []
        },
        "h5_typography_font_weight": "500",
        "h5_typography_line_height": {
            "unit": "em",
            "size": 1.5,
            "sizes": []
        },
        "h6_color": "#FFFFFF",
        "h6_typography_typography": "custom",
        "h6_typography_font_family": "Be Vietnam Pro",
        "h6_typography_font_size": {
            "unit": "px",
            "size": 12,
            "sizes": []
        },
        "h6_typography_font_weight": "500",
        "h6_typography_line_height": {
            "unit": "em",
            "size": 1.5,
            "sizes": []
        },
        "button_background_color": "#FFFFFF00",
        "button_border_width": {
            "unit": "px",
            "top": "0",
            "right": "0",
            "bottom": "2",
            "left": "0",
            "isLinked": false
        },
        "button_hover_text_color": "#FFFFFFC2",
        "button_hover_background_color": "#FFFFFF00",
        "body_background_color": "#020205",
        "mobile_browser_background": "#020205",
        "form_field_border_border": "solid",
        "form_field_border_width": {
            "unit": "px",
            "top": "1",
            "right": "1",
            "bottom": "1",
            "left": "1",
            "isLinked": true
        },
        "form_field_focus_border_border": "solid",
        "form_field_focus_border_width": {
            "unit": "px",
            "top": "1",
            "right": "1",
            "bottom": "1",
            "left": "1",
            "isLinked": true
        },
        "form_field_focus_border_radius": {
            "unit": "px",
            "top": "0",
            "right": "0",
            "bottom": "0",
            "left": "0",
            "isLinked": false
        },
        "form_field_focus_transition_duration": {
            "unit": "px",
            "size": 4,
            "sizes": []
        },
        "h1_typography_font_size_mobile": {
            "unit": "px",
            "size": 40,
            "sizes": []
        },
        "h2_typography_font_size": {
            "unit": "px",
            "size": 34,
            "sizes": []
        },
        "button_typography_typography": "custom",
        "button_typography_font_family": "Be Vietnam Pro",
        "button_typography_font_size": {
            "unit": "px",
            "size": 12,
            "sizes": []
        },
        "button_typography_font_weight": "700",
        "button_typography_text_transform": "uppercase",
        "button_typography_font_style": "normal",
        "button_typography_text_decoration": "none",
        "button_typography_line_height": {
            "unit": "em",
            "size": 1.3,
            "sizes": []
        },
        "button_typography_letter_spacing": {
            "unit": "px",
            "size": 0.2,
            "sizes": []
        },
        "button_typography_word_spacing": {
            "unit": "px",
            "size": "",
            "sizes": []
        },
        "button_text_color": "#FFFFFF",
        "button_border_color": "#EC3737",
        "form_label_color": "#FFFFFFC2",
        "form_field_typography_typography": "custom",
        "form_field_typography_font_family": "Be Vietnam Pro",
        "form_field_typography_font_size": {
            "unit": "px",
            "size": 15,
            "sizes": []
        },
        "form_field_typography_font_weight": "400",
        "form_field_typography_line_height": {
            "unit": "em",
            "size": 1.6,
            "sizes": []
        },
        "form_field_text_color": "#FFFFFFC2",
        "form_field_accent_color": "#EC3737",
        "form_field_background_color": "#15171E",
        "form_field_border_color": "#FFFFFF45",
        "form_field_focus_text_color": "#FFFFFFC2",
        "form_field_focus_accent_color": "#EC3737",
        "form_field_focus_background_color": "#FFFFFF45",
        "form_field_focus_border_color": "#FFFFFF45",
        "woocommerce_notices_elements": [
            "wc_error",
            "wc_message",
            "wc_info"
        ],
        "error_notice_box_background_background": "classic",
        "error_notice_box_border_radius": {
            "unit": "px",
            "top": "0",
            "right": "0",
            "bottom": "0",
            "left": "0",
            "isLinked": false
        },
        "message_notice_box_background_background": "classic",
        "message_buttons_normal_background_background": "classic",
        "message_buttons_hover_background_background": "classic",
        "message_buttons_border_type": "solid",
        "message_buttons_border_width": {
            "unit": "px",
            "top": "1",
            "right": "1",
            "bottom": "1",
            "left": "1",
            "isLinked": true
        },
        "message_buttons_border_radius": {
            "unit": "px",
            "top": "0",
            "right": "0",
            "bottom": "0",
            "left": "0",
            "isLinked": false
        },
        "info_notice_box_background_background": "classic",
        "info_notice_box_border_radius": {
            "unit": "px",
            "top": "0",
            "right": "0",
            "bottom": "0",
            "left": "0",
            "isLinked": false
        },
        "info_buttons_normal_background_background": "classic",
        "info_buttons_hover_background_background": "classic",
        "info_buttons_border_type": "solid",
        "info_buttons_border_width": {
            "unit": "px",
            "top": "1",
            "right": "1",
            "bottom": "1",
            "left": "1",
            "isLinked": true
        },
        "info_buttons_border_radius": {
            "unit": "px",
            "top": "0",
            "right": "0",
            "bottom": "0",
            "left": "0",
            "isLinked": false
        }
    }
}