{
    "version": "0.4",
    "title": "Header",
    "type": "header",
    "metadata": {
        "template_type": "section-header",
        "include_in_zip": "1",
        "elementor_pro_required": "1",
        "elementor_library_type": "header",
        "elementor_pro_conditions": [
            "include\/general"
        ],
        "additional_template_information": [
            "This is a \"Header\" template for Elementor Pro.",
            "This template will display on: Entire Site."
        ],
        "wp_page_template": "default"
    },
    "content": [
        {
            "id": "765f6703",
            "settings": {
                "gap": "no",
                "content_position": "middle",
                "padding": {
                    "unit": "px",
                    "top": "32",
                    "right": "0",
                    "bottom": "32",
                    "left": "0",
                    "isLinked": false
                },
                "padding_tablet": {
                    "unit": "px",
                    "top": "32",
                    "right": "32",
                    "bottom": "32",
                    "left": "32",
                    "isLinked": false
                },
                "padding_mobile": {
                    "unit": "px",
                    "top": "28",
                    "right": "20",
                    "bottom": "28",
                    "left": "20",
                    "isLinked": false
                },
                "background_color": "#475A6E",
                "__globals__": {
                    "background_color": ""
                },
                "z_index": 99
            },
            "elements": [
                {
                    "id": "6281113a",
                    "settings": {
                        "_column_size": 100,
                        "_inline_size": null,
                        "margin": {
                            "unit": "px",
                            "top": "0",
                            "right": "0",
                            "bottom": "0",
                            "left": "0",
                            "isLinked": false
                        }
                    },
                    "elements": [
                        {
                            "id": "5bdc1070",
                            "settings": {
                                "__dynamic__": {
                                    "image": "[elementor-tag id=\"\" name=\"site-logo\" settings=\"%7B%7D\"]"
                                },
                                "align": "left",
                                "width": {
                                    "unit": "%",
                                    "size": 100,
                                    "sizes": []
                                },
                                "_element_width": "initial",
                                "_element_custom_width": {
                                    "unit": "%",
                                    "size": 14,
                                    "sizes": []
                                },
                                "width_mobile": {
                                    "unit": "%",
                                    "size": 44,
                                    "sizes": []
                                },
                                "_element_custom_width_tablet": {
                                    "unit": "%",
                                    "size": 24,
                                    "sizes": []
                                },
                                "_element_custom_width_mobile": {
                                    "unit": "%",
                                    "size": 70,
                                    "sizes": []
                                },
                                "align_mobile": "left",
                                "_margin": {
                                    "unit": "px",
                                    "top": "0",
                                    "right": "60",
                                    "bottom": "0",
                                    "left": "0",
                                    "isLinked": false
                                },
                                "_margin_mobile": {
                                    "unit": "px",
                                    "top": "0",
                                    "right": "0",
                                    "bottom": "0",
                                    "left": "0",
                                    "isLinked": false
                                },
                                "_element_width_mobile": "initial"
                            },
                            "elements": [],
                            "isInner": false,
                            "widgetType": "theme-site-logo",
                            "elType": "widget"
                        },
                        {
                            "id": "c227a0e",
                            "settings": {
                                "menu": "main-navigation",
                                "align_items": "left",
                                "submenu_icon": {
                                    "value": "fas fa-chevron-down",
                                    "library": "fa-solid"
                                },
                                "full_width": "stretch",
                                "_element_width": "initial",
                                "_element_custom_width": {
                                    "unit": "%",
                                    "size": 65,
                                    "sizes": []
                                },
                                "__globals__": {
                                    "menu_typography_typography": "globals\/typography?id=04b8e21",
                                    "dropdown_typography_typography": "globals\/typography?id=005f9ca",
                                    "color_menu_item_hover": "globals\/colors?id=secondary",
                                    "color_menu_item": "globals\/colors?id=secondary",
                                    "pointer_color_menu_item_hover": "globals\/colors?id=primary",
                                    "color_menu_item_active": "globals\/colors?id=secondary",
                                    "pointer_color_menu_item_active": "globals\/colors?id=primary",
                                    "nav_menu_divider_color": "globals\/colors?id=152652f",
                                    "background_color_dropdown_item": "globals\/colors?id=accent",
                                    "color_dropdown_item": "globals\/colors?id=text",
                                    "background_color_dropdown_item_hover": "globals\/colors?id=primary",
                                    "color_dropdown_item_hover": "globals\/colors?id=secondary",
                                    "background_color_dropdown_item_active": "globals\/colors?id=primary",
                                    "color_dropdown_item_active": "globals\/colors?id=secondary",
                                    "dropdown_border_color": "globals\/colors?id=accent",
                                    "toggle_color": "globals\/colors?id=secondary",
                                    "toggle_background_color": "globals\/colors?id=f491614",
                                    "toggle_color_hover": "globals\/colors?id=text"
                                },
                                "_element_custom_width_tablet": {
                                    "unit": "%",
                                    "size": 40,
                                    "sizes": []
                                },
                                "_element_custom_width_mobile": {
                                    "unit": "%",
                                    "size": 16,
                                    "sizes": []
                                },
                                "animation_line": "grow",
                                "nav_menu_divider_style": "dotted",
                                "nav_menu_divider_weight": {
                                    "unit": "px",
                                    "size": 1,
                                    "sizes": []
                                },
                                "nav_menu_divider_height": {
                                    "unit": "%",
                                    "size": 40,
                                    "sizes": []
                                },
                                "pointer_width": {
                                    "unit": "px",
                                    "size": 2,
                                    "sizes": []
                                },
                                "padding_horizontal_menu_item": {
                                    "unit": "px",
                                    "size": 4,
                                    "sizes": []
                                },
                                "padding_vertical_menu_item": {
                                    "unit": "px",
                                    "size": 16,
                                    "sizes": []
                                },
                                "menu_space_between": {
                                    "unit": "px",
                                    "size": 32,
                                    "sizes": []
                                },
                                "dropdown_border_border": "solid",
                                "dropdown_border_radius": {
                                    "unit": "px",
                                    "top": "0",
                                    "right": "0",
                                    "bottom": "0",
                                    "left": "0",
                                    "isLinked": false
                                },
                                "dropdown_border_width_mobile": {
                                    "unit": "px",
                                    "top": "8",
                                    "right": "8",
                                    "bottom": "8",
                                    "left": "8",
                                    "isLinked": true
                                },
                                "padding_vertical_dropdown_item_mobile": {
                                    "unit": "px",
                                    "size": 12,
                                    "sizes": []
                                },
                                "dropdown_top_distance_tablet": {
                                    "unit": "px",
                                    "size": 16,
                                    "sizes": []
                                },
                                "toggle_size_tablet": {
                                    "unit": "px",
                                    "size": 22,
                                    "sizes": []
                                },
                                "_margin_tablet": {
                                    "unit": "px",
                                    "top": "0",
                                    "right": "0",
                                    "bottom": "0",
                                    "left": "0",
                                    "isLinked": false
                                },
                                "_element_vertical_align_mobile": "center",
                                "toggle_size_mobile": {
                                    "unit": "px",
                                    "size": 20,
                                    "sizes": []
                                },
                                "padding_vertical_dropdown_item": {
                                    "unit": "px",
                                    "size": 9,
                                    "sizes": []
                                },
                                "toggle_align": "right",
                                "padding_vertical_dropdown_item_tablet": {
                                    "unit": "px",
                                    "size": 12,
                                    "sizes": []
                                },
                                "menu_id": 2
                            },
                            "elements": [],
                            "isInner": false,
                            "widgetType": "nav-menu",
                            "elType": "widget"
                        },
                        {
                            "id": "cd33021",
                            "settings": {
                                "selected_icon": {
                                    "value": "fas fa-phone",
                                    "library": "fa-solid"
                                },
                                "view": "stacked",
                                "link": {
                                    "url": "#",
                                    "is_external": "",
                                    "nofollow": "",
                                    "custom_attributes": ""
                                },
                                "align": "right",
                                "size": {
                                    "unit": "px",
                                    "size": 16,
                                    "sizes": []
                                },
                                "size_mobile": {
                                    "unit": "px",
                                    "size": 12,
                                    "sizes": []
                                },
                                "icon_padding": {
                                    "unit": "px",
                                    "size": 7,
                                    "sizes": []
                                },
                                "_margin": {
                                    "unit": "px",
                                    "top": "0",
                                    "right": "0",
                                    "bottom": "-5",
                                    "left": "0",
                                    "isLinked": false
                                },
                                "_element_width": "initial",
                                "_element_custom_width": {
                                    "unit": "%",
                                    "size": 6,
                                    "sizes": []
                                },
                                "_element_custom_width_tablet": {
                                    "unit": "%",
                                    "size": 8,
                                    "sizes": []
                                },
                                "_element_custom_width_mobile": {
                                    "unit": "%",
                                    "size": 14,
                                    "sizes": []
                                },
                                "_element_vertical_align": "center",
                                "__globals__": {
                                    "primary_color": "globals\/colors?id=primary",
                                    "secondary_color": "globals\/colors?id=secondary",
                                    "hover_primary_color": "globals\/colors?id=secondary",
                                    "hover_secondary_color": "globals\/colors?id=primary"
                                }
                            },
                            "elements": [],
                            "isInner": false,
                            "widgetType": "icon",
                            "elType": "widget"
                        },
                        {
                            "id": "6067ff2b",
                            "settings": {
                                "text": "Get Started",
                                "align": "right",
                                "selected_icon": {
                                    "value": "fas fa-paper-plane",
                                    "library": "fa-solid"
                                },
                                "icon_indent": {
                                    "unit": "px",
                                    "size": 12,
                                    "sizes": []
                                },
                                "_element_width": "initial",
                                "_element_custom_width": {
                                    "unit": "%",
                                    "size": 15
                                },
                                "align_mobile": "justify",
                                "_margin_mobile": {
                                    "unit": "px",
                                    "top": "0",
                                    "right": "0",
                                    "bottom": "0",
                                    "left": "0",
                                    "isLinked": false
                                },
                                "_element_width_mobile": "inherit",
                                "_element_custom_width_tablet": {
                                    "unit": "%",
                                    "size": 28,
                                    "sizes": []
                                },
                                "_element_custom_width_mobile": {
                                    "unit": "%",
                                    "size": "",
                                    "sizes": []
                                },
                                "__globals__": {
                                    "background_color": "globals\/colors?id=primary",
                                    "button_text_color": "globals\/colors?id=secondary",
                                    "typography_typography": "globals\/typography?id=315709c",
                                    "button_background_hover_color": "globals\/colors?id=f491614",
                                    "hover_color": "globals\/colors?id=secondary"
                                },
                                "size": "md",
                                "border_border": "solid",
                                "border_width": {
                                    "unit": "px",
                                    "top": "2",
                                    "right": "2",
                                    "bottom": "2",
                                    "left": "2",
                                    "isLinked": true
                                },
                                "text_padding": {
                                    "unit": "px",
                                    "top": "14",
                                    "right": "20",
                                    "bottom": "14",
                                    "left": "20",
                                    "isLinked": false
                                },
                                "hide_mobile": "hidden-mobile"
                            },
                            "elements": [],
                            "isInner": false,
                            "widgetType": "button",
                            "elType": "widget"
                        }
                    ],
                    "isInner": false,
                    "elType": "column"
                }
            ],
            "isInner": false,
            "elType": "section"
        }
    ],
    "page_settings": {
        "content_wrapper_html_tag": "header"
    }
}