{
    "version": "0.4",
    "title": "Job Details",
    "type": "page",
    "metadata": {
        "template_type": "single-page",
        "include_in_zip": "1",
        "elementor_pro_required": "1",
        "wp_page_template": "elementor_header_footer"
    },
    "content": [
        {
            "id": "665e9c1b",
            "settings": {
                "content_width": {
                    "unit": "px",
                    "size": 700,
                    "sizes": []
                },
                "gap": "no",
                "custom_height": {
                    "unit": "vh",
                    "size": 100,
                    "sizes": []
                },
                "custom_height_tablet": {
                    "unit": "vh",
                    "size": "",
                    "sizes": []
                },
                "content_position": "middle",
                "background_background": "classic",
                "background_image": {
                    "url": "https:\/\/www.xable.oxacor.com\/wp-content\/uploads\/programming-coding-and-thinking-with-businessman-at-night-for-software-idea-and-digital-marketing.jpg",
                    "id": 4956,
                    "size": "",
                    "alt": "Programming, coding and thinking with businessman at night for software, idea and digital marketing",
                    "source": "library"
                },
                "background_position": "center center",
                "background_attachment": "fixed",
                "background_repeat": "no-repeat",
                "background_size": "cover",
                "background_overlay_background": "classic",
                "background_overlay_opacity": {
                    "unit": "px",
                    "size": 0.72,
                    "sizes": []
                },
                "overlay_blend_mode": "multiply",
                "margin": {
                    "unit": "px",
                    "top": "-124",
                    "right": 0,
                    "bottom": "0",
                    "left": 0,
                    "isLinked": false
                },
                "margin_tablet": {
                    "unit": "px",
                    "top": "",
                    "right": 0,
                    "bottom": "",
                    "left": 0,
                    "isLinked": true
                },
                "margin_mobile": {
                    "unit": "px",
                    "top": "-90",
                    "right": 0,
                    "bottom": "0",
                    "left": 0,
                    "isLinked": false
                },
                "padding": {
                    "unit": "px",
                    "top": "220",
                    "right": "0",
                    "bottom": "140",
                    "left": "0",
                    "isLinked": false
                },
                "__globals__": {
                    "background_overlay_color": "globals\/colors?id=41e718d"
                },
                "padding_mobile": {
                    "unit": "px",
                    "top": "180",
                    "right": "0",
                    "bottom": "120",
                    "left": "0",
                    "isLinked": false
                }
            },
            "elements": [
                {
                    "id": "25ec488e",
                    "settings": {
                        "_column_size": 100,
                        "_inline_size": null,
                        "align": "center",
                        "margin_mobile": {
                            "unit": "px",
                            "top": "0",
                            "right": "0",
                            "bottom": "0",
                            "left": "0",
                            "isLinked": false
                        },
                        "padding_mobile": {
                            "unit": "px",
                            "top": "0",
                            "right": "20",
                            "bottom": "0",
                            "left": "20",
                            "isLinked": false
                        },
                        "padding_tablet": {
                            "unit": "px",
                            "top": "0",
                            "right": "28",
                            "bottom": "0",
                            "left": "28",
                            "isLinked": false
                        }
                    },
                    "elements": [
                        {
                            "id": "31ce341f",
                            "settings": {
                                "icon_list": [
                                    {
                                        "text": "Current Job Opening",
                                        "selected_icon": {
                                            "value": "fas fa-circle-notch",
                                            "library": "fa-solid"
                                        },
                                        "_id": "4361f2a"
                                    }
                                ],
                                "icon_align": "center",
                                "icon_size": {
                                    "unit": "px",
                                    "size": 16,
                                    "sizes": []
                                },
                                "__globals__": {
                                    "icon_color": "globals\/colors?id=primary",
                                    "icon_typography_typography": "globals\/typography?id=315709c",
                                    "text_color": "globals\/colors?id=secondary"
                                },
                                "icon_color": "#ED1C25",
                                "text_color": "#FFFFFF",
                                "space_between_mobile": {
                                    "unit": "px",
                                    "size": 24,
                                    "sizes": []
                                },
                                "view": "inline",
                                "space_between": {
                                    "unit": "px",
                                    "size": 0,
                                    "sizes": []
                                },
                                "text_indent": {
                                    "unit": "px",
                                    "size": 8,
                                    "sizes": []
                                },
                                "_margin": {
                                    "unit": "px",
                                    "top": "0",
                                    "right": "0",
                                    "bottom": "0",
                                    "left": "0",
                                    "isLinked": false
                                }
                            },
                            "elements": [],
                            "isInner": false,
                            "widgetType": "icon-list",
                            "elType": "widget"
                        },
                        {
                            "id": "7cf73584",
                            "settings": {
                                "selected_icon": {
                                    "value": "",
                                    "library": ""
                                },
                                "title_text": "System Architect",
                                "description_text": "We\u2019re hiring a System Architect to design high-level structures of our IT projects and guide the development team during implementation.",
                                "title_size": "h1",
                                "text_align": "center",
                                "title_bottom_space": {
                                    "unit": "px",
                                    "size": 24,
                                    "sizes": []
                                },
                                "_margin": {
                                    "unit": "px",
                                    "top": "24",
                                    "right": "0",
                                    "bottom": "0",
                                    "left": "0",
                                    "isLinked": false
                                },
                                "__globals__": {
                                    "description_typography_typography": "globals\/typography?id=2d4f93f",
                                    "description_color": "",
                                    "title_color": ""
                                },
                                "text_align_mobile": "center"
                            },
                            "elements": [],
                            "isInner": false,
                            "widgetType": "icon-box",
                            "elType": "widget"
                        }
                    ],
                    "isInner": false,
                    "elType": "column"
                }
            ],
            "isInner": false,
            "elType": "section"
        },
        {
            "id": "da0c60",
            "settings": {
                "gap": "no",
                "structure": "20",
                "margin": {
                    "unit": "px",
                    "top": "120",
                    "right": 0,
                    "bottom": "0",
                    "left": 0,
                    "isLinked": false
                },
                "padding_tablet": {
                    "unit": "px",
                    "top": "0",
                    "right": "60",
                    "bottom": "0",
                    "left": "60",
                    "isLinked": false
                },
                "padding_mobile": {
                    "unit": "px",
                    "top": "0",
                    "right": "0",
                    "bottom": "0",
                    "left": "0",
                    "isLinked": false
                }
            },
            "elements": [
                {
                    "id": "4c554675",
                    "settings": {
                        "_column_size": 50,
                        "_inline_size": 56,
                        "_inline_size_tablet": 100,
                        "margin": {
                            "unit": "px",
                            "top": "0",
                            "right": "80",
                            "bottom": "0",
                            "left": "0",
                            "isLinked": false
                        },
                        "margin_tablet": {
                            "unit": "px",
                            "top": "0",
                            "right": "0",
                            "bottom": "0",
                            "left": "0",
                            "isLinked": false
                        },
                        "padding_mobile": {
                            "unit": "px",
                            "top": "0",
                            "right": "28",
                            "bottom": "0",
                            "left": "28",
                            "isLinked": false
                        }
                    },
                    "elements": [
                        {
                            "id": "65e5bf35",
                            "settings": {
                                "icon_list": [
                                    {
                                        "text": "Location: Boston, MA",
                                        "selected_icon": {
                                            "value": "fas fa-map-marker-alt",
                                            "library": "fa-solid"
                                        },
                                        "_id": "0aa6354"
                                    },
                                    {
                                        "_id": "e8a2101",
                                        "text": "Job Type: Full time",
                                        "selected_icon": {
                                            "value": "fas fa-compress",
                                            "library": "fa-solid"
                                        }
                                    }
                                ],
                                "space_between": {
                                    "unit": "px",
                                    "size": 16,
                                    "sizes": []
                                },
                                "icon_align": "left",
                                "icon_size": {
                                    "unit": "px",
                                    "size": 18,
                                    "sizes": []
                                },
                                "__globals__": {
                                    "icon_color": "globals\/colors?id=primary",
                                    "text_color": "globals\/colors?id=secondary",
                                    "icon_typography_typography": "globals\/typography?id=accent"
                                },
                                "icon_color": "#EC3737",
                                "text_indent": {
                                    "unit": "px",
                                    "size": 2,
                                    "sizes": []
                                },
                                "icon_self_vertical_align": "center",
                                "text_color": "#EC3737"
                            },
                            "elements": [],
                            "isInner": false,
                            "widgetType": "icon-list",
                            "elType": "widget"
                        },
                        {
                            "id": "3574dc3a",
                            "settings": {
                                "selected_icon": {
                                    "value": "",
                                    "library": ""
                                },
                                "title_text": "Summary",
                                "description_text": "As a System Architect, you will be responsible for designing high-level structures for our complex IT systems, and guiding the development team during the implementation process. You should have a strong technical background and excellent IT project management skills. ",
                                "text_align": "left",
                                "_margin": {
                                    "unit": "px",
                                    "top": "48",
                                    "right": "0",
                                    "bottom": "0",
                                    "left": "0",
                                    "isLinked": false
                                },
                                "_animation": "fadeInUp"
                            },
                            "elements": [],
                            "isInner": false,
                            "widgetType": "icon-box",
                            "elType": "widget"
                        },
                        {
                            "id": "5ac3f83b",
                            "settings": {
                                "title": "Responsibilities:",
                                "header_size": "h3",
                                "_margin": {
                                    "unit": "px",
                                    "top": "48",
                                    "right": "0",
                                    "bottom": "0",
                                    "left": "0",
                                    "isLinked": false
                                }
                            },
                            "elements": [],
                            "isInner": false,
                            "widgetType": "heading",
                            "elType": "widget"
                        },
                        {
                            "id": "5c654a09",
                            "settings": {
                                "icon_list": [
                                    {
                                        "text": "Define and design system architecture to support business requirements.",
                                        "_id": "7865efc"
                                    },
                                    {
                                        "text": "Analyze system requirements and lead design and development activities.",
                                        "_id": "3a933f9"
                                    },
                                    {
                                        "text": "Guide developers and engineers to ensure system coherence and effectiveness.",
                                        "_id": "a30d992"
                                    },
                                    {
                                        "text": "Provide technical leadership and support to our software development teams.",
                                        "_id": "0a2cafe"
                                    },
                                    {
                                        "text": "Assess potential risks and technical challenges and prepare solutions.",
                                        "_id": "2a650da"
                                    },
                                    {
                                        "text": "Oversee assigned programs and provide guidance to project teams.",
                                        "_id": "8526bdb"
                                    },
                                    {
                                        "text": "Maintain a thorough understanding of evolving technology trends.",
                                        "_id": "c17edf7"
                                    }
                                ],
                                "space_between": {
                                    "unit": "px",
                                    "size": 16,
                                    "sizes": []
                                },
                                "icon_align": "left",
                                "text_indent": {
                                    "unit": "px",
                                    "size": 4,
                                    "sizes": []
                                },
                                "_margin": {
                                    "unit": "px",
                                    "top": "20",
                                    "right": "0",
                                    "bottom": "0",
                                    "left": "0",
                                    "isLinked": false
                                },
                                "__globals__": {
                                    "icon_color": "globals\/colors?id=primary"
                                },
                                "icon_self_vertical_align": "flex-start",
                                "icon_vertical_offset": {
                                    "unit": "px",
                                    "size": 5,
                                    "sizes": []
                                },
                                "icon_self_align": "left",
                                "_animation": "fadeInUp"
                            },
                            "elements": [],
                            "isInner": false,
                            "widgetType": "icon-list",
                            "elType": "widget"
                        },
                        {
                            "id": "fb2115b",
                            "settings": {
                                "title": "Qualifications:",
                                "header_size": "h3",
                                "_margin": {
                                    "unit": "px",
                                    "top": "48",
                                    "right": "0",
                                    "bottom": "0",
                                    "left": "0",
                                    "isLinked": false
                                }
                            },
                            "elements": [],
                            "isInner": false,
                            "widgetType": "heading",
                            "elType": "widget"
                        },
                        {
                            "id": "56a32679",
                            "settings": {
                                "icon_list": [
                                    {
                                        "text": "A bachelor's or master's degree in Computer Science, Information Technology, or a related field.",
                                        "_id": "b7dbd1f"
                                    },
                                    {
                                        "text": "Proven experience as a System Architect or in a similar role in software development.",
                                        "_id": "3694f06"
                                    },
                                    {
                                        "text": "Extensive experience with system architecture models and their application.",
                                        "_id": "53ad391"
                                    },
                                    {
                                        "text": "Proficient in using architecture modeling tools.",
                                        "_id": "e33eef1"
                                    },
                                    {
                                        "text": "Knowledge of coding languages and all phases of software development lifecycles.",
                                        "_id": "f64e413"
                                    },
                                    {
                                        "text": "Strong problem-solving skills and ability to think algorithmically.",
                                        "_id": "0aab017"
                                    },
                                    {
                                        "text": "Ability to work collaboratively in a team environment and effectively with people at all levels in an organization.",
                                        "_id": "c3cb608"
                                    }
                                ],
                                "space_between": {
                                    "unit": "px",
                                    "size": 16,
                                    "sizes": []
                                },
                                "icon_align": "left",
                                "text_indent": {
                                    "unit": "px",
                                    "size": 4,
                                    "sizes": []
                                },
                                "_margin": {
                                    "unit": "px",
                                    "top": "20",
                                    "right": "0",
                                    "bottom": "0",
                                    "left": "0",
                                    "isLinked": false
                                },
                                "__globals__": {
                                    "icon_color": "globals\/colors?id=primary"
                                },
                                "icon_self_vertical_align": "flex-start",
                                "icon_vertical_offset": {
                                    "unit": "px",
                                    "size": 5,
                                    "sizes": []
                                },
                                "icon_self_align": "left",
                                "_animation": "fadeInUp"
                            },
                            "elements": [],
                            "isInner": false,
                            "widgetType": "icon-list",
                            "elType": "widget"
                        },
                        {
                            "id": "7034af8b",
                            "settings": {
                                "title": "Benefits:",
                                "header_size": "h3",
                                "_margin": {
                                    "unit": "px",
                                    "top": "48",
                                    "right": "0",
                                    "bottom": "0",
                                    "left": "0",
                                    "isLinked": false
                                }
                            },
                            "elements": [],
                            "isInner": false,
                            "widgetType": "heading",
                            "elType": "widget"
                        },
                        {
                            "id": "36c1f34e",
                            "settings": {
                                "view": "inline",
                                "icon_list": [
                                    {
                                        "text": "Health insurance",
                                        "_id": "7865efc"
                                    },
                                    {
                                        "text": "Paid time off",
                                        "_id": "e120020"
                                    },
                                    {
                                        "text": "Bonuses and incentives",
                                        "_id": "6a82366"
                                    }
                                ],
                                "space_between": {
                                    "unit": "px",
                                    "size": 20,
                                    "sizes": []
                                },
                                "icon_align": "left",
                                "text_indent": {
                                    "unit": "px",
                                    "size": 4,
                                    "sizes": []
                                },
                                "_margin": {
                                    "unit": "px",
                                    "top": "20",
                                    "right": "0",
                                    "bottom": "0",
                                    "left": "0",
                                    "isLinked": false
                                },
                                "__globals__": {
                                    "icon_color": "globals\/colors?id=primary"
                                },
                                "icon_self_vertical_align": "center",
                                "icon_vertical_offset": {
                                    "unit": "px",
                                    "size": "",
                                    "sizes": []
                                }
                            },
                            "elements": [],
                            "isInner": false,
                            "widgetType": "icon-list",
                            "elType": "widget"
                        },
                        {
                            "id": "66ea5e77",
                            "settings": {
                                "selected_icon": {
                                    "value": "",
                                    "library": ""
                                },
                                "title_text": "Salary",
                                "description_text": "$70,000 - $100,000 per year",
                                "text_align": "left",
                                "_margin": {
                                    "unit": "px",
                                    "top": "48",
                                    "right": "0",
                                    "bottom": "0",
                                    "left": "0",
                                    "isLinked": false
                                },
                                "__globals__": {
                                    "description_typography_typography": "globals\/typography?id=2d4f93f",
                                    "description_color": "globals\/colors?id=text"
                                },
                                "_animation": "fadeInUp"
                            },
                            "elements": [],
                            "isInner": false,
                            "widgetType": "icon-box",
                            "elType": "widget"
                        }
                    ],
                    "isInner": false,
                    "elType": "column"
                },
                {
                    "id": "61ea7ead",
                    "settings": {
                        "_column_size": 50,
                        "_inline_size": 44,
                        "_inline_size_tablet": 100,
                        "background_background": "classic",
                        "margin_tablet": {
                            "unit": "px",
                            "top": "70",
                            "right": "0",
                            "bottom": "0",
                            "left": "0",
                            "isLinked": false
                        },
                        "margin_mobile": {
                            "unit": "px",
                            "top": "70",
                            "right": "0",
                            "bottom": "0",
                            "left": "0",
                            "isLinked": false
                        },
                        "padding": {
                            "unit": "px",
                            "top": "60",
                            "right": "40",
                            "bottom": "60",
                            "left": "40",
                            "isLinked": false
                        },
                        "padding_mobile": {
                            "unit": "px",
                            "top": "40",
                            "right": "28",
                            "bottom": "40",
                            "left": "28",
                            "isLinked": false
                        },
                        "__globals__": {
                            "background_color": "globals\/colors?id=accent"
                        },
                        "animation": "fadeInRight"
                    },
                    "elements": [
                        {
                            "id": "277ef53e",
                            "settings": {
                                "title": "Apply For The Job",
                                "header_size": "h3",
                                "align": "center",
                                "__globals__": {
                                    "typography_typography": "",
                                    "title_color": "globals\/colors?id=secondary"
                                },
                                "title_color": "#FFFFFF",
                                "typography_font_size": {
                                    "unit": "px",
                                    "size": 20,
                                    "sizes": []
                                },
                                "typography_font_weight": "700",
                                "typography_line_height": {
                                    "unit": "em",
                                    "size": 1.4,
                                    "sizes": []
                                }
                            },
                            "elements": [],
                            "isInner": false,
                            "widgetType": "heading",
                            "elType": "widget"
                        },
                        {
                            "id": "255a8960",
                            "settings": {
                                "title": "Please submit your resume and a brief cover letter explaining your interest in the role and your qualifications. We're looking forward to learning more about you!",
                                "header_size": "div",
                                "align": "center",
                                "_margin": {
                                    "unit": "px",
                                    "top": "20",
                                    "right": "0",
                                    "bottom": "0",
                                    "left": "0",
                                    "isLinked": false
                                },
                                "__globals__": {
                                    "typography_typography": "globals\/typography?id=text"
                                }
                            },
                            "elements": [],
                            "isInner": false,
                            "widgetType": "heading",
                            "elType": "widget"
                        },
                        {
                            "id": "7c513e99",
                            "settings": {
                                "style": "dashed",
                                "align": "center",
                                "look": "line_icon",
                                "text": "Divider",
                                "icon": {
                                    "value": "fas fa-square-full",
                                    "library": "fa-solid"
                                },
                                "gap": {
                                    "unit": "px",
                                    "size": 32,
                                    "sizes": []
                                },
                                "icon_size": {
                                    "unit": "px",
                                    "size": 10,
                                    "sizes": []
                                },
                                "__globals__": {
                                    "color": "globals\/colors?id=152652f",
                                    "primary_color": "globals\/colors?id=primary"
                                }
                            },
                            "elements": [],
                            "isInner": false,
                            "widgetType": "divider",
                            "elType": "widget"
                        },
                        {
                            "id": "9796f09",
                            "settings": {
                                "form_name": "Job Application Form",
                                "form_fields": [
                                    {
                                        "_id": "671bcf9",
                                        "field_label": "Full Name",
                                        "required": "true",
                                        "custom_id": "field_671bcf9",
                                        "previous_button": "",
                                        "next_button": "",
                                        "file_sizes": "",
                                        "file_types": "",
                                        "allow_multiple_upload": "",
                                        "max_files": "",
                                        "acceptance_text": "",
                                        "checked_by_default": "",
                                        "field_min": "",
                                        "field_max": "",
                                        "min_date": "",
                                        "max_date": "",
                                        "use_native_date": "",
                                        "use_native_time": ""
                                    },
                                    {
                                        "field_type": "email",
                                        "field_label": "Email Address",
                                        "required": "true",
                                        "width": "50",
                                        "custom_id": "field_d43df43",
                                        "_id": "d43df43",
                                        "previous_button": "",
                                        "next_button": "",
                                        "file_sizes": "",
                                        "file_types": "",
                                        "allow_multiple_upload": "",
                                        "max_files": "",
                                        "acceptance_text": "",
                                        "checked_by_default": "",
                                        "field_min": "",
                                        "field_max": "",
                                        "min_date": "",
                                        "max_date": "",
                                        "use_native_date": "",
                                        "use_native_time": ""
                                    },
                                    {
                                        "field_type": "tel",
                                        "field_label": "Phone Number",
                                        "required": "true",
                                        "width": "50",
                                        "custom_id": "field_1b715d5",
                                        "_id": "1b715d5",
                                        "previous_button": "",
                                        "next_button": "",
                                        "file_sizes": "",
                                        "file_types": "",
                                        "allow_multiple_upload": "",
                                        "max_files": "",
                                        "acceptance_text": "",
                                        "checked_by_default": "",
                                        "field_min": "",
                                        "field_max": "",
                                        "min_date": "",
                                        "max_date": "",
                                        "use_native_date": "",
                                        "use_native_time": ""
                                    },
                                    {
                                        "_id": "207623d",
                                        "field_type": "textarea",
                                        "field_label": "Address",
                                        "required": "true",
                                        "rows": 3,
                                        "custom_id": "field_207623d",
                                        "previous_button": "",
                                        "next_button": "",
                                        "file_sizes": "",
                                        "file_types": "",
                                        "allow_multiple_upload": "",
                                        "max_files": "",
                                        "acceptance_text": "",
                                        "checked_by_default": "",
                                        "field_min": "",
                                        "field_max": "",
                                        "min_date": "",
                                        "max_date": "",
                                        "use_native_date": "",
                                        "use_native_time": ""
                                    },
                                    {
                                        "_id": "80ac375",
                                        "field_type": "textarea",
                                        "field_label": "Work Experience",
                                        "placeholder": "Previous jobs, position, employer, dates of employment, job duties...",
                                        "required": "true",
                                        "custom_id": "field_80ac375",
                                        "previous_button": "",
                                        "next_button": "",
                                        "file_sizes": "",
                                        "file_types": "",
                                        "allow_multiple_upload": "",
                                        "max_files": "",
                                        "acceptance_text": "",
                                        "checked_by_default": "",
                                        "field_min": "",
                                        "field_max": "",
                                        "min_date": "",
                                        "max_date": "",
                                        "use_native_date": "",
                                        "use_native_time": ""
                                    },
                                    {
                                        "field_type": "textarea",
                                        "field_label": "Education",
                                        "placeholder": "Degrees, certifications, schools attended...",
                                        "required": "true",
                                        "custom_id": "field_92e2da3",
                                        "_id": "92e2da3",
                                        "previous_button": "",
                                        "next_button": "",
                                        "file_sizes": "",
                                        "file_types": "",
                                        "allow_multiple_upload": "",
                                        "max_files": "",
                                        "acceptance_text": "",
                                        "checked_by_default": "",
                                        "field_min": "",
                                        "field_max": "",
                                        "min_date": "",
                                        "max_date": "",
                                        "use_native_date": "",
                                        "use_native_time": ""
                                    },
                                    {
                                        "field_type": "textarea",
                                        "field_label": "Skills and Qualifications",
                                        "placeholder": "Plumbing experience, plumbing certifications, relevant skills...",
                                        "required": "true",
                                        "custom_id": "field_8fbecf3",
                                        "_id": "8fbecf3",
                                        "previous_button": "",
                                        "next_button": "",
                                        "file_sizes": "",
                                        "file_types": "",
                                        "allow_multiple_upload": "",
                                        "max_files": "",
                                        "acceptance_text": "",
                                        "checked_by_default": "",
                                        "field_min": "",
                                        "field_max": "",
                                        "min_date": "",
                                        "max_date": "",
                                        "use_native_date": "",
                                        "use_native_time": ""
                                    },
                                    {
                                        "field_type": "upload",
                                        "field_label": "Upload Cover Letter",
                                        "required": "true",
                                        "file_sizes": "1",
                                        "allow_multiple_upload": "",
                                        "max_files": 2,
                                        "custom_id": "field_bdd308b",
                                        "_id": "bdd308b",
                                        "previous_button": "",
                                        "next_button": "",
                                        "file_types": "",
                                        "acceptance_text": "",
                                        "checked_by_default": "",
                                        "field_min": "",
                                        "field_max": "",
                                        "min_date": "",
                                        "max_date": "",
                                        "use_native_date": "",
                                        "use_native_time": ""
                                    },
                                    {
                                        "_id": "685854e",
                                        "field_type": "upload",
                                        "field_label": "Upload Resume",
                                        "required": "true",
                                        "file_sizes": "1",
                                        "allow_multiple_upload": "",
                                        "max_files": 2,
                                        "custom_id": "field_685854e",
                                        "previous_button": "",
                                        "next_button": "",
                                        "file_types": "",
                                        "acceptance_text": "",
                                        "checked_by_default": "",
                                        "field_min": "",
                                        "field_max": "",
                                        "min_date": "",
                                        "max_date": "",
                                        "use_native_date": "",
                                        "use_native_time": ""
                                    },
                                    {
                                        "_id": "bd5969b",
                                        "field_type": "honeypot",
                                        "custom_id": "field_bd5969b",
                                        "previous_button": "",
                                        "next_button": "",
                                        "file_sizes": "",
                                        "file_types": "",
                                        "allow_multiple_upload": "",
                                        "max_files": "",
                                        "acceptance_text": "",
                                        "checked_by_default": "",
                                        "field_min": "",
                                        "field_max": "",
                                        "min_date": "",
                                        "max_date": "",
                                        "use_native_date": "",
                                        "use_native_time": ""
                                    },
                                    {
                                        "field_type": "honeypot",
                                        "custom_id": "field_fc86d42",
                                        "_id": "fc86d42",
                                        "previous_button": "",
                                        "next_button": "",
                                        "file_sizes": "",
                                        "file_types": "",
                                        "allow_multiple_upload": "",
                                        "max_files": "",
                                        "acceptance_text": "",
                                        "checked_by_default": "",
                                        "field_min": "",
                                        "field_max": "",
                                        "min_date": "",
                                        "max_date": "",
                                        "use_native_date": "",
                                        "use_native_time": ""
                                    },
                                    {
                                        "field_type": "honeypot",
                                        "custom_id": "field_78e16d4",
                                        "_id": "78e16d4",
                                        "previous_button": "",
                                        "next_button": "",
                                        "file_sizes": "",
                                        "file_types": "",
                                        "allow_multiple_upload": "",
                                        "max_files": "",
                                        "acceptance_text": "",
                                        "checked_by_default": "",
                                        "field_min": "",
                                        "field_max": "",
                                        "min_date": "",
                                        "max_date": "",
                                        "use_native_date": "",
                                        "use_native_time": ""
                                    }
                                ],
                                "step_next_label": "Next",
                                "step_previous_label": "Previous",
                                "button_text": "Apply Now",
                                "email_content": "[all-fields]",
                                "form_metadata": [
                                    "date",
                                    "time",
                                    "page_url",
                                    "user_agent",
                                    "remote_ip"
                                ],
                                "email_content_2": "[all-fields]",
                                "success_message": "The form was sent successfully.",
                                "error_message": "An error occurred.",
                                "required_field_message": "This field is required.",
                                "invalid_message": "There&#039;s something wrong. The form is invalid.",
                                "column_gap": {
                                    "unit": "px",
                                    "size": 20,
                                    "sizes": []
                                },
                                "row_gap": {
                                    "unit": "px",
                                    "size": 28,
                                    "sizes": []
                                },
                                "label_spacing": {
                                    "unit": "px",
                                    "size": 10,
                                    "sizes": []
                                },
                                "_margin": {
                                    "unit": "px",
                                    "top": "0",
                                    "right": "0",
                                    "bottom": "0",
                                    "left": "0",
                                    "isLinked": false
                                },
                                "__globals__": {
                                    "label_typography_typography": "",
                                    "label_color": "globals\/colors?id=cc7bf96",
                                    "html_typography_typography": "globals\/typography?id=text",
                                    "html_color": "",
                                    "field_text_color": "globals\/colors?id=text",
                                    "field_typography_typography": "globals\/typography?id=text",
                                    "field_background_color": "globals\/colors?id=41e718d",
                                    "field_border_color": "globals\/colors?id=152652f",
                                    "button_typography_typography": "globals\/typography?id=315709c",
                                    "button_background_color": "globals\/colors?id=primary",
                                    "button_background_hover_color": "globals\/colors?id=f491614",
                                    "button_text_color": "globals\/colors?id=secondary",
                                    "button_hover_color": "globals\/colors?id=secondary",
                                    "button_border_color": "globals\/colors?id=primary",
                                    "button_hover_border_color": "globals\/colors?id=primary"
                                },
                                "button_size": "md",
                                "mark_required": "yes",
                                "server_message": "Your submission failed because of a server error.",
                                "field_border_width": {
                                    "unit": "px",
                                    "top": "2",
                                    "right": "2",
                                    "bottom": "2",
                                    "left": "2",
                                    "isLinked": true
                                },
                                "button_border_border": "solid",
                                "button_border_width": {
                                    "unit": "px",
                                    "top": "2",
                                    "right": "2",
                                    "bottom": "2",
                                    "left": "2",
                                    "isLinked": true
                                },
                                "button_text_padding": {
                                    "unit": "px",
                                    "top": "14",
                                    "right": "14",
                                    "bottom": "14",
                                    "left": "14",
                                    "isLinked": true
                                }
                            },
                            "elements": [],
                            "isInner": false,
                            "widgetType": "form",
                            "elType": "widget"
                        }
                    ],
                    "isInner": false,
                    "elType": "column"
                }
            ],
            "isInner": false,
            "elType": "section"
        },
        {
            "id": "7181c4af",
            "settings": {
                "gap": "no",
                "margin": {
                    "unit": "px",
                    "top": "120",
                    "right": 0,
                    "bottom": "0",
                    "left": 0,
                    "isLinked": false
                },
                "padding_tablet": {
                    "unit": "px",
                    "top": "0",
                    "right": "60",
                    "bottom": "0",
                    "left": "60",
                    "isLinked": false
                },
                "padding_mobile": {
                    "unit": "px",
                    "top": "0",
                    "right": "0",
                    "bottom": "0",
                    "left": "0",
                    "isLinked": true
                },
                "animation": "fadeInUp",
                "margin_mobile": {
                    "unit": "px",
                    "top": "100",
                    "right": 0,
                    "bottom": "0",
                    "left": 0,
                    "isLinked": false
                }
            },
            "elements": [
                {
                    "id": "7262c6f3",
                    "settings": {
                        "_column_size": 100,
                        "_inline_size": null,
                        "content_position": "center",
                        "align": "space-between",
                        "background_background": "classic",
                        "padding": {
                            "unit": "px",
                            "top": "48",
                            "right": "148",
                            "bottom": "48",
                            "left": "148",
                            "isLinked": false
                        },
                        "padding_tablet": {
                            "unit": "px",
                            "top": "60",
                            "right": "80",
                            "bottom": "60",
                            "left": "80",
                            "isLinked": false
                        },
                        "padding_mobile": {
                            "unit": "px",
                            "top": "48",
                            "right": "28",
                            "bottom": "48",
                            "left": "28",
                            "isLinked": false
                        },
                        "__globals__": {
                            "background_color": "globals\/colors?id=accent"
                        }
                    },
                    "elements": [
                        {
                            "id": "5ea6b320",
                            "settings": {
                                "selected_icon": {
                                    "value": "",
                                    "library": ""
                                },
                                "title_text": "Have any questions?",
                                "description_text": "If you have any questions or concerns, please contact our Human Resources department. Our team will be happy to assist you with any questions you may have.",
                                "text_align": "left",
                                "text_align_tablet": "center",
                                "title_bottom_space": {
                                    "unit": "px",
                                    "size": 12,
                                    "sizes": []
                                },
                                "_margin_tablet": {
                                    "unit": "px",
                                    "top": "0",
                                    "right": "0",
                                    "bottom": "32",
                                    "left": "0",
                                    "isLinked": false
                                },
                                "_element_width": "initial",
                                "_element_width_tablet": "inherit",
                                "_element_custom_width": {
                                    "unit": "%",
                                    "size": 72,
                                    "sizes": []
                                },
                                "_element_custom_width_tablet": {
                                    "unit": "%",
                                    "size": 64,
                                    "sizes": []
                                },
                                "_element_custom_width_mobile": {
                                    "unit": "%",
                                    "size": "",
                                    "sizes": []
                                },
                                "__globals__": {
                                    "description_typography_typography": "globals\/typography?id=2d4f93f"
                                }
                            },
                            "elements": [],
                            "isInner": false,
                            "widgetType": "icon-box",
                            "elType": "widget"
                        },
                        {
                            "id": "539509bd",
                            "settings": {
                                "text": "Contact Us",
                                "align": "right",
                                "_element_width": "initial",
                                "_element_custom_width": {
                                    "unit": "%",
                                    "size": 16
                                },
                                "_element_custom_width_tablet": {
                                    "unit": "%",
                                    "size": 28,
                                    "sizes": []
                                },
                                "_element_custom_width_mobile": {
                                    "unit": "%",
                                    "size": "",
                                    "sizes": []
                                },
                                "__globals__": {
                                    "background_color": "globals\/colors?id=primary",
                                    "button_text_color": "globals\/colors?id=secondary",
                                    "button_background_hover_color": "globals\/colors?id=f491614",
                                    "hover_color": "globals\/colors?id=secondary",
                                    "typography_typography": "globals\/typography?id=315709c"
                                },
                                "align_mobile": "justify",
                                "size": "md",
                                "icon_indent": {
                                    "unit": "px",
                                    "size": 12,
                                    "sizes": []
                                },
                                "border_border": "solid",
                                "border_width": {
                                    "unit": "px",
                                    "top": "2",
                                    "right": "2",
                                    "bottom": "2",
                                    "left": "2",
                                    "isLinked": true
                                },
                                "text_padding": {
                                    "unit": "px",
                                    "top": "14",
                                    "right": "20",
                                    "bottom": "14",
                                    "left": "20",
                                    "isLinked": false
                                },
                                "_margin_mobile": {
                                    "unit": "px",
                                    "top": "20",
                                    "right": "0",
                                    "bottom": "0",
                                    "left": "0",
                                    "isLinked": false
                                },
                                "_element_width_mobile": "inherit",
                                "align_tablet": "justify",
                                "_element_width_tablet": "inherit"
                            },
                            "elements": [],
                            "isInner": false,
                            "widgetType": "button",
                            "elType": "widget"
                        }
                    ],
                    "isInner": false,
                    "elType": "column"
                }
            ],
            "isInner": false,
            "elType": "section"
        }
    ]
}