{
    "version": "0.4",
    "title": "My Account",
    "type": "page",
    "metadata": {
        "template_type": "single-page",
        "include_in_zip": "1",
        "elementor_pro_required": "1",
        "wp_page_template": "elementor_header_footer"
    },
    "content": [
        {
            "id": "36711204",
            "settings": {
                "content_width": {
                    "unit": "px",
                    "size": 700,
                    "sizes": []
                },
                "gap": "no",
                "custom_height": {
                    "unit": "vh",
                    "size": 100,
                    "sizes": []
                },
                "custom_height_tablet": {
                    "unit": "vh",
                    "size": "",
                    "sizes": []
                },
                "content_position": "middle",
                "background_background": "classic",
                "background_image": {
                    "url": "",
                    "id": "",
                    "size": "",
                    "alt": "happy young team of architects workign at office",
                    "source": "library"
                },
                "background_position": "center center",
                "background_attachment": "fixed",
                "background_repeat": "no-repeat",
                "background_size": "cover",
                "background_overlay_opacity": {
                    "unit": "px",
                    "size": 0.72,
                    "sizes": []
                },
                "overlay_blend_mode": "multiply",
                "margin": {
                    "unit": "px",
                    "top": "0",
                    "right": 0,
                    "bottom": "0",
                    "left": 0,
                    "isLinked": false
                },
                "margin_tablet": {
                    "unit": "px",
                    "top": "0",
                    "right": 0,
                    "bottom": "0",
                    "left": 0,
                    "isLinked": false
                },
                "margin_mobile": {
                    "unit": "px",
                    "top": "0",
                    "right": 0,
                    "bottom": "0",
                    "left": 0,
                    "isLinked": false
                },
                "padding": {
                    "unit": "px",
                    "top": "100",
                    "right": "0",
                    "bottom": "100",
                    "left": "0",
                    "isLinked": false
                },
                "__globals__": {
                    "background_overlay_color": "globals\/colors?id=41e718d",
                    "background_color": "globals\/colors?id=accent"
                },
                "padding_mobile": {
                    "unit": "px",
                    "top": "100",
                    "right": "0",
                    "bottom": "100",
                    "left": "0",
                    "isLinked": false
                }
            },
            "elements": [
                {
                    "id": "48521715",
                    "settings": {
                        "_column_size": 100,
                        "_inline_size": null,
                        "align": "center",
                        "margin_mobile": {
                            "unit": "px",
                            "top": "0",
                            "right": "0",
                            "bottom": "0",
                            "left": "0",
                            "isLinked": false
                        },
                        "padding_mobile": {
                            "unit": "px",
                            "top": "0",
                            "right": "20",
                            "bottom": "0",
                            "left": "20",
                            "isLinked": false
                        }
                    },
                    "elements": [
                        {
                            "id": "49632dbe",
                            "settings": {
                                "title": "",
                                "header_size": "h1",
                                "align": "center",
                                "__dynamic__": {
                                    "title": "[elementor-tag id=\"c4c8157\" name=\"page-title\" settings=\"%7B%7D\"]"
                                }
                            },
                            "elements": [],
                            "isInner": false,
                            "widgetType": "heading",
                            "elType": "widget"
                        }
                    ],
                    "isInner": false,
                    "elType": "column"
                }
            ],
            "isInner": false,
            "elType": "section"
        },
        {
            "id": "500b446",
            "settings": {
                "gap": "no",
                "background_background": "classic",
                "__globals__": {
                    "background_color": ""
                },
                "margin": {
                    "unit": "px",
                    "top": "100",
                    "right": 0,
                    "bottom": "0",
                    "left": 0,
                    "isLinked": false
                },
                "padding_tablet": {
                    "unit": "px",
                    "top": "0",
                    "right": "60",
                    "bottom": "0",
                    "left": "60",
                    "isLinked": false
                },
                "padding_mobile": {
                    "unit": "px",
                    "top": "0",
                    "right": "20",
                    "bottom": "0",
                    "left": "20",
                    "isLinked": false
                }
            },
            "elements": [
                {
                    "id": "760604f2",
                    "settings": {
                        "_column_size": 100,
                        "_inline_size": null
                    },
                    "elements": [
                        {
                            "id": "111fb246",
                            "settings": {
                                "tabs_content_spacing": {
                                    "unit": "px",
                                    "size": 48,
                                    "sizes": []
                                },
                                "tabs": [
                                    {
                                        "field_key": "dashboard",
                                        "field_label": "Dashboard",
                                        "tab_name": "Dashboard",
                                        "_id": "d6073af"
                                    },
                                    {
                                        "field_key": "orders",
                                        "field_label": "Orders",
                                        "tab_name": "Orders",
                                        "_id": "1c02515"
                                    },
                                    {
                                        "field_key": "downloads",
                                        "field_label": "Downloads",
                                        "tab_name": "Downloads",
                                        "_id": "ac6a2ac"
                                    },
                                    {
                                        "field_key": "edit-address",
                                        "field_label": "Addresses",
                                        "tab_name": "Addresses",
                                        "_id": "bf7f2c1"
                                    },
                                    {
                                        "field_key": "edit-account",
                                        "field_label": "Account Details",
                                        "tab_name": "Account Details",
                                        "_id": "6119dce"
                                    },
                                    {
                                        "field_key": "customer-logout",
                                        "field_label": "Logout",
                                        "tab_name": "Logout",
                                        "_id": "de5dcc0"
                                    }
                                ],
                                "tabs_normal_background_background": "classic",
                                "tabs_hover_background_background": "classic",
                                "tabs_active_background_background": "classic",
                                "tabs_border_type": "none",
                                "tabs_border_width": {
                                    "unit": "px",
                                    "top": "1",
                                    "right": "1",
                                    "bottom": "1",
                                    "left": "1",
                                    "isLinked": true
                                },
                                "tabs_border_radius": {
                                    "unit": "px",
                                    "top": "0",
                                    "right": "0",
                                    "bottom": "0",
                                    "left": "0",
                                    "isLinked": false
                                },
                                "tabs_padding": {
                                    "unit": "px",
                                    "top": "24",
                                    "right": "24",
                                    "bottom": "24",
                                    "left": "24",
                                    "isLinked": true
                                },
                                "tabs_spacing": {
                                    "unit": "px",
                                    "size": 4,
                                    "sizes": [],
                                    "px": 0
                                },
                                "__globals__": {
                                    "tabs_typography_typography": "globals\/typography?id=accent",
                                    "tabs_normal_background_color": "globals\/colors?id=accent",
                                    "tabs_hover_background_color": "globals\/colors?id=primary",
                                    "tabs_hover_color": "globals\/colors?id=secondary",
                                    "tabs_normal_color": "globals\/colors?id=secondary",
                                    "tabs_active_background_color": "globals\/colors?id=primary",
                                    "tabs_active_color": "globals\/colors?id=secondary",
                                    "tabs_border_color": "globals\/colors?id=152652f",
                                    "my_account_sections_background_color": "globals\/colors?id=41e718d",
                                    "_background_color": "globals\/colors?id=41e718d",
                                    "sections_border_color": "globals\/colors?id=152652f",
                                    "general_text_color": "globals\/colors?id=text",
                                    "general_text_typography_typography": "globals\/typography?id=text",
                                    "typography_section_titles_color": "globals\/colors?id=secondary",
                                    "section_titles_typography_typography": "globals\/typography?id=62f5f26",
                                    "login_messages_color": "globals\/colors?id=text",
                                    "login_messages_typography_typography": "globals\/typography?id=text",
                                    "links_normal_color": "globals\/colors?id=primary",
                                    "links_hover_color": "globals\/colors?id=secondary",
                                    "payment_methods_radio_buttons_typography_typography": "globals\/typography?id=text",
                                    "payment_methods_radio_buttons_color": "globals\/colors?id=text",
                                    "checkboxes_typography_typography": "globals\/typography?id=text",
                                    "checkboxes_color": "globals\/colors?id=accent",
                                    "forms_label_typography_typography": "globals\/typography?id=accent",
                                    "forms_fields_normal_background_color": "globals\/colors?id=accent",
                                    "forms_fields_normal_color": "globals\/colors?id=text",
                                    "forms_field_typography_typography": "globals\/typography?id=text",
                                    "forms_fields_border_color": "globals\/colors?id=152652f",
                                    "forms_button_typography_typography": "globals\/typography?id=accent",
                                    "forms_buttons_background_color": "globals\/colors?id=primary",
                                    "forms_buttons_normal_text_color": "globals\/colors?id=secondary",
                                    "forms_buttons_border_color": "globals\/colors?id=primary",
                                    "forms_buttons_hover_text_color": "globals\/colors?id=secondary",
                                    "forms_buttons_hover_background_color": "globals\/colors?id=accent",
                                    "tables_title_color": "globals\/colors?id=secondary",
                                    "tables_titles_typography_typography": "globals\/typography?id=315709c",
                                    "tables_items_color": "globals\/colors?id=text",
                                    "tables_items_typography_typography": "globals\/typography?id=499599d",
                                    "tables_links_normal_color": "globals\/colors?id=primary",
                                    "tables_links_hover_color": "globals\/colors?id=secondary",
                                    "tables_divider_border_color": "globals\/colors?id=152652f",
                                    "tables_button_typography_typography": "globals\/typography?id=accent",
                                    "tables_button_normal_background_color": "globals\/colors?id=primary",
                                    "tables_button_border_color": "globals\/colors?id=primary",
                                    "tables_button_normal_text_color": "globals\/colors?id=secondary",
                                    "tables_button_hover_text_color": "globals\/colors?id=secondary",
                                    "tables_button_hover_background_color": "globals\/colors?id=accent",
                                    "forms_label_color": "globals\/colors?id=text",
                                    "forms_fields_focus_background_color": "globals\/colors?id=accent",
                                    "forms_fields_focus_color": "globals\/colors?id=text",
                                    "forms_buttons_hover_border_color": "globals\/colors?id=primary",
                                    "tables_button_hover_border_color": "globals\/colors?id=primary"
                                },
                                "tabs_typography_typography": "custom",
                                "tabs_typography_font_family": "Be Vietnam Pro",
                                "tabs_typography_font_size": {
                                    "unit": "px",
                                    "size": 12,
                                    "sizes": []
                                },
                                "tabs_typography_font_weight": "700",
                                "tabs_typography_text_transform": "uppercase",
                                "tabs_typography_font_style": "normal",
                                "tabs_typography_text_decoration": "none",
                                "tabs_typography_line_height": {
                                    "unit": "em",
                                    "size": 1.3,
                                    "sizes": []
                                },
                                "tabs_typography_letter_spacing": {
                                    "unit": "px",
                                    "size": 0.2,
                                    "sizes": []
                                },
                                "tabs_typography_word_spacing": {
                                    "unit": "px",
                                    "size": "",
                                    "sizes": []
                                },
                                "tabs_normal_background_color": "#15171E",
                                "tabs_normal_color": "#FFFFFF",
                                "tabs_hover_background_color": "#EC3737",
                                "tabs_hover_color": "#FFFFFF",
                                "tabs_active_background_color": "#EC3737",
                                "tabs_active_color": "#FFFFFF",
                                "tabs_border_color": "#FFFFFF45",
                                "tabs_divider_weight": {
                                    "unit": "px",
                                    "size": 0,
                                    "sizes": []
                                },
                                "my_account_sections_background_color": "#020205",
                                "sections_border_type": "dotted",
                                "sections_border_width": {
                                    "unit": "px",
                                    "top": "1",
                                    "right": "1",
                                    "bottom": "1",
                                    "left": "1",
                                    "isLinked": true
                                },
                                "sections_border_color": "#FFFFFF45",
                                "sections_border_radius": {
                                    "unit": "px",
                                    "top": "0",
                                    "right": "0",
                                    "bottom": "0",
                                    "left": "0",
                                    "isLinked": false
                                },
                                "sections_padding": {
                                    "unit": "px",
                                    "top": "40",
                                    "right": "40",
                                    "bottom": "40",
                                    "left": "40",
                                    "isLinked": true
                                },
                                "typography_section_titles_color": "#FFFFFF",
                                "section_titles_typography_typography": "custom",
                                "section_titles_typography_font_size": {
                                    "unit": "px",
                                    "size": 20,
                                    "sizes": []
                                },
                                "section_titles_typography_font_weight": "700",
                                "section_titles_typography_line_height": {
                                    "unit": "em",
                                    "size": 1.4,
                                    "sizes": []
                                },
                                "section_title_spacing": {
                                    "unit": "px",
                                    "size": 32,
                                    "sizes": []
                                },
                                "general_text_color": "#FFFFFFC2",
                                "general_text_typography_typography": "custom",
                                "general_text_typography_font_family": "Be Vietnam Pro",
                                "general_text_typography_font_size": {
                                    "unit": "px",
                                    "size": 15,
                                    "sizes": []
                                },
                                "general_text_typography_font_weight": "400",
                                "general_text_typography_line_height": {
                                    "unit": "em",
                                    "size": 1.6,
                                    "sizes": []
                                },
                                "forms_rows_gap": {
                                    "unit": "px",
                                    "size": 20,
                                    "sizes": [],
                                    "px": 0
                                },
                                "forms_label_spacing": {
                                    "unit": "px",
                                    "size": 8,
                                    "sizes": [],
                                    "px": 0
                                },
                                "forms_fields_normal_background_background": "classic",
                                "forms_fields_border_border": "solid",
                                "forms_fields_border_width": {
                                    "unit": "px",
                                    "top": "1",
                                    "right": "1",
                                    "bottom": "1",
                                    "left": "1",
                                    "isLinked": true
                                },
                                "forms_buttons_background_background": "classic",
                                "forms_buttons_hover_background_background": "classic",
                                "forms_buttons_border_border": "solid",
                                "forms_buttons_border_width": {
                                    "unit": "px",
                                    "top": "1",
                                    "right": "1",
                                    "bottom": "1",
                                    "left": "1",
                                    "isLinked": true
                                },
                                "forms_buttons_border_radius": {
                                    "unit": "px",
                                    "top": "0",
                                    "right": "0",
                                    "bottom": "0",
                                    "left": "0",
                                    "isLinked": false
                                },
                                "tables_divider_border_type": "dotted",
                                "tables_divider_border_width": {
                                    "unit": "px",
                                    "size": 1,
                                    "sizes": [],
                                    "px": 0
                                },
                                "tables_button_normal_background_background": "classic",
                                "tables_button_hover_background_background": "classic",
                                "tables_button_border_type": "solid",
                                "tables_button_border_width": {
                                    "unit": "px",
                                    "top": "1",
                                    "right": "1",
                                    "bottom": "1",
                                    "left": "1",
                                    "isLinked": true
                                },
                                "tables_button_border_radius": {
                                    "unit": "px",
                                    "top": "0",
                                    "right": "0",
                                    "bottom": "0",
                                    "left": "0",
                                    "isLinked": false
                                },
                                "tables_button_padding": {
                                    "unit": "px",
                                    "top": "8",
                                    "right": "24",
                                    "bottom": "8",
                                    "left": "24",
                                    "isLinked": false
                                },
                                "_background_color": "#020205",
                                "forms_fields_focus_background_background": "classic",
                                "tabs_padding_mobile": {
                                    "unit": "px",
                                    "top": "20",
                                    "right": "20",
                                    "bottom": "20",
                                    "left": "20",
                                    "isLinked": true
                                },
                                "sections_padding_mobile": {
                                    "unit": "px",
                                    "top": "20",
                                    "right": "20",
                                    "bottom": "20",
                                    "left": "20",
                                    "isLinked": true
                                },
                                "tables_rows_gap": {
                                    "unit": "px",
                                    "size": 28,
                                    "sizes": [],
                                    "px": 0
                                },
                                "tables_rows_gap_tablet": {
                                    "unit": "px",
                                    "size": 32,
                                    "sizes": []
                                }
                            },
                            "elements": [],
                            "isInner": false,
                            "widgetType": "woocommerce-my-account",
                            "elType": "widget"
                        }
                    ],
                    "isInner": false,
                    "elType": "column"
                }
            ],
            "isInner": false,
            "elType": "section"
        }
    ]
}