{
    "version": "0.4",
    "title": "Our Team 1",
    "type": "page",
    "metadata": {
        "template_type": "single-page",
        "include_in_zip": "1",
        "elementor_pro_required": "1",
        "wp_page_template": "elementor_header_footer"
    },
    "content": [
        {
            "id": "3c934ab3",
            "settings": {
                "content_width": {
                    "unit": "px",
                    "size": 700,
                    "sizes": []
                },
                "gap": "no",
                "custom_height": {
                    "unit": "vh",
                    "size": 100,
                    "sizes": []
                },
                "custom_height_tablet": {
                    "unit": "vh",
                    "size": "",
                    "sizes": []
                },
                "content_position": "middle",
                "background_background": "classic",
                "background_image": {
                    "url": "https:\/\/www.xable.oxacor.com\/wp-content\/uploads\/group-of-people-brainstorming-sitting-on-the-floor.jpg",
                    "id": 1248,
                    "size": "",
                    "alt": "Group of people brainstorming sitting on the floor",
                    "source": "library"
                },
                "background_position": "center center",
                "background_attachment": "fixed",
                "background_repeat": "no-repeat",
                "background_size": "cover",
                "background_overlay_background": "classic",
                "background_overlay_opacity": {
                    "unit": "px",
                    "size": 0.72,
                    "sizes": []
                },
                "overlay_blend_mode": "multiply",
                "margin": {
                    "unit": "px",
                    "top": "-124",
                    "right": 0,
                    "bottom": "0",
                    "left": 0,
                    "isLinked": false
                },
                "margin_tablet": {
                    "unit": "px",
                    "top": "",
                    "right": 0,
                    "bottom": "",
                    "left": 0,
                    "isLinked": true
                },
                "margin_mobile": {
                    "unit": "px",
                    "top": "-90",
                    "right": 0,
                    "bottom": "0",
                    "left": 0,
                    "isLinked": false
                },
                "padding": {
                    "unit": "px",
                    "top": "248",
                    "right": "0",
                    "bottom": "248",
                    "left": "0",
                    "isLinked": false
                },
                "__globals__": {
                    "background_overlay_color": "globals\/colors?id=41e718d"
                },
                "padding_mobile": {
                    "unit": "px",
                    "top": "180",
                    "right": "0",
                    "bottom": "240",
                    "left": "0",
                    "isLinked": false
                }
            },
            "elements": [
                {
                    "id": "bc40b81",
                    "settings": {
                        "_column_size": 100,
                        "_inline_size": null,
                        "align": "center",
                        "margin_mobile": {
                            "unit": "px",
                            "top": "0",
                            "right": "0",
                            "bottom": "0",
                            "left": "0",
                            "isLinked": false
                        },
                        "padding_mobile": {
                            "unit": "px",
                            "top": "0",
                            "right": "20",
                            "bottom": "0",
                            "left": "20",
                            "isLinked": false
                        }
                    },
                    "elements": [
                        {
                            "id": "39aae62d",
                            "settings": {
                                "title": "Our Team",
                                "header_size": "h1",
                                "align": "center"
                            },
                            "elements": [],
                            "isInner": false,
                            "widgetType": "heading",
                            "elType": "widget"
                        }
                    ],
                    "isInner": false,
                    "elType": "column"
                }
            ],
            "isInner": false,
            "elType": "section"
        },
        {
            "id": "391ffcdd",
            "settings": {
                "gap": "no",
                "structure": "22",
                "margin": {
                    "unit": "px",
                    "top": "0",
                    "right": 0,
                    "bottom": "0",
                    "left": 0,
                    "isLinked": false
                },
                "z_index": 1,
                "padding_tablet": {
                    "unit": "px",
                    "top": "0",
                    "right": "60",
                    "bottom": "0",
                    "left": "60",
                    "isLinked": false
                },
                "padding_mobile": {
                    "unit": "px",
                    "top": "0",
                    "right": "20",
                    "bottom": "0",
                    "left": "20",
                    "isLinked": false
                }
            },
            "elements": [
                {
                    "id": "2a83ef07",
                    "settings": {
                        "_column_size": 66,
                        "_inline_size": 35.333,
                        "background_background": "classic",
                        "padding": {
                            "unit": "px",
                            "top": "60",
                            "right": "48",
                            "bottom": "60",
                            "left": "48",
                            "isLinked": false
                        },
                        "__globals__": {
                            "background_color": "globals\/colors?id=primary"
                        },
                        "margin": {
                            "unit": "px",
                            "top": "-124",
                            "right": "0",
                            "bottom": "0",
                            "left": "0",
                            "isLinked": false
                        },
                        "_inline_size_tablet": 100,
                        "padding_mobile": {
                            "unit": "px",
                            "top": "48",
                            "right": "28",
                            "bottom": "48",
                            "left": "28",
                            "isLinked": false
                        },
                        "animation": "fadeInLeft"
                    },
                    "elements": [
                        {
                            "id": "43fed495",
                            "settings": {
                                "selected_icon": {
                                    "value": "",
                                    "library": ""
                                },
                                "title_text": "Our digital artisans",
                                "description_text": "Get to know the dedicated individuals pushing the boundaries of digital excellence. Our team is a diverse mix of experienced developers, creative designers, marketing wizards, and strategic thinkers. ",
                                "title_size": "h2",
                                "text_align": "left",
                                "title_bottom_space": {
                                    "unit": "px",
                                    "size": 20,
                                    "sizes": []
                                },
                                "__globals__": {
                                    "description_color": "globals\/colors?id=secondary",
                                    "description_typography_typography": "globals\/typography?id=2d4f93f"
                                }
                            },
                            "elements": [],
                            "isInner": false,
                            "widgetType": "icon-box",
                            "elType": "widget"
                        }
                    ],
                    "isInner": false,
                    "elType": "column"
                },
                {
                    "id": "7f58222f",
                    "settings": {
                        "_column_size": 33,
                        "_inline_size": 64,
                        "content_position": "bottom",
                        "__globals__": {
                            "background_color": "globals\/colors?id=primary"
                        },
                        "align": "space-between",
                        "margin": {
                            "unit": "px",
                            "top": "0",
                            "right": "0",
                            "bottom": "0",
                            "left": "80",
                            "isLinked": false
                        },
                        "_inline_size_tablet": 100,
                        "margin_tablet": {
                            "unit": "px",
                            "top": "40",
                            "right": "0",
                            "bottom": "0",
                            "left": "0",
                            "isLinked": false
                        }
                    },
                    "elements": [
                        {
                            "id": "1dba1bd9",
                            "settings": {
                                "ending_number": 12,
                                "suffix": "+",
                                "title": "Year of Experiences",
                                "_padding": {
                                    "unit": "px",
                                    "top": "16",
                                    "right": "24",
                                    "bottom": "16",
                                    "left": "24",
                                    "isLinked": false
                                },
                                "_z_index": 1,
                                "_background_background": "classic",
                                "_border_border": "solid",
                                "_border_width": {
                                    "unit": "px",
                                    "top": "2",
                                    "right": "2",
                                    "bottom": "2",
                                    "left": "2",
                                    "isLinked": true
                                },
                                "__globals__": {
                                    "typography_number_typography": "globals\/typography?id=secondary",
                                    "typography_title_typography": "globals\/typography?id=accent",
                                    "number_color": "globals\/colors?id=secondary",
                                    "title_color": "globals\/colors?id=text",
                                    "_background_color": "globals\/colors?id=2fd7526",
                                    "_border_color": "globals\/colors?id=152652f",
                                    "_border_hover_color": "globals\/colors?id=primary",
                                    "_background_hover_color": "globals\/colors?id=41e718d"
                                },
                                "_element_width": "initial",
                                "_background_hover_transition": {
                                    "unit": "px",
                                    "size": 0.6,
                                    "sizes": []
                                },
                                "_border_hover_width": {
                                    "unit": "px",
                                    "top": "4",
                                    "right": "4",
                                    "bottom": "4",
                                    "left": "4",
                                    "isLinked": true
                                },
                                "_border_hover_transition": {
                                    "unit": "px",
                                    "size": 0.8,
                                    "sizes": []
                                },
                                "_margin_tablet": {
                                    "unit": "px",
                                    "top": "0",
                                    "right": "0",
                                    "bottom": "24",
                                    "left": "0",
                                    "isLinked": false
                                },
                                "_element_width_tablet": "inherit",
                                "_element_custom_width": {
                                    "unit": "%",
                                    "size": 31,
                                    "sizes": []
                                },
                                "_animation": "fadeInUp"
                            },
                            "elements": [],
                            "isInner": false,
                            "widgetType": "counter",
                            "elType": "widget"
                        },
                        {
                            "id": "509e21a4",
                            "settings": {
                                "ending_number": 500,
                                "suffix": "+",
                                "title": "Happy Clients",
                                "_margin": {
                                    "unit": "px",
                                    "top": "0",
                                    "right": "0",
                                    "bottom": "0",
                                    "left": "0",
                                    "isLinked": true
                                },
                                "_padding": {
                                    "unit": "px",
                                    "top": "16",
                                    "right": "24",
                                    "bottom": "16",
                                    "left": "24",
                                    "isLinked": false
                                },
                                "_z_index": 1,
                                "_background_background": "classic",
                                "_border_border": "solid",
                                "_border_width": {
                                    "unit": "px",
                                    "top": "2",
                                    "right": "2",
                                    "bottom": "2",
                                    "left": "2",
                                    "isLinked": true
                                },
                                "__globals__": {
                                    "typography_number_typography": "globals\/typography?id=secondary",
                                    "typography_title_typography": "globals\/typography?id=accent",
                                    "number_color": "globals\/colors?id=secondary",
                                    "title_color": "globals\/colors?id=text",
                                    "_background_color": "globals\/colors?id=2fd7526",
                                    "_border_color": "globals\/colors?id=152652f",
                                    "_border_hover_color": "globals\/colors?id=primary",
                                    "_background_hover_color": "globals\/colors?id=41e718d"
                                },
                                "_element_width": "initial",
                                "_background_hover_transition": {
                                    "unit": "px",
                                    "size": 0.6,
                                    "sizes": []
                                },
                                "_border_hover_width": {
                                    "unit": "px",
                                    "top": "4",
                                    "right": "4",
                                    "bottom": "4",
                                    "left": "4",
                                    "isLinked": true
                                },
                                "_border_hover_transition": {
                                    "unit": "px",
                                    "size": 0.8,
                                    "sizes": []
                                },
                                "_element_width_tablet": "initial",
                                "_element_width_mobile": "inherit",
                                "_element_custom_width": {
                                    "unit": "%",
                                    "size": 31,
                                    "sizes": []
                                },
                                "_element_custom_width_tablet": {
                                    "unit": "%",
                                    "size": 48,
                                    "sizes": []
                                },
                                "_element_custom_width_mobile": {
                                    "unit": "%",
                                    "size": "",
                                    "sizes": []
                                },
                                "_animation": "fadeInUp"
                            },
                            "elements": [],
                            "isInner": false,
                            "widgetType": "counter",
                            "elType": "widget"
                        },
                        {
                            "id": "704d310e",
                            "settings": {
                                "ending_number": 99,
                                "suffix": "%",
                                "title": "Positive Reviews",
                                "_padding": {
                                    "unit": "px",
                                    "top": "16",
                                    "right": "24",
                                    "bottom": "16",
                                    "left": "24",
                                    "isLinked": false
                                },
                                "_z_index": 1,
                                "_background_background": "classic",
                                "_border_border": "solid",
                                "_border_width": {
                                    "unit": "px",
                                    "top": "2",
                                    "right": "2",
                                    "bottom": "2",
                                    "left": "2",
                                    "isLinked": true
                                },
                                "__globals__": {
                                    "typography_number_typography": "globals\/typography?id=secondary",
                                    "typography_title_typography": "globals\/typography?id=accent",
                                    "number_color": "globals\/colors?id=secondary",
                                    "title_color": "globals\/colors?id=text",
                                    "_background_color": "globals\/colors?id=2fd7526",
                                    "_border_color": "globals\/colors?id=152652f",
                                    "_border_hover_color": "globals\/colors?id=primary",
                                    "_background_hover_color": "globals\/colors?id=41e718d"
                                },
                                "_element_width": "initial",
                                "_background_hover_transition": {
                                    "unit": "px",
                                    "size": 0.6,
                                    "sizes": []
                                },
                                "_border_hover_width": {
                                    "unit": "px",
                                    "top": "4",
                                    "right": "4",
                                    "bottom": "4",
                                    "left": "4",
                                    "isLinked": true
                                },
                                "_border_hover_transition": {
                                    "unit": "px",
                                    "size": 0.8,
                                    "sizes": []
                                },
                                "_margin_mobile": {
                                    "unit": "px",
                                    "top": "24",
                                    "right": "0",
                                    "bottom": "0",
                                    "left": "0",
                                    "isLinked": false
                                },
                                "_element_width_mobile": "inherit",
                                "_element_custom_width": {
                                    "unit": "%",
                                    "size": 31,
                                    "sizes": []
                                },
                                "_element_custom_width_tablet": {
                                    "unit": "%",
                                    "size": 48,
                                    "sizes": []
                                },
                                "_element_custom_width_mobile": {
                                    "unit": "%",
                                    "size": "",
                                    "sizes": []
                                },
                                "_animation": "fadeInUp"
                            },
                            "elements": [],
                            "isInner": false,
                            "widgetType": "counter",
                            "elType": "widget"
                        }
                    ],
                    "isInner": false,
                    "elType": "column"
                }
            ],
            "isInner": false,
            "elType": "section"
        },
        {
            "id": "4b38db67",
            "settings": {
                "gap": "no",
                "margin": {
                    "unit": "px",
                    "top": "140",
                    "right": 0,
                    "bottom": "0",
                    "left": 0,
                    "isLinked": false
                },
                "margin_mobile": {
                    "unit": "px",
                    "top": "120",
                    "right": 0,
                    "bottom": "0",
                    "left": 0,
                    "isLinked": false
                },
                "padding_tablet": {
                    "unit": "px",
                    "top": "0",
                    "right": "20",
                    "bottom": "0",
                    "left": "20",
                    "isLinked": false
                }
            },
            "elements": [
                {
                    "id": "721fa04",
                    "settings": {
                        "_column_size": 100,
                        "_inline_size": null
                    },
                    "elements": [
                        {
                            "id": "28764b89",
                            "settings": {
                                "gallery": [
                                    {
                                        "id": 2558,
                                        "url": "https:\/\/www.xable.oxacor.com\/wp-content\/uploads\/african-american-elegant-pretty-woman-in-casual-clothes-holding-stylish-trendy-red-spectacles.jpg"
                                    },
                                    {
                                        "id": 3245,
                                        "url": "https:\/\/www.xable.oxacor.com\/wp-content\/uploads\/image-of-young-indian-girl-asian-woman-company-worker-document-file-in-hand-smiling-and-holding-1.jpg"
                                    },
                                    {
                                        "id": 2556,
                                        "url": "https:\/\/www.xable.oxacor.com\/wp-content\/uploads\/young-handsome-businessman-wearing-red-shirt-against-gray-backgr.jpg"
                                    },
                                    {
                                        "id": 2569,
                                        "url": "https:\/\/www.xable.oxacor.com\/wp-content\/uploads\/male-architect-at-desk-in-office-amending-building-plans.jpg"
                                    },
                                    {
                                        "id": 3248,
                                        "url": "https:\/\/www.xable.oxacor.com\/wp-content\/uploads\/beautiful-young-asian-businesswoman-sitting-looking-at-camera-with-laptop-in-office-.jpg"
                                    },
                                    {
                                        "id": 3236,
                                        "url": "https:\/\/www.xable.oxacor.com\/wp-content\/uploads\/young-african-woman-making-a-phone-call.jpg"
                                    },
                                    {
                                        "id": 2559,
                                        "url": "https:\/\/www.xable.oxacor.com\/wp-content\/uploads\/student-working.jpg"
                                    },
                                    {
                                        "id": 3237,
                                        "url": "https:\/\/www.xable.oxacor.com\/wp-content\/uploads\/student-of-design-faculty.jpg"
                                    },
                                    {
                                        "id": 2561,
                                        "url": "https:\/\/www.xable.oxacor.com\/wp-content\/uploads\/phoning-in-cafe.jpg"
                                    },
                                    {
                                        "id": 3257,
                                        "url": "https:\/\/www.xable.oxacor.com\/wp-content\/uploads\/portrait-of-young-chinese-businessman-against-gray-background.jpg"
                                    },
                                    {
                                        "id": 3244,
                                        "url": "https:\/\/www.xable.oxacor.com\/wp-content\/uploads\/confident-employee-with-glasses-taking-notes-in-phonecall-sitting-at-desk.jpg"
                                    },
                                    {
                                        "id": 3240,
                                        "url": "https:\/\/www.xable.oxacor.com\/wp-content\/uploads\/young-handsome-persian-businessman-exploring-the-city.jpg"
                                    }
                                ],
                                "galleries": [
                                    {
                                        "gallery_title": "New Gallery",
                                        "_id": "7c7a0d9"
                                    }
                                ],
                                "gallery_layout": "masonry",
                                "columns": 3,
                                "ideal_row_height": {
                                    "unit": "px",
                                    "size": 400,
                                    "sizes": []
                                },
                                "gap": {
                                    "unit": "px",
                                    "size": 0,
                                    "sizes": []
                                },
                                "thumbnail_image_size": "large",
                                "show_all_galleries_label": "All",
                                "link_to": "",
                                "overlay_title": "title",
                                "overlay_description": "description",
                                "image_hover_animation": "grow",
                                "image_animation_duration": {
                                    "unit": "px",
                                    "size": 1200,
                                    "sizes": []
                                },
                                "overlay_background_background": "gradient",
                                "overlay_background_color_stop": {
                                    "unit": "%",
                                    "size": 40,
                                    "sizes": []
                                },
                                "overlay_background_color_b_stop": {
                                    "unit": "%",
                                    "size": 60,
                                    "sizes": []
                                },
                                "background_overlay_hover_animation": "exit-zoom-out",
                                "background_overlay_animation_duration": {
                                    "unit": "px",
                                    "size": 1420,
                                    "sizes": []
                                },
                                "content_vertical_position": "bottom",
                                "content_padding": {
                                    "unit": "px",
                                    "size": 40,
                                    "sizes": []
                                },
                                "content_hover_animation": "exit-to-top",
                                "content_animation_duration": {
                                    "unit": "px",
                                    "size": 1200,
                                    "sizes": []
                                },
                                "__globals__": {
                                    "overlay_background_hover_color": "globals\/colors?id=f491614",
                                    "title_color": "globals\/colors?id=secondary",
                                    "description_color": "globals\/colors?id=text",
                                    "title_typography_typography": "globals\/typography?id=01e3d1c",
                                    "description_typography_typography": "globals\/typography?id=499599d",
                                    "overlay_background_color": "globals\/colors?id=f491614",
                                    "overlay_background_color_b": "globals\/colors?id=2fd7526"
                                },
                                "gap_tablet": {
                                    "unit": "px",
                                    "size": 0,
                                    "sizes": []
                                },
                                "gap_mobile": {
                                    "unit": "px",
                                    "size": 0,
                                    "sizes": []
                                },
                                "lazyload": ""
                            },
                            "elements": [],
                            "isInner": false,
                            "widgetType": "gallery",
                            "elType": "widget"
                        }
                    ],
                    "isInner": false,
                    "elType": "column"
                }
            ],
            "isInner": false,
            "elType": "section"
        },
        {
            "id": "60834d56",
            "settings": {
                "gap": "no",
                "margin": {
                    "unit": "px",
                    "top": "140",
                    "right": 0,
                    "bottom": "0",
                    "left": 0,
                    "isLinked": false
                },
                "padding_tablet": {
                    "unit": "px",
                    "top": "0",
                    "right": "28",
                    "bottom": "0",
                    "left": "28",
                    "isLinked": false
                },
                "padding_mobile": {
                    "unit": "px",
                    "top": "0",
                    "right": "8",
                    "bottom": "0",
                    "left": "8",
                    "isLinked": false
                },
                "margin_mobile": {
                    "unit": "px",
                    "top": "120",
                    "right": 0,
                    "bottom": "0",
                    "left": 0,
                    "isLinked": false
                },
                "animation": "fadeInUp"
            },
            "elements": [
                {
                    "id": "409aa1f8",
                    "settings": {
                        "_column_size": 100,
                        "_inline_size": null,
                        "align": "space-between",
                        "__globals__": {
                            "background_color": ""
                        }
                    },
                    "elements": [
                        {
                            "id": "2f58cfa9",
                            "settings": {
                                "title": "We are trusted by thousands of clients",
                                "header_size": "div",
                                "align": "center",
                                "_margin": {
                                    "unit": "px",
                                    "top": "0",
                                    "right": "0",
                                    "bottom": "40",
                                    "left": "0",
                                    "isLinked": false
                                },
                                "__globals__": {
                                    "title_color": "globals\/colors?id=cc7bf96",
                                    "typography_typography": "globals\/typography?id=01e3d1c"
                                }
                            },
                            "elements": [],
                            "isInner": false,
                            "widgetType": "heading",
                            "elType": "widget"
                        },
                        {
                            "id": "57e77680",
                            "settings": {
                                "image": {
                                    "url": "https:\/\/www.xable.oxacor.com\/wp-content\/uploads\/Logo-28-light-1.png",
                                    "id": 1404,
                                    "size": "",
                                    "alt": "",
                                    "source": "library"
                                },
                                "image_size": "full",
                                "align": "center",
                                "width": {
                                    "unit": "%",
                                    "size": 100,
                                    "sizes": []
                                },
                                "opacity": {
                                    "unit": "px",
                                    "size": 0.6,
                                    "sizes": []
                                },
                                "opacity_hover": {
                                    "unit": "px",
                                    "size": 1,
                                    "sizes": []
                                },
                                "background_hover_transition": {
                                    "unit": "px",
                                    "size": 0.8,
                                    "sizes": []
                                },
                                "hover_animation": "grow",
                                "_padding": {
                                    "unit": "px",
                                    "top": "12",
                                    "right": "40",
                                    "bottom": "12",
                                    "left": "40",
                                    "isLinked": false
                                },
                                "_padding_mobile": {
                                    "unit": "px",
                                    "top": "20",
                                    "right": "20",
                                    "bottom": "20",
                                    "left": "20",
                                    "isLinked": true
                                },
                                "_element_width": "initial",
                                "_element_custom_width": {
                                    "unit": "%",
                                    "size": 16,
                                    "sizes": []
                                },
                                "_element_custom_width_tablet": {
                                    "unit": "%",
                                    "size": 30,
                                    "sizes": []
                                },
                                "_element_custom_width_mobile": {
                                    "unit": "%",
                                    "size": 44,
                                    "sizes": []
                                },
                                "_element_vertical_align": "center"
                            },
                            "elements": [],
                            "isInner": false,
                            "widgetType": "image",
                            "elType": "widget"
                        },
                        {
                            "id": "40aeb441",
                            "settings": {
                                "image": {
                                    "url": "https:\/\/www.xable.oxacor.com\/wp-content\/uploads\/Logo-6-light-1.png",
                                    "id": 1382,
                                    "size": "",
                                    "alt": "",
                                    "source": "library"
                                },
                                "image_size": "full",
                                "align": "center",
                                "width": {
                                    "unit": "%",
                                    "size": 100,
                                    "sizes": []
                                },
                                "opacity": {
                                    "unit": "px",
                                    "size": 0.6,
                                    "sizes": []
                                },
                                "opacity_hover": {
                                    "unit": "px",
                                    "size": 1,
                                    "sizes": []
                                },
                                "background_hover_transition": {
                                    "unit": "px",
                                    "size": 0.8,
                                    "sizes": []
                                },
                                "hover_animation": "grow",
                                "_padding": {
                                    "unit": "px",
                                    "top": "12",
                                    "right": "40",
                                    "bottom": "12",
                                    "left": "40",
                                    "isLinked": false
                                },
                                "_padding_mobile": {
                                    "unit": "px",
                                    "top": "20",
                                    "right": "20",
                                    "bottom": "20",
                                    "left": "20",
                                    "isLinked": true
                                },
                                "_element_width": "initial",
                                "_element_custom_width": {
                                    "unit": "%",
                                    "size": 16,
                                    "sizes": []
                                },
                                "_element_custom_width_tablet": {
                                    "unit": "%",
                                    "size": 30,
                                    "sizes": []
                                },
                                "_element_custom_width_mobile": {
                                    "unit": "%",
                                    "size": 44,
                                    "sizes": []
                                },
                                "_element_vertical_align": "center"
                            },
                            "elements": [],
                            "isInner": false,
                            "widgetType": "image",
                            "elType": "widget"
                        },
                        {
                            "id": "77733521",
                            "settings": {
                                "image": {
                                    "url": "https:\/\/www.xable.oxacor.com\/wp-content\/uploads\/Logo-26-light-1.png",
                                    "id": 1402,
                                    "size": "",
                                    "alt": "",
                                    "source": "library"
                                },
                                "image_size": "full",
                                "align": "center",
                                "width": {
                                    "unit": "%",
                                    "size": 100,
                                    "sizes": []
                                },
                                "opacity": {
                                    "unit": "px",
                                    "size": 0.6,
                                    "sizes": []
                                },
                                "opacity_hover": {
                                    "unit": "px",
                                    "size": 1,
                                    "sizes": []
                                },
                                "background_hover_transition": {
                                    "unit": "px",
                                    "size": 0.8,
                                    "sizes": []
                                },
                                "hover_animation": "grow",
                                "_padding": {
                                    "unit": "px",
                                    "top": "12",
                                    "right": "40",
                                    "bottom": "12",
                                    "left": "40",
                                    "isLinked": false
                                },
                                "_padding_mobile": {
                                    "unit": "px",
                                    "top": "20",
                                    "right": "20",
                                    "bottom": "20",
                                    "left": "20",
                                    "isLinked": true
                                },
                                "_element_width": "initial",
                                "_element_custom_width": {
                                    "unit": "%",
                                    "size": 16,
                                    "sizes": []
                                },
                                "_element_custom_width_tablet": {
                                    "unit": "%",
                                    "size": 30,
                                    "sizes": []
                                },
                                "_element_custom_width_mobile": {
                                    "unit": "%",
                                    "size": 44,
                                    "sizes": []
                                },
                                "_element_vertical_align": "center"
                            },
                            "elements": [],
                            "isInner": false,
                            "widgetType": "image",
                            "elType": "widget"
                        },
                        {
                            "id": "7b06e70a",
                            "settings": {
                                "image": {
                                    "url": "https:\/\/www.xable.oxacor.com\/wp-content\/uploads\/Logo-10-light-1.png",
                                    "id": 1386,
                                    "size": "",
                                    "alt": "",
                                    "source": "library"
                                },
                                "image_size": "full",
                                "align": "center",
                                "width": {
                                    "unit": "%",
                                    "size": 100,
                                    "sizes": []
                                },
                                "opacity": {
                                    "unit": "px",
                                    "size": 0.6,
                                    "sizes": []
                                },
                                "opacity_hover": {
                                    "unit": "px",
                                    "size": 1,
                                    "sizes": []
                                },
                                "background_hover_transition": {
                                    "unit": "px",
                                    "size": 0.8,
                                    "sizes": []
                                },
                                "hover_animation": "grow",
                                "_padding": {
                                    "unit": "px",
                                    "top": "12",
                                    "right": "40",
                                    "bottom": "12",
                                    "left": "40",
                                    "isLinked": false
                                },
                                "_padding_mobile": {
                                    "unit": "px",
                                    "top": "20",
                                    "right": "20",
                                    "bottom": "20",
                                    "left": "20",
                                    "isLinked": true
                                },
                                "_element_width": "initial",
                                "_element_custom_width": {
                                    "unit": "%",
                                    "size": 16,
                                    "sizes": []
                                },
                                "_element_custom_width_tablet": {
                                    "unit": "%",
                                    "size": 30,
                                    "sizes": []
                                },
                                "_element_custom_width_mobile": {
                                    "unit": "%",
                                    "size": 44,
                                    "sizes": []
                                },
                                "_element_vertical_align": "center"
                            },
                            "elements": [],
                            "isInner": false,
                            "widgetType": "image",
                            "elType": "widget"
                        },
                        {
                            "id": "730a1d5c",
                            "settings": {
                                "image": {
                                    "url": "https:\/\/www.xable.oxacor.com\/wp-content\/uploads\/Logo-12-light-1.png",
                                    "id": 1388,
                                    "size": "",
                                    "alt": "",
                                    "source": "library"
                                },
                                "image_size": "full",
                                "align": "center",
                                "width": {
                                    "unit": "%",
                                    "size": 100,
                                    "sizes": []
                                },
                                "opacity": {
                                    "unit": "px",
                                    "size": 0.6,
                                    "sizes": []
                                },
                                "opacity_hover": {
                                    "unit": "px",
                                    "size": 1,
                                    "sizes": []
                                },
                                "background_hover_transition": {
                                    "unit": "px",
                                    "size": 0.8,
                                    "sizes": []
                                },
                                "hover_animation": "grow",
                                "_padding": {
                                    "unit": "px",
                                    "top": "12",
                                    "right": "40",
                                    "bottom": "12",
                                    "left": "40",
                                    "isLinked": false
                                },
                                "_padding_mobile": {
                                    "unit": "px",
                                    "top": "20",
                                    "right": "20",
                                    "bottom": "20",
                                    "left": "20",
                                    "isLinked": true
                                },
                                "_element_width": "initial",
                                "_element_custom_width": {
                                    "unit": "%",
                                    "size": 16,
                                    "sizes": []
                                },
                                "_element_custom_width_tablet": {
                                    "unit": "%",
                                    "size": 30,
                                    "sizes": []
                                },
                                "_element_custom_width_mobile": {
                                    "unit": "%",
                                    "size": 44,
                                    "sizes": []
                                },
                                "_element_vertical_align": "center"
                            },
                            "elements": [],
                            "isInner": false,
                            "widgetType": "image",
                            "elType": "widget"
                        },
                        {
                            "id": "3c81ec2",
                            "settings": {
                                "image": {
                                    "url": "https:\/\/www.xable.oxacor.com\/wp-content\/uploads\/Logo-13-light-1.png",
                                    "id": 1389,
                                    "size": "",
                                    "alt": "",
                                    "source": "library"
                                },
                                "image_size": "full",
                                "align": "center",
                                "width": {
                                    "unit": "%",
                                    "size": 100,
                                    "sizes": []
                                },
                                "opacity": {
                                    "unit": "px",
                                    "size": 0.6,
                                    "sizes": []
                                },
                                "opacity_hover": {
                                    "unit": "px",
                                    "size": 1,
                                    "sizes": []
                                },
                                "background_hover_transition": {
                                    "unit": "px",
                                    "size": 0.8,
                                    "sizes": []
                                },
                                "hover_animation": "grow",
                                "_padding": {
                                    "unit": "px",
                                    "top": "12",
                                    "right": "40",
                                    "bottom": "12",
                                    "left": "40",
                                    "isLinked": false
                                },
                                "_padding_mobile": {
                                    "unit": "px",
                                    "top": "20",
                                    "right": "20",
                                    "bottom": "20",
                                    "left": "20",
                                    "isLinked": true
                                },
                                "_element_width": "initial",
                                "_element_custom_width": {
                                    "unit": "%",
                                    "size": 16,
                                    "sizes": []
                                },
                                "_element_custom_width_tablet": {
                                    "unit": "%",
                                    "size": 30,
                                    "sizes": []
                                },
                                "_element_custom_width_mobile": {
                                    "unit": "%",
                                    "size": 44,
                                    "sizes": []
                                },
                                "_element_vertical_align": "center"
                            },
                            "elements": [],
                            "isInner": false,
                            "widgetType": "image",
                            "elType": "widget"
                        }
                    ],
                    "isInner": false,
                    "elType": "column"
                }
            ],
            "isInner": false,
            "elType": "section"
        },
        {
            "id": "1755547e",
            "settings": {
                "content_width": {
                    "unit": "px",
                    "size": 700,
                    "sizes": []
                },
                "gap": "no",
                "padding": {
                    "unit": "px",
                    "top": "180",
                    "right": "0",
                    "bottom": "132",
                    "left": "0",
                    "isLinked": false
                },
                "background_overlay_background": "classic",
                "background_overlay_image": {
                    "url": "https:\/\/www.xable.oxacor.com\/wp-content\/uploads\/left-quote-1.png",
                    "id": 1070,
                    "size": "",
                    "alt": "",
                    "source": "library"
                },
                "background_overlay_position": "initial",
                "background_overlay_xpos": {
                    "unit": "%",
                    "size": 50,
                    "sizes": []
                },
                "background_overlay_xpos_tablet": {
                    "unit": "%",
                    "size": 50,
                    "sizes": []
                },
                "background_overlay_xpos_mobile": {
                    "unit": "%",
                    "size": 50,
                    "sizes": []
                },
                "background_overlay_ypos": {
                    "unit": "%",
                    "size": 28,
                    "sizes": []
                },
                "background_overlay_ypos_tablet": {
                    "unit": "%",
                    "size": 28,
                    "sizes": []
                },
                "background_overlay_ypos_mobile": {
                    "unit": "%",
                    "size": 20,
                    "sizes": []
                },
                "background_overlay_repeat": "no-repeat",
                "background_overlay_opacity": {
                    "unit": "px",
                    "size": 0.12,
                    "sizes": []
                },
                "background_overlay_size_mobile": "initial",
                "background_overlay_bg_width_mobile": {
                    "unit": "%",
                    "size": 60,
                    "sizes": []
                },
                "margin": {
                    "unit": "px",
                    "top": "40",
                    "right": 0,
                    "bottom": "0",
                    "left": 0,
                    "isLinked": false
                }
            },
            "elements": [
                {
                    "id": "3a9b039",
                    "settings": {
                        "_column_size": 100,
                        "_inline_size": null,
                        "padding_mobile": {
                            "unit": "px",
                            "top": "0",
                            "right": "8",
                            "bottom": "0",
                            "left": "8",
                            "isLinked": false
                        }
                    },
                    "elements": [
                        {
                            "id": "50b6b40e",
                            "settings": {
                                "slides": [
                                    {
                                        "content": "We now have a fantastic website that perfectly encapsulates the essence of our company thanks to them. Their service has exceeded all of our expectations, making us extremely happy.",
                                        "name": "Samantha Milner",
                                        "title": "Hocud PLC",
                                        "image": {
                                            "url": "https:\/\/www.xable.oxacor.com\/wp-content\/uploads\/cheerful-female-executive-in-glasses-reading-her-messages-on-mobile-phone-with-note-book-in-hands.jpg",
                                            "id": 2570,
                                            "alt": "Cheerful female executive in glasses reading her messages on mobile phone with note book in hands",
                                            "source": "library",
                                            "size": ""
                                        },
                                        "_id": "7400f22"
                                    },
                                    {
                                        "content": "Thanks to the efforts of the team, our company's website is now cutting-edge and user-friendly. Their digital marketing expertise is without a doubt deserving of praise.",
                                        "name": "Mike Johnson",
                                        "title": "DEF Technologies",
                                        "image": {
                                            "url": "https:\/\/www.xable.oxacor.com\/wp-content\/uploads\/portrait-of-handsome-pensive-businessman-in-eyeglasses-looking-away.jpg",
                                            "id": 2563,
                                            "alt": "portrait of handsome pensive businessman in eyeglasses looking away",
                                            "source": "library",
                                            "size": ""
                                        },
                                        "_id": "2710f86"
                                    },
                                    {
                                        "content": "They have a team that is not only extremely knowledgeable but also very professional and quick to respond to any inquiries. They have proven to be an outstanding digital partner for us to collaborate with.",
                                        "name": "Emma Smith",
                                        "title": "GHI Industries",
                                        "image": {
                                            "url": "https:\/\/www.xable.oxacor.com\/wp-content\/uploads\/phoning-in-cafe.jpg",
                                            "id": 2561,
                                            "alt": "",
                                            "source": "library",
                                            "size": ""
                                        },
                                        "_id": "d6d187d"
                                    }
                                ],
                                "slides_per_view": "1",
                                "slides_to_scroll": "1",
                                "width": {
                                    "unit": "%",
                                    "size": 100,
                                    "sizes": []
                                },
                                "pagination": "",
                                "speed": 800,
                                "autoplay_speed": 4000,
                                "pause_on_hover": "",
                                "pause_on_interaction": "",
                                "space_between": {
                                    "unit": "px",
                                    "size": 0,
                                    "sizes": []
                                },
                                "slide_border_size": {
                                    "unit": "px",
                                    "top": "0",
                                    "right": "0",
                                    "bottom": "0",
                                    "left": "0",
                                    "isLinked": true
                                },
                                "slide_border_radius": {
                                    "unit": "px",
                                    "size": 0,
                                    "sizes": []
                                },
                                "slide_padding": {
                                    "unit": "px",
                                    "top": "0",
                                    "right": "0",
                                    "bottom": "0",
                                    "left": "0",
                                    "isLinked": false
                                },
                                "content_gap": {
                                    "unit": "px",
                                    "size": 24,
                                    "sizes": []
                                },
                                "image_size": {
                                    "unit": "px",
                                    "size": 60,
                                    "sizes": []
                                },
                                "image_gap": {
                                    "unit": "px",
                                    "size": 20,
                                    "sizes": []
                                },
                                "image_border": "yes",
                                "image_border_width": {
                                    "unit": "px",
                                    "size": 3,
                                    "sizes": []
                                },
                                "arrows_size": {
                                    "unit": "px",
                                    "size": 24,
                                    "sizes": []
                                },
                                "__globals__": {
                                    "slide_background_color": "globals\/colors?id=f491614",
                                    "content_color": "globals\/colors?id=secondary",
                                    "content_typography_typography": "globals\/typography?id=b62a13d",
                                    "name_color": "globals\/colors?id=secondary",
                                    "name_typography_typography": "globals\/typography?id=01e3d1c",
                                    "title_color": "globals\/colors?id=text",
                                    "title_typography_typography": "globals\/typography?id=499599d",
                                    "image_border_color": "globals\/colors?id=152652f",
                                    "arrows_color": "globals\/colors?id=cc7bf96"
                                },
                                "slide_background_color": "#FFFFFF00",
                                "content_color": "#FFFFFF",
                                "name_color": "#FFFFFF",
                                "name_typography_typography": "custom",
                                "name_typography_font_family": "Be Vietnam Pro",
                                "name_typography_font_size": {
                                    "unit": "px",
                                    "size": 12,
                                    "sizes": []
                                },
                                "name_typography_font_weight": "700",
                                "name_typography_text_transform": "uppercase",
                                "name_typography_font_style": "normal",
                                "name_typography_text_decoration": "none",
                                "name_typography_line_height": {
                                    "unit": "em",
                                    "size": 1.3,
                                    "sizes": []
                                },
                                "name_typography_letter_spacing": {
                                    "unit": "px",
                                    "size": 0.2,
                                    "sizes": []
                                },
                                "name_typography_word_spacing": {
                                    "unit": "px",
                                    "size": "",
                                    "sizes": []
                                },
                                "title_color": "#FFFFFFC2",
                                "title_typography_typography": "custom",
                                "title_typography_font_family": "Be Vietnam Pro",
                                "title_typography_font_size": {
                                    "unit": "px",
                                    "size": 13,
                                    "sizes": []
                                },
                                "title_typography_font_weight": "400",
                                "title_typography_line_height": {
                                    "unit": "em",
                                    "size": 1.4,
                                    "sizes": []
                                },
                                "image_border_color": "#FFFFFF45",
                                "arrows_color": "#FFFFFF94"
                            },
                            "elements": [],
                            "isInner": false,
                            "widgetType": "testimonial-carousel",
                            "elType": "widget"
                        }
                    ],
                    "isInner": false,
                    "elType": "column"
                }
            ],
            "isInner": false,
            "elType": "section"
        },
        {
            "id": "1f05c27a",
            "settings": {
                "layout": "full_width",
                "gap": "no",
                "margin": {
                    "unit": "px",
                    "top": "0",
                    "right": 0,
                    "bottom": "0",
                    "left": 0,
                    "isLinked": false
                },
                "animation": "fadeInUp"
            },
            "elements": [
                {
                    "id": "48677832",
                    "settings": {
                        "_column_size": 100,
                        "_inline_size": null
                    },
                    "elements": [
                        {
                            "id": "5548c25f",
                            "settings": {
                                "template_id": "1823"
                            },
                            "elements": [],
                            "isInner": false,
                            "widgetType": "template",
                            "elType": "widget"
                        }
                    ],
                    "isInner": false,
                    "elType": "column"
                }
            ],
            "isInner": false,
            "elType": "section"
        }
    ]
}