{
    "version": "0.4",
    "title": "Portfolio 1",
    "type": "page",
    "metadata": {
        "template_type": "single-page",
        "include_in_zip": "1",
        "elementor_pro_required": "1",
        "wp_page_template": "elementor_header_footer"
    },
    "content": [
        {
            "id": "588de3ac",
            "settings": {
                "content_width": {
                    "unit": "px",
                    "size": 700,
                    "sizes": []
                },
                "gap": "no",
                "custom_height": {
                    "unit": "vh",
                    "size": 100,
                    "sizes": []
                },
                "custom_height_tablet": {
                    "unit": "vh",
                    "size": "",
                    "sizes": []
                },
                "content_position": "middle",
                "background_background": "classic",
                "background_image": {
                    "url": "https:\/\/www.xable.oxacor.com\/wp-content\/uploads\/exploring-virtual-reality.jpg",
                    "id": 1132,
                    "size": "",
                    "alt": "Exploring virtual reality",
                    "source": "library"
                },
                "background_position": "center center",
                "background_attachment": "fixed",
                "background_repeat": "no-repeat",
                "background_size": "cover",
                "background_overlay_background": "classic",
                "background_overlay_opacity": {
                    "unit": "px",
                    "size": 0.72,
                    "sizes": []
                },
                "overlay_blend_mode": "multiply",
                "margin": {
                    "unit": "px",
                    "top": "-124",
                    "right": 0,
                    "bottom": "0",
                    "left": 0,
                    "isLinked": false
                },
                "margin_tablet": {
                    "unit": "px",
                    "top": "",
                    "right": 0,
                    "bottom": "",
                    "left": 0,
                    "isLinked": true
                },
                "margin_mobile": {
                    "unit": "px",
                    "top": "-90",
                    "right": 0,
                    "bottom": "0",
                    "left": 0,
                    "isLinked": false
                },
                "padding": {
                    "unit": "px",
                    "top": "248",
                    "right": "0",
                    "bottom": "160",
                    "left": "0",
                    "isLinked": false
                },
                "__globals__": {
                    "background_overlay_color": "globals\/colors?id=41e718d"
                },
                "padding_mobile": {
                    "unit": "px",
                    "top": "180",
                    "right": "0",
                    "bottom": "120",
                    "left": "0",
                    "isLinked": false
                }
            },
            "elements": [
                {
                    "id": "30df4330",
                    "settings": {
                        "_column_size": 100,
                        "_inline_size": null,
                        "align": "center",
                        "margin_mobile": {
                            "unit": "px",
                            "top": "0",
                            "right": "0",
                            "bottom": "0",
                            "left": "0",
                            "isLinked": false
                        },
                        "padding_mobile": {
                            "unit": "px",
                            "top": "0",
                            "right": "20",
                            "bottom": "0",
                            "left": "20",
                            "isLinked": false
                        },
                        "padding_tablet": {
                            "unit": "px",
                            "top": "0",
                            "right": "60",
                            "bottom": "0",
                            "left": "60",
                            "isLinked": false
                        }
                    },
                    "elements": [
                        {
                            "id": "232abbd7",
                            "settings": {
                                "selected_icon": {
                                    "value": "",
                                    "library": ""
                                },
                                "title_text": "Portfolio",
                                "description_text": "A showcase of our commitment to delivering top-tier, innovative digital solutions. We believe in the power of technology and design to transform businesses, catapulting them into the future. Our commitment to quality and excellence is unparalleled. ",
                                "title_size": "h1",
                                "text_align": "center",
                                "_margin": {
                                    "unit": "px",
                                    "top": "0",
                                    "right": "0",
                                    "bottom": "0",
                                    "left": "0",
                                    "isLinked": false
                                },
                                "title_bottom_space": {
                                    "unit": "px",
                                    "size": 24,
                                    "sizes": []
                                },
                                "__globals__": {
                                    "title_typography_typography": "",
                                    "title_color": "",
                                    "description_typography_typography": "globals\/typography?id=2d4f93f"
                                },
                                "title_typography_font_family": "Be Vietnam Pro",
                                "title_typography_font_size": {
                                    "unit": "px",
                                    "size": 34,
                                    "sizes": []
                                },
                                "title_typography_font_size_tablet": {
                                    "unit": "px",
                                    "size": 30,
                                    "sizes": []
                                },
                                "title_typography_font_size_mobile": {
                                    "unit": "px",
                                    "size": 28,
                                    "sizes": []
                                },
                                "title_typography_font_weight": "800",
                                "title_typography_line_height": {
                                    "unit": "em",
                                    "size": 1.3,
                                    "sizes": []
                                },
                                "description_typography_typography": "custom",
                                "description_typography_font_family": "Be Vietnam Pro",
                                "description_typography_font_size": {
                                    "unit": "px",
                                    "size": 16,
                                    "sizes": []
                                },
                                "description_typography_font_weight": "400",
                                "description_typography_line_height": {
                                    "unit": "em",
                                    "size": 1.5,
                                    "sizes": []
                                }
                            },
                            "elements": [],
                            "isInner": false,
                            "widgetType": "icon-box",
                            "elType": "widget"
                        }
                    ],
                    "isInner": false,
                    "elType": "column"
                }
            ],
            "isInner": false,
            "elType": "section"
        },
        {
            "id": "27ed7b23",
            "settings": {
                "gap": "no",
                "margin": {
                    "unit": "px",
                    "top": "140",
                    "right": 0,
                    "bottom": "0",
                    "left": 0,
                    "isLinked": false
                },
                "padding_tablet": {
                    "unit": "px",
                    "top": "0",
                    "right": "28",
                    "bottom": "0",
                    "left": "28",
                    "isLinked": false
                },
                "padding_mobile": {
                    "unit": "px",
                    "top": "0",
                    "right": "16",
                    "bottom": "0",
                    "left": "16",
                    "isLinked": false
                }
            },
            "elements": [
                {
                    "id": "3d76e03a",
                    "settings": {
                        "_column_size": 100,
                        "_inline_size": null
                    },
                    "elements": [
                        {
                            "id": "64b9030d",
                            "settings": {
                                "gallery": [
                                    {
                                        "id": 1117,
                                        "url": "https:\/\/www.xable.oxacor.com\/wp-content\/uploads\/330-ml-black-coffee-paper-cup-with-blurred-background-3d-rendering-illustration.jpg"
                                    },
                                    {
                                        "id": 1113,
                                        "url": "https:\/\/www.xable.oxacor.com\/wp-content\/uploads\/film-reels-in-containers-called-pizzas.jpg"
                                    },
                                    {
                                        "id": 1119,
                                        "url": "https:\/\/www.xable.oxacor.com\/wp-content\/uploads\/businessman-using-mobile-app-for-trading-and-investing-online.jpg"
                                    },
                                    {
                                        "id": 1093,
                                        "url": "https:\/\/www.xable.oxacor.com\/wp-content\/uploads\/smartwatch-screen-mockup-digital-device.jpg"
                                    },
                                    {
                                        "id": 1130,
                                        "url": "https:\/\/www.xable.oxacor.com\/wp-content\/uploads\/golf-ball.jpg"
                                    },
                                    {
                                        "id": 1128,
                                        "url": "https:\/\/www.xable.oxacor.com\/wp-content\/uploads\/headphones-isolated-on-black-background-.jpg"
                                    }
                                ],
                                "galleries": [
                                    {
                                        "gallery_title": "Web Design",
                                        "_id": "40117e0",
                                        "multiple_gallery": [
                                            {
                                                "id": 1119,
                                                "url": "https:\/\/www.xable.oxacor.com\/wp-content\/uploads\/businessman-using-mobile-app-for-trading-and-investing-online.jpg"
                                            },
                                            {
                                                "id": 1134,
                                                "url": "https:\/\/www.xable.oxacor.com\/wp-content\/uploads\/vr-virtual-reality-equipment-on-the-table-.jpg"
                                            },
                                            {
                                                "id": 1130,
                                                "url": "https:\/\/www.xable.oxacor.com\/wp-content\/uploads\/golf-ball.jpg"
                                            },
                                            {
                                                "id": 1124,
                                                "url": "https:\/\/www.xable.oxacor.com\/wp-content\/uploads\/black-luxury-take-away-paper-cups-set-mirrored-2.jpg"
                                            },
                                            {
                                                "id": 1128,
                                                "url": "https:\/\/www.xable.oxacor.com\/wp-content\/uploads\/headphones-isolated-on-black-background-.jpg"
                                            }
                                        ]
                                    },
                                    {
                                        "gallery_title": "Graphic Design",
                                        "multiple_gallery": [
                                            {
                                                "id": 1096,
                                                "url": "https:\/\/www.xable.oxacor.com\/wp-content\/uploads\/smartwatch-screen-mockup-digital-device-1.jpg"
                                            },
                                            {
                                                "id": 1106,
                                                "url": "https:\/\/www.xable.oxacor.com\/wp-content\/uploads\/vertical-closeup-of-wireless-bluetooth-earphones-on-a-dark-background-e1679181889774.jpg"
                                            },
                                            {
                                                "id": 1107,
                                                "url": "https:\/\/www.xable.oxacor.com\/wp-content\/uploads\/rewind-crank-of-a-black-retro-film-camera.jpg"
                                            },
                                            {
                                                "id": 1130,
                                                "url": "https:\/\/www.xable.oxacor.com\/wp-content\/uploads\/golf-ball.jpg"
                                            },
                                            {
                                                "id": 1128,
                                                "url": "https:\/\/www.xable.oxacor.com\/wp-content\/uploads\/headphones-isolated-on-black-background-.jpg"
                                            }
                                        ],
                                        "_id": "c7548fe"
                                    },
                                    {
                                        "gallery_title": "Branding",
                                        "multiple_gallery": [
                                            {
                                                "id": 1094,
                                                "url": "https:\/\/www.xable.oxacor.com\/wp-content\/uploads\/blank-black-sim-smart-card-on-black-background-mock-up-.jpg"
                                            },
                                            {
                                                "id": 1107,
                                                "url": "https:\/\/www.xable.oxacor.com\/wp-content\/uploads\/rewind-crank-of-a-black-retro-film-camera.jpg"
                                            },
                                            {
                                                "id": 1118,
                                                "url": "https:\/\/www.xable.oxacor.com\/wp-content\/uploads\/black-color-plain-t-shirt-on-textured-background.jpg"
                                            },
                                            {
                                                "id": 1108,
                                                "url": "https:\/\/www.xable.oxacor.com\/wp-content\/uploads\/vr-virtual-reality-glasses-on-a-black-table.jpg"
                                            },
                                            {
                                                "id": 1116,
                                                "url": "https:\/\/www.xable.oxacor.com\/wp-content\/uploads\/3d-rendering-pedestal-for-display-platform-for-design-blank-product-stand-with-lamp-light-spot.jpg"
                                            }
                                        ],
                                        "_id": "e1775c3"
                                    }
                                ],
                                "columns": 3,
                                "aspect_ratio": "9:16",
                                "thumbnail_image_size": "large",
                                "show_all_galleries_label": "All",
                                "overlay_title": "title",
                                "overlay_description": "description",
                                "overlay_background_background": "gradient",
                                "__globals__": {
                                    "overlay_background_color": "globals\/colors?id=f491614",
                                    "overlay_background_color_b": "globals\/colors?id=41e718d",
                                    "title_color": "globals\/colors?id=secondary",
                                    "description_color": "globals\/colors?id=text",
                                    "description_typography_typography": "globals\/typography?id=text",
                                    "title_typography_typography": "globals\/typography?id=62f5f26",
                                    "overlay_background_hover_color": "globals\/colors?id=f491614",
                                    "overlay_background_hover_color_b": "globals\/colors?id=primary",
                                    "image_border_color": "globals\/colors?id=152652f",
                                    "image_border_color_hover": "globals\/colors?id=primary",
                                    "_border_color": "globals\/colors?id=152652f",
                                    "_border_hover_color": "globals\/colors?id=primary",
                                    "galleries_titles_typography_typography": "globals\/typography?id=accent",
                                    "galleries_title_color_normal": "globals\/colors?id=text",
                                    "galleries_pointer_color_active": "globals\/colors?id=primary",
                                    "galleries_title_color_active": "globals\/colors?id=secondary",
                                    "galleries_title_color_hover": "globals\/colors?id=secondary",
                                    "galleries_pointer_color_hover": "globals\/colors?id=primary"
                                },
                                "gap": {
                                    "unit": "px",
                                    "size": 32,
                                    "sizes": []
                                },
                                "overlay_background_color": "#FFFFFF00",
                                "overlay_background_color_stop": {
                                    "unit": "%",
                                    "size": 50,
                                    "sizes": []
                                },
                                "overlay_background_color_b": "#020205",
                                "overlay_background_color_b_stop": {
                                    "unit": "%",
                                    "size": 80,
                                    "sizes": []
                                },
                                "overlay_background_hover_background": "gradient",
                                "overlay_background_hover_color": "#FFFFFF00",
                                "overlay_background_hover_color_stop": {
                                    "unit": "%",
                                    "size": 40,
                                    "sizes": []
                                },
                                "overlay_background_hover_color_b": "#ED1C25",
                                "overlay_background_hover_color_b_stop": {
                                    "unit": "%",
                                    "size": 80,
                                    "sizes": []
                                },
                                "image_blend_mode": "multiply",
                                "content_vertical_position": "bottom",
                                "content_padding": {
                                    "unit": "px",
                                    "size": 60,
                                    "sizes": []
                                },
                                "title_color": "#FFFFFF",
                                "title_typography_typography": "custom",
                                "title_typography_font_size": {
                                    "unit": "px",
                                    "size": 16,
                                    "sizes": []
                                },
                                "title_typography_font_weight": "700",
                                "title_typography_line_height": {
                                    "unit": "em",
                                    "size": 1.4,
                                    "sizes": []
                                },
                                "title_spacing": {
                                    "unit": "px",
                                    "size": 4,
                                    "sizes": []
                                },
                                "description_color": "#FFFFFFC2",
                                "description_typography_typography": "custom",
                                "description_typography_font_family": "Be Vietnam Pro",
                                "description_typography_font_size": {
                                    "unit": "px",
                                    "size": 13,
                                    "sizes": []
                                },
                                "description_typography_font_weight": "400",
                                "description_typography_line_height": {
                                    "unit": "em",
                                    "size": 1.4,
                                    "sizes": []
                                },
                                "content_hover_animation": "move-up",
                                "_element_custom_width": {
                                    "unit": "%",
                                    "size": 24,
                                    "sizes": []
                                },
                                "_transform_scale_effect_hover": {
                                    "unit": "px",
                                    "size": 1.07,
                                    "sizes": []
                                },
                                "_transform_transition_hover": {
                                    "unit": "px",
                                    "size": 1200,
                                    "sizes": []
                                },
                                "motion_fx_transform_x_anchor_point": "center",
                                "motion_fx_transform_y_anchor_point": "center",
                                "_border_border": "none",
                                "_border_width": {
                                    "unit": "px",
                                    "top": "2",
                                    "right": "2",
                                    "bottom": "2",
                                    "left": "2",
                                    "isLinked": true
                                },
                                "_border_hover_border": "none",
                                "_border_hover_width": {
                                    "unit": "px",
                                    "top": "2",
                                    "right": "2",
                                    "bottom": "2",
                                    "left": "2",
                                    "isLinked": true
                                },
                                "image_border_width": {
                                    "unit": "px",
                                    "size": 2,
                                    "sizes": []
                                },
                                "image_border_radius": {
                                    "unit": "px",
                                    "size": 0,
                                    "sizes": []
                                },
                                "gallery_type": "multiple",
                                "pointer": "framed",
                                "animation_line": "grow",
                                "animation_framed": "draw",
                                "align_filter_bar_items": "center",
                                "pointer_width": {
                                    "unit": "px",
                                    "size": 1,
                                    "sizes": []
                                },
                                "galleries_titles_gap": {
                                    "unit": "px",
                                    "size": 48,
                                    "sizes": []
                                },
                                "image_hover_animation": "grow",
                                "gap_tablet": {
                                    "unit": "px",
                                    "size": 20,
                                    "sizes": []
                                },
                                "gap_mobile": {
                                    "unit": "px",
                                    "size": 24,
                                    "sizes": []
                                }
                            },
                            "elements": [],
                            "isInner": false,
                            "widgetType": "gallery",
                            "elType": "widget"
                        }
                    ],
                    "isInner": false,
                    "elType": "column"
                }
            ],
            "isInner": false,
            "elType": "section"
        },
        {
            "id": "65464413",
            "settings": {
                "content_width": {
                    "unit": "px",
                    "size": 700,
                    "sizes": []
                },
                "gap": "no",
                "padding": {
                    "unit": "px",
                    "top": "180",
                    "right": "0",
                    "bottom": "132",
                    "left": "0",
                    "isLinked": false
                },
                "background_overlay_background": "classic",
                "background_overlay_image": {
                    "url": "https:\/\/www.xable.oxacor.com\/wp-content\/uploads\/left-quote-1.png",
                    "id": 1070,
                    "size": "",
                    "alt": "",
                    "source": "library"
                },
                "background_overlay_position": "initial",
                "background_overlay_xpos": {
                    "unit": "%",
                    "size": 50,
                    "sizes": []
                },
                "background_overlay_xpos_tablet": {
                    "unit": "%",
                    "size": 50,
                    "sizes": []
                },
                "background_overlay_xpos_mobile": {
                    "unit": "%",
                    "size": 50,
                    "sizes": []
                },
                "background_overlay_ypos": {
                    "unit": "%",
                    "size": 28,
                    "sizes": []
                },
                "background_overlay_ypos_tablet": {
                    "unit": "%",
                    "size": 28,
                    "sizes": []
                },
                "background_overlay_ypos_mobile": {
                    "unit": "%",
                    "size": 20,
                    "sizes": []
                },
                "background_overlay_repeat": "no-repeat",
                "background_overlay_opacity": {
                    "unit": "px",
                    "size": 0.12,
                    "sizes": []
                },
                "background_overlay_size_mobile": "initial",
                "background_overlay_bg_width_mobile": {
                    "unit": "%",
                    "size": 60,
                    "sizes": []
                },
                "margin": {
                    "unit": "px",
                    "top": "40",
                    "right": 0,
                    "bottom": "0",
                    "left": 0,
                    "isLinked": false
                }
            },
            "elements": [
                {
                    "id": "6db33fd3",
                    "settings": {
                        "_column_size": 100,
                        "_inline_size": null,
                        "padding_mobile": {
                            "unit": "px",
                            "top": "0",
                            "right": "8",
                            "bottom": "0",
                            "left": "8",
                            "isLinked": false
                        }
                    },
                    "elements": [
                        {
                            "id": "6ba41ac",
                            "settings": {
                                "slides": [
                                    {
                                        "content": "We now have a fantastic website that perfectly encapsulates the essence of our company thanks to them. Their service has exceeded all of our expectations, making us extremely happy.",
                                        "name": "Samantha Milner",
                                        "title": "Hocud PLC",
                                        "image": {
                                            "url": "https:\/\/www.xable.oxacor.com\/wp-content\/uploads\/cheerful-female-executive-in-glasses-reading-her-messages-on-mobile-phone-with-note-book-in-hands.jpg",
                                            "id": 2570,
                                            "alt": "Cheerful female executive in glasses reading her messages on mobile phone with note book in hands",
                                            "source": "library",
                                            "size": ""
                                        },
                                        "_id": "7400f22"
                                    },
                                    {
                                        "content": "Thanks to the efforts of the team, our company's website is now cutting-edge and user-friendly. Their digital marketing expertise is without a doubt deserving of praise.",
                                        "name": "Mike Johnson",
                                        "title": "DEF Technologies",
                                        "image": {
                                            "url": "https:\/\/www.xable.oxacor.com\/wp-content\/uploads\/portrait-of-handsome-pensive-businessman-in-eyeglasses-looking-away.jpg",
                                            "id": 2563,
                                            "alt": "portrait of handsome pensive businessman in eyeglasses looking away",
                                            "source": "library",
                                            "size": ""
                                        },
                                        "_id": "2710f86"
                                    },
                                    {
                                        "content": "They have a team that is not only extremely knowledgeable but also very professional and quick to respond to any inquiries. They have proven to be an outstanding digital partner for us to collaborate with.",
                                        "name": "Emma Smith",
                                        "title": "GHI Industries",
                                        "image": {
                                            "url": "https:\/\/www.xable.oxacor.com\/wp-content\/uploads\/phoning-in-cafe.jpg",
                                            "id": 2561,
                                            "alt": "",
                                            "source": "library",
                                            "size": ""
                                        },
                                        "_id": "d6d187d"
                                    }
                                ],
                                "slides_per_view": "1",
                                "slides_to_scroll": "1",
                                "width": {
                                    "unit": "%",
                                    "size": 100,
                                    "sizes": []
                                },
                                "pagination": "",
                                "speed": 800,
                                "autoplay_speed": 4000,
                                "pause_on_hover": "",
                                "pause_on_interaction": "",
                                "space_between": {
                                    "unit": "px",
                                    "size": 0,
                                    "sizes": []
                                },
                                "slide_border_size": {
                                    "unit": "px",
                                    "top": "0",
                                    "right": "0",
                                    "bottom": "0",
                                    "left": "0",
                                    "isLinked": true
                                },
                                "slide_border_radius": {
                                    "unit": "px",
                                    "size": 0,
                                    "sizes": []
                                },
                                "slide_padding": {
                                    "unit": "px",
                                    "top": "0",
                                    "right": "0",
                                    "bottom": "0",
                                    "left": "0",
                                    "isLinked": false
                                },
                                "content_gap": {
                                    "unit": "px",
                                    "size": 24,
                                    "sizes": []
                                },
                                "image_size": {
                                    "unit": "px",
                                    "size": 60,
                                    "sizes": []
                                },
                                "image_gap": {
                                    "unit": "px",
                                    "size": 20,
                                    "sizes": []
                                },
                                "image_border": "yes",
                                "image_border_width": {
                                    "unit": "px",
                                    "size": 3,
                                    "sizes": []
                                },
                                "arrows_size": {
                                    "unit": "px",
                                    "size": 24,
                                    "sizes": []
                                },
                                "__globals__": {
                                    "slide_background_color": "globals\/colors?id=f491614",
                                    "content_color": "globals\/colors?id=secondary",
                                    "content_typography_typography": "globals\/typography?id=b62a13d",
                                    "name_color": "globals\/colors?id=secondary",
                                    "name_typography_typography": "globals\/typography?id=01e3d1c",
                                    "title_color": "globals\/colors?id=text",
                                    "title_typography_typography": "globals\/typography?id=499599d",
                                    "image_border_color": "globals\/colors?id=152652f",
                                    "arrows_color": "globals\/colors?id=cc7bf96"
                                },
                                "slide_background_color": "#FFFFFF00",
                                "content_color": "#FFFFFF",
                                "name_color": "#FFFFFF",
                                "name_typography_typography": "custom",
                                "name_typography_font_family": "Be Vietnam Pro",
                                "name_typography_font_size": {
                                    "unit": "px",
                                    "size": 12,
                                    "sizes": []
                                },
                                "name_typography_font_weight": "700",
                                "name_typography_text_transform": "uppercase",
                                "name_typography_font_style": "normal",
                                "name_typography_text_decoration": "none",
                                "name_typography_line_height": {
                                    "unit": "em",
                                    "size": 1.3,
                                    "sizes": []
                                },
                                "name_typography_letter_spacing": {
                                    "unit": "px",
                                    "size": 0.2,
                                    "sizes": []
                                },
                                "name_typography_word_spacing": {
                                    "unit": "px",
                                    "size": "",
                                    "sizes": []
                                },
                                "title_color": "#FFFFFFC2",
                                "title_typography_typography": "custom",
                                "title_typography_font_family": "Be Vietnam Pro",
                                "title_typography_font_size": {
                                    "unit": "px",
                                    "size": 13,
                                    "sizes": []
                                },
                                "title_typography_font_weight": "400",
                                "title_typography_line_height": {
                                    "unit": "em",
                                    "size": 1.4,
                                    "sizes": []
                                },
                                "image_border_color": "#FFFFFF45",
                                "arrows_color": "#FFFFFF94"
                            },
                            "elements": [],
                            "isInner": false,
                            "widgetType": "testimonial-carousel",
                            "elType": "widget"
                        }
                    ],
                    "isInner": false,
                    "elType": "column"
                }
            ],
            "isInner": false,
            "elType": "section"
        },
        {
            "id": "59d05697",
            "settings": {
                "gap": "no",
                "margin": {
                    "unit": "px",
                    "top": "0",
                    "right": 0,
                    "bottom": "0",
                    "left": 0,
                    "isLinked": false
                },
                "padding_tablet": {
                    "unit": "px",
                    "top": "0",
                    "right": "40",
                    "bottom": "0",
                    "left": "40",
                    "isLinked": false
                },
                "padding_mobile": {
                    "unit": "px",
                    "top": "0",
                    "right": "0",
                    "bottom": "0",
                    "left": "0",
                    "isLinked": false
                },
                "animation": "fadeInUp"
            },
            "elements": [
                {
                    "id": "78f6939a",
                    "settings": {
                        "_column_size": 100,
                        "_inline_size": null,
                        "align": "space-between",
                        "__globals__": {
                            "background_color": ""
                        }
                    },
                    "elements": [
                        {
                            "id": "40ddfde6",
                            "settings": {
                                "title": "We are trusted by thousands of clients",
                                "header_size": "div",
                                "align": "center",
                                "_margin": {
                                    "unit": "px",
                                    "top": "0",
                                    "right": "0",
                                    "bottom": "40",
                                    "left": "0",
                                    "isLinked": false
                                },
                                "__globals__": {
                                    "title_color": "globals\/colors?id=cc7bf96",
                                    "typography_typography": "globals\/typography?id=01e3d1c"
                                }
                            },
                            "elements": [],
                            "isInner": false,
                            "widgetType": "heading",
                            "elType": "widget"
                        },
                        {
                            "id": "3926340",
                            "settings": {
                                "image": {
                                    "url": "https:\/\/www.xable.oxacor.com\/wp-content\/uploads\/Logo-28-light-1.png",
                                    "id": 1404,
                                    "size": "",
                                    "alt": "",
                                    "source": "library"
                                },
                                "image_size": "full",
                                "align": "center",
                                "width": {
                                    "unit": "%",
                                    "size": 100,
                                    "sizes": []
                                },
                                "opacity": {
                                    "unit": "px",
                                    "size": 0.6,
                                    "sizes": []
                                },
                                "opacity_hover": {
                                    "unit": "px",
                                    "size": 1,
                                    "sizes": []
                                },
                                "background_hover_transition": {
                                    "unit": "px",
                                    "size": 0.8,
                                    "sizes": []
                                },
                                "hover_animation": "grow",
                                "_padding": {
                                    "unit": "px",
                                    "top": "12",
                                    "right": "40",
                                    "bottom": "12",
                                    "left": "40",
                                    "isLinked": false
                                },
                                "_padding_mobile": {
                                    "unit": "px",
                                    "top": "12",
                                    "right": "16",
                                    "bottom": "12",
                                    "left": "16",
                                    "isLinked": false
                                },
                                "_element_width": "initial",
                                "_element_custom_width": {
                                    "unit": "%",
                                    "size": 16,
                                    "sizes": []
                                },
                                "_element_custom_width_tablet": {
                                    "unit": "%",
                                    "size": 30,
                                    "sizes": []
                                },
                                "_element_custom_width_mobile": {
                                    "unit": "%",
                                    "size": 30,
                                    "sizes": []
                                },
                                "_element_vertical_align": "center"
                            },
                            "elements": [],
                            "isInner": false,
                            "widgetType": "image",
                            "elType": "widget"
                        },
                        {
                            "id": "37dca0bf",
                            "settings": {
                                "image": {
                                    "url": "https:\/\/www.xable.oxacor.com\/wp-content\/uploads\/Logo-6-light-1.png",
                                    "id": 1382,
                                    "size": "",
                                    "alt": "",
                                    "source": "library"
                                },
                                "image_size": "full",
                                "align": "center",
                                "width": {
                                    "unit": "%",
                                    "size": 100,
                                    "sizes": []
                                },
                                "opacity": {
                                    "unit": "px",
                                    "size": 0.6,
                                    "sizes": []
                                },
                                "opacity_hover": {
                                    "unit": "px",
                                    "size": 1,
                                    "sizes": []
                                },
                                "background_hover_transition": {
                                    "unit": "px",
                                    "size": 0.8,
                                    "sizes": []
                                },
                                "hover_animation": "grow",
                                "_padding": {
                                    "unit": "px",
                                    "top": "12",
                                    "right": "40",
                                    "bottom": "12",
                                    "left": "40",
                                    "isLinked": false
                                },
                                "_padding_mobile": {
                                    "unit": "px",
                                    "top": "12",
                                    "right": "16",
                                    "bottom": "12",
                                    "left": "16",
                                    "isLinked": false
                                },
                                "_element_width": "initial",
                                "_element_custom_width": {
                                    "unit": "%",
                                    "size": 16,
                                    "sizes": []
                                },
                                "_element_custom_width_tablet": {
                                    "unit": "%",
                                    "size": 30,
                                    "sizes": []
                                },
                                "_element_custom_width_mobile": {
                                    "unit": "%",
                                    "size": 30,
                                    "sizes": []
                                },
                                "_element_vertical_align": "center"
                            },
                            "elements": [],
                            "isInner": false,
                            "widgetType": "image",
                            "elType": "widget"
                        },
                        {
                            "id": "19ff6462",
                            "settings": {
                                "image": {
                                    "url": "https:\/\/www.xable.oxacor.com\/wp-content\/uploads\/Logo-26-light-1.png",
                                    "id": 1402,
                                    "size": "",
                                    "alt": "",
                                    "source": "library"
                                },
                                "image_size": "full",
                                "align": "center",
                                "width": {
                                    "unit": "%",
                                    "size": 100,
                                    "sizes": []
                                },
                                "opacity": {
                                    "unit": "px",
                                    "size": 0.6,
                                    "sizes": []
                                },
                                "opacity_hover": {
                                    "unit": "px",
                                    "size": 1,
                                    "sizes": []
                                },
                                "background_hover_transition": {
                                    "unit": "px",
                                    "size": 0.8,
                                    "sizes": []
                                },
                                "hover_animation": "grow",
                                "_padding": {
                                    "unit": "px",
                                    "top": "12",
                                    "right": "40",
                                    "bottom": "12",
                                    "left": "40",
                                    "isLinked": false
                                },
                                "_padding_mobile": {
                                    "unit": "px",
                                    "top": "12",
                                    "right": "16",
                                    "bottom": "12",
                                    "left": "16",
                                    "isLinked": false
                                },
                                "_element_width": "initial",
                                "_element_custom_width": {
                                    "unit": "%",
                                    "size": 16,
                                    "sizes": []
                                },
                                "_element_custom_width_tablet": {
                                    "unit": "%",
                                    "size": 30,
                                    "sizes": []
                                },
                                "_element_custom_width_mobile": {
                                    "unit": "%",
                                    "size": 30,
                                    "sizes": []
                                },
                                "_element_vertical_align": "center"
                            },
                            "elements": [],
                            "isInner": false,
                            "widgetType": "image",
                            "elType": "widget"
                        },
                        {
                            "id": "78ad2507",
                            "settings": {
                                "image": {
                                    "url": "https:\/\/www.xable.oxacor.com\/wp-content\/uploads\/Logo-10-light-1.png",
                                    "id": 1386,
                                    "size": "",
                                    "alt": "",
                                    "source": "library"
                                },
                                "image_size": "full",
                                "align": "center",
                                "width": {
                                    "unit": "%",
                                    "size": 100,
                                    "sizes": []
                                },
                                "opacity": {
                                    "unit": "px",
                                    "size": 0.6,
                                    "sizes": []
                                },
                                "opacity_hover": {
                                    "unit": "px",
                                    "size": 1,
                                    "sizes": []
                                },
                                "background_hover_transition": {
                                    "unit": "px",
                                    "size": 0.8,
                                    "sizes": []
                                },
                                "hover_animation": "grow",
                                "_padding": {
                                    "unit": "px",
                                    "top": "12",
                                    "right": "40",
                                    "bottom": "12",
                                    "left": "40",
                                    "isLinked": false
                                },
                                "_padding_mobile": {
                                    "unit": "px",
                                    "top": "12",
                                    "right": "16",
                                    "bottom": "12",
                                    "left": "16",
                                    "isLinked": false
                                },
                                "_element_width": "initial",
                                "_element_custom_width": {
                                    "unit": "%",
                                    "size": 16,
                                    "sizes": []
                                },
                                "_element_custom_width_tablet": {
                                    "unit": "%",
                                    "size": 30,
                                    "sizes": []
                                },
                                "_element_custom_width_mobile": {
                                    "unit": "%",
                                    "size": 30,
                                    "sizes": []
                                },
                                "_element_vertical_align": "center"
                            },
                            "elements": [],
                            "isInner": false,
                            "widgetType": "image",
                            "elType": "widget"
                        },
                        {
                            "id": "6c8fceb9",
                            "settings": {
                                "image": {
                                    "url": "https:\/\/www.xable.oxacor.com\/wp-content\/uploads\/Logo-12-light-1.png",
                                    "id": 1388,
                                    "size": "",
                                    "alt": "",
                                    "source": "library"
                                },
                                "image_size": "full",
                                "align": "center",
                                "width": {
                                    "unit": "%",
                                    "size": 100,
                                    "sizes": []
                                },
                                "opacity": {
                                    "unit": "px",
                                    "size": 0.6,
                                    "sizes": []
                                },
                                "opacity_hover": {
                                    "unit": "px",
                                    "size": 1,
                                    "sizes": []
                                },
                                "background_hover_transition": {
                                    "unit": "px",
                                    "size": 0.8,
                                    "sizes": []
                                },
                                "hover_animation": "grow",
                                "_padding": {
                                    "unit": "px",
                                    "top": "12",
                                    "right": "40",
                                    "bottom": "12",
                                    "left": "40",
                                    "isLinked": false
                                },
                                "_padding_mobile": {
                                    "unit": "px",
                                    "top": "12",
                                    "right": "16",
                                    "bottom": "12",
                                    "left": "16",
                                    "isLinked": false
                                },
                                "_element_width": "initial",
                                "_element_custom_width": {
                                    "unit": "%",
                                    "size": 16,
                                    "sizes": []
                                },
                                "_element_custom_width_tablet": {
                                    "unit": "%",
                                    "size": 30,
                                    "sizes": []
                                },
                                "_element_custom_width_mobile": {
                                    "unit": "%",
                                    "size": 30,
                                    "sizes": []
                                },
                                "_element_vertical_align": "center"
                            },
                            "elements": [],
                            "isInner": false,
                            "widgetType": "image",
                            "elType": "widget"
                        },
                        {
                            "id": "1ee7d3c",
                            "settings": {
                                "image": {
                                    "url": "https:\/\/www.xable.oxacor.com\/wp-content\/uploads\/Logo-13-light-1.png",
                                    "id": 1389,
                                    "size": "",
                                    "alt": "",
                                    "source": "library"
                                },
                                "image_size": "full",
                                "align": "center",
                                "width": {
                                    "unit": "%",
                                    "size": 100,
                                    "sizes": []
                                },
                                "opacity": {
                                    "unit": "px",
                                    "size": 0.6,
                                    "sizes": []
                                },
                                "opacity_hover": {
                                    "unit": "px",
                                    "size": 1,
                                    "sizes": []
                                },
                                "background_hover_transition": {
                                    "unit": "px",
                                    "size": 0.8,
                                    "sizes": []
                                },
                                "hover_animation": "grow",
                                "_padding": {
                                    "unit": "px",
                                    "top": "12",
                                    "right": "40",
                                    "bottom": "12",
                                    "left": "40",
                                    "isLinked": false
                                },
                                "_padding_mobile": {
                                    "unit": "px",
                                    "top": "12",
                                    "right": "16",
                                    "bottom": "12",
                                    "left": "16",
                                    "isLinked": false
                                },
                                "_element_width": "initial",
                                "_element_custom_width": {
                                    "unit": "%",
                                    "size": 16,
                                    "sizes": []
                                },
                                "_element_custom_width_tablet": {
                                    "unit": "%",
                                    "size": 30,
                                    "sizes": []
                                },
                                "_element_custom_width_mobile": {
                                    "unit": "%",
                                    "size": 30,
                                    "sizes": []
                                },
                                "_element_vertical_align": "center"
                            },
                            "elements": [],
                            "isInner": false,
                            "widgetType": "image",
                            "elType": "widget"
                        }
                    ],
                    "isInner": false,
                    "elType": "column"
                }
            ],
            "isInner": false,
            "elType": "section"
        },
        {
            "id": "3e32f357",
            "settings": {
                "layout": "full_width",
                "gap": "no",
                "margin": {
                    "unit": "px",
                    "top": "70",
                    "right": 0,
                    "bottom": "0",
                    "left": 0,
                    "isLinked": false
                },
                "animation": "fadeInUp"
            },
            "elements": [
                {
                    "id": "94225d1",
                    "settings": {
                        "_column_size": 100,
                        "_inline_size": null
                    },
                    "elements": [
                        {
                            "id": "4218166",
                            "settings": {
                                "template_id": "1823"
                            },
                            "elements": [],
                            "isInner": false,
                            "widgetType": "template",
                            "elType": "widget"
                        }
                    ],
                    "isInner": false,
                    "elType": "column"
                }
            ],
            "isInner": false,
            "elType": "section"
        }
    ]
}