{
    "version": "0.4",
    "title": "Portfolio 3",
    "type": "page",
    "metadata": {
        "template_type": "single-page",
        "include_in_zip": "1",
        "elementor_pro_required": "1",
        "wp_page_template": "elementor_header_footer"
    },
    "content": [
        {
            "id": "7929667",
            "settings": {
                "content_width": {
                    "unit": "px",
                    "size": 700,
                    "sizes": []
                },
                "gap": "no",
                "custom_height": {
                    "unit": "vh",
                    "size": 100,
                    "sizes": []
                },
                "custom_height_tablet": {
                    "unit": "vh",
                    "size": "",
                    "sizes": []
                },
                "content_position": "middle",
                "background_background": "classic",
                "background_image": {
                    "url": "https:\/\/www.xable.oxacor.com\/wp-content\/uploads\/podium-for-product-presentation-with-yellow-circles-3d-render-background.jpg",
                    "id": 1115,
                    "size": "",
                    "alt": "Podium for product presentation with yellow circles, 3d render background",
                    "source": "library"
                },
                "background_position": "center center",
                "background_attachment": "fixed",
                "background_repeat": "no-repeat",
                "background_size": "cover",
                "background_overlay_background": "classic",
                "background_overlay_opacity": {
                    "unit": "px",
                    "size": 0,
                    "sizes": []
                },
                "overlay_blend_mode": "multiply",
                "margin": {
                    "unit": "px",
                    "top": "-124",
                    "right": 0,
                    "bottom": "0",
                    "left": 0,
                    "isLinked": false
                },
                "margin_tablet": {
                    "unit": "px",
                    "top": "",
                    "right": 0,
                    "bottom": "",
                    "left": 0,
                    "isLinked": true
                },
                "margin_mobile": {
                    "unit": "px",
                    "top": "-90",
                    "right": 0,
                    "bottom": "0",
                    "left": 0,
                    "isLinked": false
                },
                "padding": {
                    "unit": "px",
                    "top": "248",
                    "right": "0",
                    "bottom": "160",
                    "left": "0",
                    "isLinked": false
                },
                "__globals__": {
                    "background_overlay_color": "globals\/colors?id=41e718d"
                },
                "padding_mobile": {
                    "unit": "px",
                    "top": "180",
                    "right": "0",
                    "bottom": "120",
                    "left": "0",
                    "isLinked": false
                }
            },
            "elements": [
                {
                    "id": "2ff5eae7",
                    "settings": {
                        "_column_size": 100,
                        "_inline_size": null,
                        "align": "center",
                        "margin_mobile": {
                            "unit": "px",
                            "top": "0",
                            "right": "0",
                            "bottom": "0",
                            "left": "0",
                            "isLinked": false
                        },
                        "padding_mobile": {
                            "unit": "px",
                            "top": "0",
                            "right": "20",
                            "bottom": "0",
                            "left": "20",
                            "isLinked": false
                        },
                        "padding_tablet": {
                            "unit": "px",
                            "top": "0",
                            "right": "60",
                            "bottom": "0",
                            "left": "60",
                            "isLinked": false
                        }
                    },
                    "elements": [
                        {
                            "id": "6bf5f61c",
                            "settings": {
                                "selected_icon": {
                                    "value": "",
                                    "library": ""
                                },
                                "title_text": "Portfolio",
                                "description_text": "A showcase of our commitment to delivering top-tier, innovative digital solutions. We believe in the power of technology and design to transform businesses, catapulting them into the future. Our commitment to quality and excellence is unparalleled. ",
                                "title_size": "h1",
                                "text_align": "center",
                                "_margin": {
                                    "unit": "px",
                                    "top": "0",
                                    "right": "0",
                                    "bottom": "0",
                                    "left": "0",
                                    "isLinked": false
                                },
                                "title_bottom_space": {
                                    "unit": "px",
                                    "size": 20,
                                    "sizes": []
                                },
                                "__globals__": {
                                    "title_typography_typography": "",
                                    "title_color": "",
                                    "description_typography_typography": "globals\/typography?id=2d4f93f"
                                },
                                "title_typography_font_family": "Be Vietnam Pro",
                                "title_typography_font_size": {
                                    "unit": "px",
                                    "size": 34,
                                    "sizes": []
                                },
                                "title_typography_font_size_tablet": {
                                    "unit": "px",
                                    "size": 30,
                                    "sizes": []
                                },
                                "title_typography_font_size_mobile": {
                                    "unit": "px",
                                    "size": 28,
                                    "sizes": []
                                },
                                "title_typography_font_weight": "800",
                                "title_typography_line_height": {
                                    "unit": "em",
                                    "size": 1.3,
                                    "sizes": []
                                },
                                "description_typography_typography": "custom",
                                "description_typography_font_family": "Be Vietnam Pro",
                                "description_typography_font_size": {
                                    "unit": "px",
                                    "size": 16,
                                    "sizes": []
                                },
                                "description_typography_font_weight": "400",
                                "description_typography_line_height": {
                                    "unit": "em",
                                    "size": 1.5,
                                    "sizes": []
                                }
                            },
                            "elements": [],
                            "isInner": false,
                            "widgetType": "icon-box",
                            "elType": "widget"
                        }
                    ],
                    "isInner": false,
                    "elType": "column"
                }
            ],
            "isInner": false,
            "elType": "section"
        },
        {
            "id": "38089e39",
            "settings": {
                "gap": "no",
                "structure": "20",
                "margin": {
                    "unit": "px",
                    "top": "140",
                    "right": 0,
                    "bottom": "0",
                    "left": 0,
                    "isLinked": false
                },
                "margin_tablet": {
                    "unit": "px",
                    "top": "120",
                    "right": 0,
                    "bottom": "0",
                    "left": 0,
                    "isLinked": false
                },
                "margin_mobile": {
                    "unit": "px",
                    "top": "100",
                    "right": 0,
                    "bottom": "0",
                    "left": 0,
                    "isLinked": false
                },
                "padding_tablet": {
                    "unit": "px",
                    "top": "0",
                    "right": "20",
                    "bottom": "0",
                    "left": "20",
                    "isLinked": false
                }
            },
            "elements": [
                {
                    "id": "4bc33809",
                    "settings": {
                        "_column_size": 50,
                        "_inline_size": null,
                        "align": "center",
                        "background_background": "classic",
                        "background_color_stop": {
                            "unit": "%",
                            "size": 54,
                            "sizes": []
                        },
                        "background_color_b": "#020205",
                        "background_image": {
                            "url": "https:\/\/www.xable.oxacor.com\/wp-content\/uploads\/businessman-using-mobile-app-for-trading-and-investing-online.jpg",
                            "id": 1119,
                            "size": "",
                            "alt": "",
                            "source": "library"
                        },
                        "background_position": "center center",
                        "background_repeat": "no-repeat",
                        "background_size": "cover",
                        "background_overlay_background": "gradient",
                        "background_overlay_opacity": {
                            "unit": "px",
                            "size": 0,
                            "sizes": []
                        },
                        "background_overlay_hover_background": "gradient",
                        "background_overlay_hover_color_stop": {
                            "unit": "%",
                            "size": 40,
                            "sizes": []
                        },
                        "background_overlay_hover_opacity": {
                            "unit": "px",
                            "size": 0.6,
                            "sizes": []
                        },
                        "background_overlay_hover_transition": {
                            "unit": "px",
                            "size": 1.2,
                            "sizes": []
                        },
                        "border_border": "solid",
                        "border_width": {
                            "unit": "px",
                            "top": "1",
                            "right": "1",
                            "bottom": "1",
                            "left": "1",
                            "isLinked": true
                        },
                        "margin": {
                            "unit": "px",
                            "top": "0",
                            "right": "40",
                            "bottom": "0",
                            "left": "0",
                            "isLinked": false
                        },
                        "padding": {
                            "unit": "px",
                            "top": "280",
                            "right": "12",
                            "bottom": "32",
                            "left": "12",
                            "isLinked": false
                        },
                        "__globals__": {
                            "background_color": "",
                            "background_color_b": "globals\/colors?id=41e718d",
                            "background_overlay_color": "globals\/colors?id=f491614",
                            "background_overlay_color_b": "globals\/colors?id=f491614",
                            "background_overlay_hover_color": "globals\/colors?id=f491614",
                            "border_color": "globals\/colors?id=152652f",
                            "background_overlay_hover_color_b": "globals\/colors?id=primary"
                        },
                        "margin_tablet": {
                            "unit": "px",
                            "top": "0",
                            "right": "16",
                            "bottom": "0",
                            "left": "0",
                            "isLinked": false
                        },
                        "margin_mobile": {
                            "unit": "px",
                            "top": "0",
                            "right": "0",
                            "bottom": "0",
                            "left": "0",
                            "isLinked": false
                        },
                        "padding_mobile": {
                            "unit": "px",
                            "top": "180",
                            "right": "12",
                            "bottom": "20",
                            "left": "12",
                            "isLinked": false
                        },
                        "animation": "fadeInUp"
                    },
                    "elements": [
                        {
                            "id": "136e187d",
                            "settings": {
                                "selected_icon": {
                                    "value": "",
                                    "library": ""
                                },
                                "title_text": "Fintech Frontier",
                                "description_text": "Simplifying Financial Services",
                                "link": {
                                    "url": "#",
                                    "is_external": "",
                                    "nofollow": "",
                                    "custom_attributes": ""
                                },
                                "title_size": "h4",
                                "text_align": "center",
                                "title_bottom_space": {
                                    "unit": "px",
                                    "size": 4,
                                    "sizes": []
                                },
                                "_margin": {
                                    "unit": "px",
                                    "top": "0",
                                    "right": "0",
                                    "bottom": "0",
                                    "left": "0",
                                    "isLinked": false
                                },
                                "_padding": {
                                    "unit": "px",
                                    "top": "12",
                                    "right": "48",
                                    "bottom": "16",
                                    "left": "48",
                                    "isLinked": false
                                },
                                "_element_width": "auto",
                                "_element_custom_width": {
                                    "unit": "%",
                                    "size": 60,
                                    "sizes": []
                                },
                                "_element_vertical_align": "flex-end",
                                "_background_background": "classic",
                                "__globals__": {
                                    "description_color": "globals\/colors?id=cc7bf96",
                                    "description_typography_typography": "globals\/typography?id=499599d",
                                    "_background_color": "globals\/colors?id=accent"
                                },
                                "_z_index": 1
                            },
                            "elements": [],
                            "isInner": false,
                            "widgetType": "icon-box",
                            "elType": "widget"
                        }
                    ],
                    "isInner": false,
                    "elType": "column"
                },
                {
                    "id": "70993150",
                    "settings": {
                        "_column_size": 50,
                        "_inline_size": null,
                        "align": "center",
                        "background_background": "classic",
                        "background_color_stop": {
                            "unit": "%",
                            "size": 54,
                            "sizes": []
                        },
                        "background_color_b": "#020205",
                        "background_image": {
                            "url": "https:\/\/www.xable.oxacor.com\/wp-content\/uploads\/headphones-isolated-on-black-background-.jpg",
                            "id": 1128,
                            "size": "",
                            "alt": "",
                            "source": "library"
                        },
                        "background_position": "center center",
                        "background_repeat": "no-repeat",
                        "background_size": "cover",
                        "background_overlay_background": "gradient",
                        "background_overlay_opacity": {
                            "unit": "px",
                            "size": 0,
                            "sizes": []
                        },
                        "background_overlay_hover_background": "gradient",
                        "background_overlay_hover_color_stop": {
                            "unit": "%",
                            "size": 40,
                            "sizes": []
                        },
                        "background_overlay_hover_opacity": {
                            "unit": "px",
                            "size": 0.6,
                            "sizes": []
                        },
                        "background_overlay_hover_transition": {
                            "unit": "px",
                            "size": 1.2,
                            "sizes": []
                        },
                        "border_border": "solid",
                        "border_width": {
                            "unit": "px",
                            "top": "1",
                            "right": "1",
                            "bottom": "1",
                            "left": "1",
                            "isLinked": true
                        },
                        "margin": {
                            "unit": "px",
                            "top": "0",
                            "right": "0",
                            "bottom": "0",
                            "left": "40",
                            "isLinked": false
                        },
                        "padding": {
                            "unit": "px",
                            "top": "280",
                            "right": "12",
                            "bottom": "32",
                            "left": "12",
                            "isLinked": false
                        },
                        "__globals__": {
                            "background_color": "",
                            "background_color_b": "globals\/colors?id=41e718d",
                            "background_overlay_color": "globals\/colors?id=f491614",
                            "background_overlay_color_b": "globals\/colors?id=f491614",
                            "background_overlay_hover_color": "globals\/colors?id=f491614",
                            "border_color": "globals\/colors?id=152652f",
                            "background_overlay_hover_color_b": "globals\/colors?id=primary"
                        },
                        "margin_tablet": {
                            "unit": "px",
                            "top": "0",
                            "right": "0",
                            "bottom": "0",
                            "left": "16",
                            "isLinked": false
                        },
                        "margin_mobile": {
                            "unit": "px",
                            "top": "32",
                            "right": "0",
                            "bottom": "0",
                            "left": "0",
                            "isLinked": false
                        },
                        "padding_mobile": {
                            "unit": "px",
                            "top": "180",
                            "right": "12",
                            "bottom": "20",
                            "left": "12",
                            "isLinked": false
                        },
                        "animation": "fadeInUp",
                        "animation_duration": "slow"
                    },
                    "elements": [
                        {
                            "id": "4e7630ae",
                            "settings": {
                                "selected_icon": {
                                    "value": "",
                                    "library": ""
                                },
                                "title_text": "Dynamic Odyssey",
                                "description_text": "Elevating success in eCommerce",
                                "link": {
                                    "url": "#",
                                    "is_external": "",
                                    "nofollow": "",
                                    "custom_attributes": ""
                                },
                                "title_size": "h4",
                                "text_align": "center",
                                "title_bottom_space": {
                                    "unit": "px",
                                    "size": 4,
                                    "sizes": []
                                },
                                "_margin": {
                                    "unit": "px",
                                    "top": "0",
                                    "right": "0",
                                    "bottom": "0",
                                    "left": "0",
                                    "isLinked": false
                                },
                                "_padding": {
                                    "unit": "px",
                                    "top": "12",
                                    "right": "48",
                                    "bottom": "16",
                                    "left": "48",
                                    "isLinked": false
                                },
                                "_element_width": "auto",
                                "_element_custom_width": {
                                    "unit": "%",
                                    "size": 60,
                                    "sizes": []
                                },
                                "_element_vertical_align": "flex-end",
                                "_background_background": "classic",
                                "__globals__": {
                                    "description_color": "globals\/colors?id=cc7bf96",
                                    "description_typography_typography": "globals\/typography?id=499599d",
                                    "_background_color": "globals\/colors?id=accent"
                                },
                                "_z_index": 1
                            },
                            "elements": [],
                            "isInner": false,
                            "widgetType": "icon-box",
                            "elType": "widget"
                        }
                    ],
                    "isInner": false,
                    "elType": "column"
                }
            ],
            "isInner": false,
            "elType": "section"
        },
        {
            "id": "44979aa6",
            "settings": {
                "gap": "no",
                "margin": {
                    "unit": "px",
                    "top": "80",
                    "right": 0,
                    "bottom": "0",
                    "left": 0,
                    "isLinked": false
                },
                "margin_tablet": {
                    "unit": "px",
                    "top": "32",
                    "right": 0,
                    "bottom": "0",
                    "left": 0,
                    "isLinked": false
                },
                "margin_mobile": {
                    "unit": "px",
                    "top": "32",
                    "right": 0,
                    "bottom": "0",
                    "left": 0,
                    "isLinked": false
                },
                "padding_tablet": {
                    "unit": "px",
                    "top": "0",
                    "right": "20",
                    "bottom": "0",
                    "left": "20",
                    "isLinked": false
                }
            },
            "elements": [
                {
                    "id": "49eb4bc3",
                    "settings": {
                        "_column_size": 100,
                        "_inline_size": null,
                        "align": "center",
                        "background_background": "classic",
                        "background_color_stop": {
                            "unit": "%",
                            "size": 54,
                            "sizes": []
                        },
                        "background_color_b": "#020205",
                        "background_image": {
                            "url": "https:\/\/www.xable.oxacor.com\/wp-content\/uploads\/smartwatch-screen-mockup-digital-device.jpg",
                            "id": 1093,
                            "size": "",
                            "alt": "",
                            "source": "library"
                        },
                        "background_position": "center center",
                        "background_attachment": "fixed",
                        "background_repeat": "no-repeat",
                        "background_size": "cover",
                        "background_overlay_background": "gradient",
                        "background_overlay_color_stop": {
                            "unit": "%",
                            "size": 41,
                            "sizes": []
                        },
                        "background_overlay_opacity": {
                            "unit": "px",
                            "size": 0,
                            "sizes": []
                        },
                        "background_overlay_hover_background": "gradient",
                        "background_overlay_hover_color_stop": {
                            "unit": "%",
                            "size": 40,
                            "sizes": []
                        },
                        "background_overlay_hover_opacity": {
                            "unit": "px",
                            "size": 0.72,
                            "sizes": []
                        },
                        "background_overlay_hover_transition": {
                            "unit": "px",
                            "size": 1.2,
                            "sizes": []
                        },
                        "border_border": "solid",
                        "border_width": {
                            "unit": "px",
                            "top": "1",
                            "right": "1",
                            "bottom": "1",
                            "left": "1",
                            "isLinked": true
                        },
                        "margin": {
                            "unit": "px",
                            "top": "0",
                            "right": "0",
                            "bottom": "0",
                            "left": "0",
                            "isLinked": false
                        },
                        "padding": {
                            "unit": "px",
                            "top": "400",
                            "right": "12",
                            "bottom": "60",
                            "left": "12",
                            "isLinked": false
                        },
                        "__globals__": {
                            "background_color": "",
                            "background_color_b": "globals\/colors?id=41e718d",
                            "background_overlay_color": "globals\/colors?id=f491614",
                            "background_overlay_color_b": "globals\/colors?id=f491614",
                            "background_overlay_hover_color": "globals\/colors?id=f491614",
                            "border_color": "globals\/colors?id=152652f",
                            "background_overlay_hover_color_b": "globals\/colors?id=primary"
                        }
                    },
                    "elements": [
                        {
                            "id": "5756d4a0",
                            "settings": {
                                "selected_icon": {
                                    "value": "",
                                    "library": ""
                                },
                                "title_text": "FitPression",
                                "description_text": "Health focused fitness app",
                                "link": {
                                    "url": "#",
                                    "is_external": "",
                                    "nofollow": "",
                                    "custom_attributes": ""
                                },
                                "text_align": "center",
                                "title_bottom_space": {
                                    "unit": "px",
                                    "size": 4,
                                    "sizes": []
                                },
                                "_margin": {
                                    "unit": "px",
                                    "top": "0",
                                    "right": "0",
                                    "bottom": "0",
                                    "left": "0",
                                    "isLinked": false
                                },
                                "_padding": {
                                    "unit": "px",
                                    "top": "16",
                                    "right": "60",
                                    "bottom": "16",
                                    "left": "60",
                                    "isLinked": false
                                },
                                "_element_width": "auto",
                                "_element_custom_width": {
                                    "unit": "%",
                                    "size": 20,
                                    "sizes": []
                                },
                                "_element_vertical_align": "flex-end",
                                "_background_background": "classic",
                                "__globals__": {
                                    "description_color": "globals\/colors?id=cc7bf96",
                                    "description_typography_typography": "",
                                    "_background_color": "globals\/colors?id=accent"
                                },
                                "description_color": "#FFFFFF94",
                                "description_typography_font_family": "Be Vietnam Pro",
                                "description_typography_font_size": {
                                    "unit": "px",
                                    "size": 13,
                                    "sizes": []
                                },
                                "description_typography_font_weight": "400",
                                "description_typography_line_height": {
                                    "unit": "em",
                                    "size": 1.4,
                                    "sizes": []
                                },
                                "_background_color": "#15171E",
                                "_z_index": 1
                            },
                            "elements": [],
                            "isInner": false,
                            "widgetType": "icon-box",
                            "elType": "widget"
                        }
                    ],
                    "isInner": false,
                    "elType": "column"
                }
            ],
            "isInner": false,
            "elType": "section"
        },
        {
            "id": "2aeaa0c5",
            "settings": {
                "gap": "no",
                "structure": "20",
                "margin": {
                    "unit": "px",
                    "top": "80",
                    "right": 0,
                    "bottom": "0",
                    "left": 0,
                    "isLinked": false
                },
                "margin_tablet": {
                    "unit": "px",
                    "top": "32",
                    "right": 0,
                    "bottom": "0",
                    "left": 0,
                    "isLinked": false
                },
                "padding_tablet": {
                    "unit": "px",
                    "top": "0",
                    "right": "20",
                    "bottom": "0",
                    "left": "20",
                    "isLinked": false
                }
            },
            "elements": [
                {
                    "id": "5280f176",
                    "settings": {
                        "_column_size": 50,
                        "_inline_size": null,
                        "align": "center",
                        "background_background": "classic",
                        "background_color_stop": {
                            "unit": "%",
                            "size": 54,
                            "sizes": []
                        },
                        "background_color_b": "#020205",
                        "background_image": {
                            "url": "https:\/\/www.xable.oxacor.com\/wp-content\/uploads\/black-luxury-take-away-paper-cups-set-mirrored-2.jpg",
                            "id": 1124,
                            "size": "",
                            "alt": "",
                            "source": "library"
                        },
                        "background_position": "center center",
                        "background_repeat": "no-repeat",
                        "background_size": "cover",
                        "background_overlay_background": "gradient",
                        "background_overlay_opacity": {
                            "unit": "px",
                            "size": 0,
                            "sizes": []
                        },
                        "background_overlay_hover_background": "gradient",
                        "background_overlay_hover_color_stop": {
                            "unit": "%",
                            "size": 40,
                            "sizes": []
                        },
                        "background_overlay_hover_opacity": {
                            "unit": "px",
                            "size": 0.6,
                            "sizes": []
                        },
                        "background_overlay_hover_transition": {
                            "unit": "px",
                            "size": 1.2,
                            "sizes": []
                        },
                        "border_border": "solid",
                        "border_width": {
                            "unit": "px",
                            "top": "1",
                            "right": "1",
                            "bottom": "1",
                            "left": "1",
                            "isLinked": true
                        },
                        "margin": {
                            "unit": "px",
                            "top": "0",
                            "right": "40",
                            "bottom": "0",
                            "left": "0",
                            "isLinked": false
                        },
                        "padding": {
                            "unit": "px",
                            "top": "280",
                            "right": "12",
                            "bottom": "32",
                            "left": "12",
                            "isLinked": false
                        },
                        "__globals__": {
                            "background_color": "",
                            "background_color_b": "globals\/colors?id=41e718d",
                            "background_overlay_color": "globals\/colors?id=f491614",
                            "background_overlay_color_b": "globals\/colors?id=f491614",
                            "background_overlay_hover_color": "globals\/colors?id=f491614",
                            "border_color": "globals\/colors?id=152652f",
                            "background_overlay_hover_color_b": "globals\/colors?id=primary"
                        },
                        "margin_tablet": {
                            "unit": "px",
                            "top": "0",
                            "right": "16",
                            "bottom": "0",
                            "left": "0",
                            "isLinked": false
                        },
                        "margin_mobile": {
                            "unit": "px",
                            "top": "0",
                            "right": "0",
                            "bottom": "0",
                            "left": "0",
                            "isLinked": false
                        },
                        "padding_mobile": {
                            "unit": "px",
                            "top": "180",
                            "right": "12",
                            "bottom": "20",
                            "left": "12",
                            "isLinked": false
                        },
                        "animation": "fadeInUp"
                    },
                    "elements": [
                        {
                            "id": "affd6c1",
                            "settings": {
                                "selected_icon": {
                                    "value": "",
                                    "library": ""
                                },
                                "title_text": "Black Luxury",
                                "description_text": "Enriching online experiences",
                                "link": {
                                    "url": "#",
                                    "is_external": "",
                                    "nofollow": "",
                                    "custom_attributes": ""
                                },
                                "title_size": "h4",
                                "text_align": "center",
                                "title_bottom_space": {
                                    "unit": "px",
                                    "size": 4,
                                    "sizes": []
                                },
                                "_margin": {
                                    "unit": "px",
                                    "top": "0",
                                    "right": "0",
                                    "bottom": "0",
                                    "left": "0",
                                    "isLinked": false
                                },
                                "_padding": {
                                    "unit": "px",
                                    "top": "12",
                                    "right": "48",
                                    "bottom": "16",
                                    "left": "48",
                                    "isLinked": false
                                },
                                "_element_width": "auto",
                                "_element_custom_width": {
                                    "unit": "%",
                                    "size": 60,
                                    "sizes": []
                                },
                                "_element_vertical_align": "flex-end",
                                "_background_background": "classic",
                                "__globals__": {
                                    "description_color": "globals\/colors?id=cc7bf96",
                                    "description_typography_typography": "globals\/typography?id=499599d",
                                    "_background_color": "globals\/colors?id=accent"
                                },
                                "_z_index": 1
                            },
                            "elements": [],
                            "isInner": false,
                            "widgetType": "icon-box",
                            "elType": "widget"
                        }
                    ],
                    "isInner": false,
                    "elType": "column"
                },
                {
                    "id": "567556f0",
                    "settings": {
                        "_column_size": 50,
                        "_inline_size": null,
                        "align": "center",
                        "background_background": "classic",
                        "background_color_stop": {
                            "unit": "%",
                            "size": 54,
                            "sizes": []
                        },
                        "background_color_b": "#020205",
                        "background_image": {
                            "url": "https:\/\/www.xable.oxacor.com\/wp-content\/uploads\/film-reels-in-containers-called-pizzas.jpg",
                            "id": 1113,
                            "size": "",
                            "alt": "",
                            "source": "library"
                        },
                        "background_position": "center center",
                        "background_repeat": "no-repeat",
                        "background_size": "cover",
                        "background_overlay_background": "gradient",
                        "background_overlay_opacity": {
                            "unit": "px",
                            "size": 0,
                            "sizes": []
                        },
                        "background_overlay_hover_background": "gradient",
                        "background_overlay_hover_color_stop": {
                            "unit": "%",
                            "size": 40,
                            "sizes": []
                        },
                        "background_overlay_hover_opacity": {
                            "unit": "px",
                            "size": 0.6,
                            "sizes": []
                        },
                        "background_overlay_hover_transition": {
                            "unit": "px",
                            "size": 1.2,
                            "sizes": []
                        },
                        "border_border": "solid",
                        "border_width": {
                            "unit": "px",
                            "top": "1",
                            "right": "1",
                            "bottom": "1",
                            "left": "1",
                            "isLinked": true
                        },
                        "margin": {
                            "unit": "px",
                            "top": "0",
                            "right": "0",
                            "bottom": "0",
                            "left": "40",
                            "isLinked": false
                        },
                        "padding": {
                            "unit": "px",
                            "top": "280",
                            "right": "12",
                            "bottom": "32",
                            "left": "12",
                            "isLinked": false
                        },
                        "__globals__": {
                            "background_color": "",
                            "background_color_b": "globals\/colors?id=41e718d",
                            "background_overlay_color": "globals\/colors?id=f491614",
                            "background_overlay_color_b": "globals\/colors?id=f491614",
                            "background_overlay_hover_color": "globals\/colors?id=f491614",
                            "border_color": "globals\/colors?id=152652f",
                            "background_overlay_hover_color_b": "globals\/colors?id=primary"
                        },
                        "margin_tablet": {
                            "unit": "px",
                            "top": "0",
                            "right": "0",
                            "bottom": "0",
                            "left": "16",
                            "isLinked": false
                        },
                        "margin_mobile": {
                            "unit": "px",
                            "top": "32",
                            "right": "0",
                            "bottom": "0",
                            "left": "0",
                            "isLinked": false
                        },
                        "padding_mobile": {
                            "unit": "px",
                            "top": "180",
                            "right": "12",
                            "bottom": "20",
                            "left": "12",
                            "isLinked": false
                        },
                        "animation": "fadeInUp",
                        "animation_duration": "slow"
                    },
                    "elements": [
                        {
                            "id": "79e522c3",
                            "settings": {
                                "selected_icon": {
                                    "value": "",
                                    "library": ""
                                },
                                "title_text": "FilmVerse",
                                "description_text": "A film startup success",
                                "link": {
                                    "url": "#",
                                    "is_external": "",
                                    "nofollow": "",
                                    "custom_attributes": ""
                                },
                                "title_size": "h4",
                                "text_align": "center",
                                "title_bottom_space": {
                                    "unit": "px",
                                    "size": 4,
                                    "sizes": []
                                },
                                "_margin": {
                                    "unit": "px",
                                    "top": "0",
                                    "right": "0",
                                    "bottom": "0",
                                    "left": "0",
                                    "isLinked": false
                                },
                                "_padding": {
                                    "unit": "px",
                                    "top": "12",
                                    "right": "48",
                                    "bottom": "16",
                                    "left": "48",
                                    "isLinked": false
                                },
                                "_element_width": "auto",
                                "_element_custom_width": {
                                    "unit": "%",
                                    "size": 60,
                                    "sizes": []
                                },
                                "_element_vertical_align": "flex-end",
                                "_background_background": "classic",
                                "__globals__": {
                                    "description_color": "globals\/colors?id=cc7bf96",
                                    "description_typography_typography": "globals\/typography?id=499599d",
                                    "_background_color": "globals\/colors?id=accent"
                                },
                                "_z_index": 1
                            },
                            "elements": [],
                            "isInner": false,
                            "widgetType": "icon-box",
                            "elType": "widget"
                        }
                    ],
                    "isInner": false,
                    "elType": "column"
                }
            ],
            "isInner": false,
            "elType": "section"
        },
        {
            "id": "668dd0a2",
            "settings": {
                "gap": "no",
                "margin": {
                    "unit": "px",
                    "top": "80",
                    "right": 0,
                    "bottom": "0",
                    "left": 0,
                    "isLinked": false
                },
                "margin_tablet": {
                    "unit": "px",
                    "top": "32",
                    "right": 0,
                    "bottom": "0",
                    "left": 0,
                    "isLinked": false
                },
                "margin_mobile": {
                    "unit": "px",
                    "top": "32",
                    "right": 0,
                    "bottom": "0",
                    "left": 0,
                    "isLinked": false
                },
                "padding_tablet": {
                    "unit": "px",
                    "top": "0",
                    "right": "20",
                    "bottom": "0",
                    "left": "20",
                    "isLinked": false
                }
            },
            "elements": [
                {
                    "id": "65dad893",
                    "settings": {
                        "_column_size": 100,
                        "_inline_size": null,
                        "align": "center",
                        "background_background": "classic",
                        "background_color_stop": {
                            "unit": "%",
                            "size": 54,
                            "sizes": []
                        },
                        "background_color_b": "#020205",
                        "background_image": {
                            "url": "https:\/\/www.xable.oxacor.com\/wp-content\/uploads\/overhead-flat-lay-shot-of-wireless-digital-technology-gadgets.jpg",
                            "id": 1212,
                            "size": "",
                            "alt": "Overhead Flat Lay Shot Of Wireless Digital Technology Gadgets",
                            "source": "library"
                        },
                        "background_position": "center center",
                        "background_attachment": "fixed",
                        "background_repeat": "no-repeat",
                        "background_size": "cover",
                        "background_overlay_background": "gradient",
                        "background_overlay_color_stop": {
                            "unit": "%",
                            "size": 41,
                            "sizes": []
                        },
                        "background_overlay_opacity": {
                            "unit": "px",
                            "size": 0,
                            "sizes": []
                        },
                        "background_overlay_hover_background": "gradient",
                        "background_overlay_hover_color_stop": {
                            "unit": "%",
                            "size": 40,
                            "sizes": []
                        },
                        "background_overlay_hover_opacity": {
                            "unit": "px",
                            "size": 0.72,
                            "sizes": []
                        },
                        "background_overlay_hover_transition": {
                            "unit": "px",
                            "size": 1.2,
                            "sizes": []
                        },
                        "border_border": "solid",
                        "border_width": {
                            "unit": "px",
                            "top": "1",
                            "right": "1",
                            "bottom": "1",
                            "left": "1",
                            "isLinked": true
                        },
                        "margin": {
                            "unit": "px",
                            "top": "0",
                            "right": "0",
                            "bottom": "0",
                            "left": "0",
                            "isLinked": false
                        },
                        "padding": {
                            "unit": "px",
                            "top": "400",
                            "right": "12",
                            "bottom": "60",
                            "left": "12",
                            "isLinked": false
                        },
                        "__globals__": {
                            "background_color": "",
                            "background_color_b": "globals\/colors?id=41e718d",
                            "background_overlay_color": "globals\/colors?id=f491614",
                            "background_overlay_color_b": "globals\/colors?id=f491614",
                            "background_overlay_hover_color": "globals\/colors?id=f491614",
                            "border_color": "globals\/colors?id=152652f",
                            "background_overlay_hover_color_b": "globals\/colors?id=primary"
                        }
                    },
                    "elements": [
                        {
                            "id": "64a13f3",
                            "settings": {
                                "selected_icon": {
                                    "value": "",
                                    "library": ""
                                },
                                "title_text": "GameLife",
                                "description_text": "Gaming with next-gen tech",
                                "link": {
                                    "url": "#",
                                    "is_external": "",
                                    "nofollow": "",
                                    "custom_attributes": ""
                                },
                                "text_align": "center",
                                "title_bottom_space": {
                                    "unit": "px",
                                    "size": 4,
                                    "sizes": []
                                },
                                "_margin": {
                                    "unit": "px",
                                    "top": "0",
                                    "right": "0",
                                    "bottom": "0",
                                    "left": "0",
                                    "isLinked": false
                                },
                                "_padding": {
                                    "unit": "px",
                                    "top": "16",
                                    "right": "60",
                                    "bottom": "16",
                                    "left": "60",
                                    "isLinked": false
                                },
                                "_element_width": "auto",
                                "_element_custom_width": {
                                    "unit": "%",
                                    "size": 20,
                                    "sizes": []
                                },
                                "_element_vertical_align": "flex-end",
                                "_background_background": "classic",
                                "__globals__": {
                                    "description_color": "globals\/colors?id=cc7bf96",
                                    "description_typography_typography": "globals\/typography?id=499599d",
                                    "_background_color": "globals\/colors?id=accent"
                                },
                                "_z_index": 1
                            },
                            "elements": [],
                            "isInner": false,
                            "widgetType": "icon-box",
                            "elType": "widget"
                        }
                    ],
                    "isInner": false,
                    "elType": "column"
                }
            ],
            "isInner": false,
            "elType": "section"
        },
        {
            "id": "7976c9bd",
            "settings": {
                "content_width": {
                    "unit": "px",
                    "size": 700,
                    "sizes": []
                },
                "gap": "no",
                "padding": {
                    "unit": "px",
                    "top": "180",
                    "right": "0",
                    "bottom": "132",
                    "left": "0",
                    "isLinked": false
                },
                "background_overlay_background": "classic",
                "background_overlay_image": {
                    "url": "https:\/\/www.xable.oxacor.com\/wp-content\/uploads\/left-quote-1.png",
                    "id": 1070,
                    "size": "",
                    "alt": "",
                    "source": "library"
                },
                "background_overlay_position": "initial",
                "background_overlay_xpos": {
                    "unit": "%",
                    "size": 50,
                    "sizes": []
                },
                "background_overlay_xpos_tablet": {
                    "unit": "%",
                    "size": 50,
                    "sizes": []
                },
                "background_overlay_xpos_mobile": {
                    "unit": "%",
                    "size": 50,
                    "sizes": []
                },
                "background_overlay_ypos": {
                    "unit": "%",
                    "size": 28,
                    "sizes": []
                },
                "background_overlay_ypos_tablet": {
                    "unit": "%",
                    "size": 28,
                    "sizes": []
                },
                "background_overlay_ypos_mobile": {
                    "unit": "%",
                    "size": 20,
                    "sizes": []
                },
                "background_overlay_repeat": "no-repeat",
                "background_overlay_opacity": {
                    "unit": "px",
                    "size": 0.12,
                    "sizes": []
                },
                "background_overlay_size_mobile": "initial",
                "background_overlay_bg_width_mobile": {
                    "unit": "%",
                    "size": 60,
                    "sizes": []
                },
                "margin": {
                    "unit": "px",
                    "top": "40",
                    "right": 0,
                    "bottom": "0",
                    "left": 0,
                    "isLinked": false
                }
            },
            "elements": [
                {
                    "id": "69a61533",
                    "settings": {
                        "_column_size": 100,
                        "_inline_size": null,
                        "padding_mobile": {
                            "unit": "px",
                            "top": "0",
                            "right": "8",
                            "bottom": "0",
                            "left": "8",
                            "isLinked": false
                        }
                    },
                    "elements": [
                        {
                            "id": "52c27438",
                            "settings": {
                                "slides": [
                                    {
                                        "content": "We now have a fantastic website that perfectly encapsulates the essence of our company thanks to them. Their service has exceeded all of our expectations, making us extremely happy.",
                                        "name": "Samantha Milner",
                                        "title": "Hocud PLC",
                                        "image": {
                                            "url": "https:\/\/www.xable.oxacor.com\/wp-content\/uploads\/cheerful-female-executive-in-glasses-reading-her-messages-on-mobile-phone-with-note-book-in-hands.jpg",
                                            "id": 2570,
                                            "alt": "Cheerful female executive in glasses reading her messages on mobile phone with note book in hands",
                                            "source": "library",
                                            "size": ""
                                        },
                                        "_id": "7400f22"
                                    },
                                    {
                                        "content": "Thanks to the efforts of the team, our company's website is now cutting-edge and user-friendly. Their digital marketing expertise is without a doubt deserving of praise.",
                                        "name": "Mike Johnson",
                                        "title": "DEF Technologies",
                                        "image": {
                                            "url": "https:\/\/www.xable.oxacor.com\/wp-content\/uploads\/portrait-of-handsome-pensive-businessman-in-eyeglasses-looking-away.jpg",
                                            "id": 2563,
                                            "alt": "portrait of handsome pensive businessman in eyeglasses looking away",
                                            "source": "library",
                                            "size": ""
                                        },
                                        "_id": "2710f86"
                                    },
                                    {
                                        "content": "They have a team that is not only extremely knowledgeable but also very professional and quick to respond to any inquiries. They have proven to be an outstanding digital partner for us to collaborate with.",
                                        "name": "Emma Smith",
                                        "title": "GHI Industries",
                                        "image": {
                                            "url": "https:\/\/www.xable.oxacor.com\/wp-content\/uploads\/phoning-in-cafe.jpg",
                                            "id": 2561,
                                            "alt": "",
                                            "source": "library",
                                            "size": ""
                                        },
                                        "_id": "d6d187d"
                                    }
                                ],
                                "slides_per_view": "1",
                                "slides_to_scroll": "1",
                                "width": {
                                    "unit": "%",
                                    "size": 100,
                                    "sizes": []
                                },
                                "pagination": "",
                                "speed": 800,
                                "autoplay_speed": 4000,
                                "pause_on_hover": "",
                                "pause_on_interaction": "",
                                "space_between": {
                                    "unit": "px",
                                    "size": 0,
                                    "sizes": []
                                },
                                "slide_border_size": {
                                    "unit": "px",
                                    "top": "0",
                                    "right": "0",
                                    "bottom": "0",
                                    "left": "0",
                                    "isLinked": true
                                },
                                "slide_border_radius": {
                                    "unit": "px",
                                    "size": 0,
                                    "sizes": []
                                },
                                "slide_padding": {
                                    "unit": "px",
                                    "top": "0",
                                    "right": "0",
                                    "bottom": "0",
                                    "left": "0",
                                    "isLinked": false
                                },
                                "content_gap": {
                                    "unit": "px",
                                    "size": 24,
                                    "sizes": []
                                },
                                "image_size": {
                                    "unit": "px",
                                    "size": 60,
                                    "sizes": []
                                },
                                "image_gap": {
                                    "unit": "px",
                                    "size": 20,
                                    "sizes": []
                                },
                                "image_border": "yes",
                                "image_border_width": {
                                    "unit": "px",
                                    "size": 3,
                                    "sizes": []
                                },
                                "arrows_size": {
                                    "unit": "px",
                                    "size": 24,
                                    "sizes": []
                                },
                                "__globals__": {
                                    "slide_background_color": "globals\/colors?id=f491614",
                                    "content_color": "globals\/colors?id=secondary",
                                    "content_typography_typography": "globals\/typography?id=b62a13d",
                                    "name_color": "globals\/colors?id=secondary",
                                    "name_typography_typography": "globals\/typography?id=01e3d1c",
                                    "title_color": "globals\/colors?id=text",
                                    "title_typography_typography": "globals\/typography?id=499599d",
                                    "image_border_color": "globals\/colors?id=152652f",
                                    "arrows_color": "globals\/colors?id=cc7bf96"
                                },
                                "slide_background_color": "#FFFFFF00",
                                "content_color": "#FFFFFF",
                                "name_color": "#FFFFFF",
                                "name_typography_typography": "custom",
                                "name_typography_font_family": "Be Vietnam Pro",
                                "name_typography_font_size": {
                                    "unit": "px",
                                    "size": 12,
                                    "sizes": []
                                },
                                "name_typography_font_weight": "700",
                                "name_typography_text_transform": "uppercase",
                                "name_typography_font_style": "normal",
                                "name_typography_text_decoration": "none",
                                "name_typography_line_height": {
                                    "unit": "em",
                                    "size": 1.3,
                                    "sizes": []
                                },
                                "name_typography_letter_spacing": {
                                    "unit": "px",
                                    "size": 0.2,
                                    "sizes": []
                                },
                                "name_typography_word_spacing": {
                                    "unit": "px",
                                    "size": "",
                                    "sizes": []
                                },
                                "title_color": "#FFFFFFC2",
                                "title_typography_typography": "custom",
                                "title_typography_font_family": "Be Vietnam Pro",
                                "title_typography_font_size": {
                                    "unit": "px",
                                    "size": 13,
                                    "sizes": []
                                },
                                "title_typography_font_weight": "400",
                                "title_typography_line_height": {
                                    "unit": "em",
                                    "size": 1.4,
                                    "sizes": []
                                },
                                "image_border_color": "#FFFFFF45",
                                "arrows_color": "#FFFFFF94"
                            },
                            "elements": [],
                            "isInner": false,
                            "widgetType": "testimonial-carousel",
                            "elType": "widget"
                        }
                    ],
                    "isInner": false,
                    "elType": "column"
                }
            ],
            "isInner": false,
            "elType": "section"
        },
        {
            "id": "44d82d91",
            "settings": {
                "gap": "no",
                "margin": {
                    "unit": "px",
                    "top": "0",
                    "right": 0,
                    "bottom": "0",
                    "left": 0,
                    "isLinked": false
                },
                "padding_tablet": {
                    "unit": "px",
                    "top": "0",
                    "right": "28",
                    "bottom": "0",
                    "left": "28",
                    "isLinked": false
                },
                "padding_mobile": {
                    "unit": "px",
                    "top": "0",
                    "right": "8",
                    "bottom": "0",
                    "left": "8",
                    "isLinked": false
                },
                "margin_mobile": {
                    "unit": "px",
                    "top": "120",
                    "right": 0,
                    "bottom": "0",
                    "left": 0,
                    "isLinked": false
                },
                "animation": "fadeInUp"
            },
            "elements": [
                {
                    "id": "c7d781a",
                    "settings": {
                        "_column_size": 100,
                        "_inline_size": null,
                        "align": "space-between",
                        "__globals__": {
                            "background_color": ""
                        }
                    },
                    "elements": [
                        {
                            "id": "5deda087",
                            "settings": {
                                "title": "We are trusted by thousands of clients",
                                "header_size": "div",
                                "align": "center",
                                "_margin": {
                                    "unit": "px",
                                    "top": "0",
                                    "right": "0",
                                    "bottom": "40",
                                    "left": "0",
                                    "isLinked": false
                                },
                                "__globals__": {
                                    "title_color": "globals\/colors?id=cc7bf96",
                                    "typography_typography": "globals\/typography?id=01e3d1c"
                                }
                            },
                            "elements": [],
                            "isInner": false,
                            "widgetType": "heading",
                            "elType": "widget"
                        },
                        {
                            "id": "7e50aefc",
                            "settings": {
                                "image": {
                                    "url": "https:\/\/www.xable.oxacor.com\/wp-content\/uploads\/Logo-28-light-1.png",
                                    "id": 1404,
                                    "size": "",
                                    "alt": "",
                                    "source": "library"
                                },
                                "image_size": "full",
                                "align": "center",
                                "width": {
                                    "unit": "%",
                                    "size": 100,
                                    "sizes": []
                                },
                                "opacity": {
                                    "unit": "px",
                                    "size": 0.6,
                                    "sizes": []
                                },
                                "opacity_hover": {
                                    "unit": "px",
                                    "size": 1,
                                    "sizes": []
                                },
                                "background_hover_transition": {
                                    "unit": "px",
                                    "size": 0.8,
                                    "sizes": []
                                },
                                "hover_animation": "grow",
                                "_padding": {
                                    "unit": "px",
                                    "top": "12",
                                    "right": "40",
                                    "bottom": "12",
                                    "left": "40",
                                    "isLinked": false
                                },
                                "_padding_mobile": {
                                    "unit": "px",
                                    "top": "20",
                                    "right": "20",
                                    "bottom": "20",
                                    "left": "20",
                                    "isLinked": true
                                },
                                "_element_width": "initial",
                                "_element_custom_width": {
                                    "unit": "%",
                                    "size": 16,
                                    "sizes": []
                                },
                                "_element_custom_width_tablet": {
                                    "unit": "%",
                                    "size": 30,
                                    "sizes": []
                                },
                                "_element_custom_width_mobile": {
                                    "unit": "%",
                                    "size": 44,
                                    "sizes": []
                                },
                                "_element_vertical_align": "center"
                            },
                            "elements": [],
                            "isInner": false,
                            "widgetType": "image",
                            "elType": "widget"
                        },
                        {
                            "id": "3459e655",
                            "settings": {
                                "image": {
                                    "url": "https:\/\/www.xable.oxacor.com\/wp-content\/uploads\/Logo-6-light-1.png",
                                    "id": 1382,
                                    "size": "",
                                    "alt": "",
                                    "source": "library"
                                },
                                "image_size": "full",
                                "align": "center",
                                "width": {
                                    "unit": "%",
                                    "size": 100,
                                    "sizes": []
                                },
                                "opacity": {
                                    "unit": "px",
                                    "size": 0.6,
                                    "sizes": []
                                },
                                "opacity_hover": {
                                    "unit": "px",
                                    "size": 1,
                                    "sizes": []
                                },
                                "background_hover_transition": {
                                    "unit": "px",
                                    "size": 0.8,
                                    "sizes": []
                                },
                                "hover_animation": "grow",
                                "_padding": {
                                    "unit": "px",
                                    "top": "12",
                                    "right": "40",
                                    "bottom": "12",
                                    "left": "40",
                                    "isLinked": false
                                },
                                "_padding_mobile": {
                                    "unit": "px",
                                    "top": "20",
                                    "right": "20",
                                    "bottom": "20",
                                    "left": "20",
                                    "isLinked": true
                                },
                                "_element_width": "initial",
                                "_element_custom_width": {
                                    "unit": "%",
                                    "size": 16,
                                    "sizes": []
                                },
                                "_element_custom_width_tablet": {
                                    "unit": "%",
                                    "size": 30,
                                    "sizes": []
                                },
                                "_element_custom_width_mobile": {
                                    "unit": "%",
                                    "size": 44,
                                    "sizes": []
                                },
                                "_element_vertical_align": "center"
                            },
                            "elements": [],
                            "isInner": false,
                            "widgetType": "image",
                            "elType": "widget"
                        },
                        {
                            "id": "cb5b68b",
                            "settings": {
                                "image": {
                                    "url": "https:\/\/www.xable.oxacor.com\/wp-content\/uploads\/Logo-26-light-1.png",
                                    "id": 1402,
                                    "size": "",
                                    "alt": "",
                                    "source": "library"
                                },
                                "image_size": "full",
                                "align": "center",
                                "width": {
                                    "unit": "%",
                                    "size": 100,
                                    "sizes": []
                                },
                                "opacity": {
                                    "unit": "px",
                                    "size": 0.6,
                                    "sizes": []
                                },
                                "opacity_hover": {
                                    "unit": "px",
                                    "size": 1,
                                    "sizes": []
                                },
                                "background_hover_transition": {
                                    "unit": "px",
                                    "size": 0.8,
                                    "sizes": []
                                },
                                "hover_animation": "grow",
                                "_padding": {
                                    "unit": "px",
                                    "top": "12",
                                    "right": "40",
                                    "bottom": "12",
                                    "left": "40",
                                    "isLinked": false
                                },
                                "_padding_mobile": {
                                    "unit": "px",
                                    "top": "20",
                                    "right": "20",
                                    "bottom": "20",
                                    "left": "20",
                                    "isLinked": true
                                },
                                "_element_width": "initial",
                                "_element_custom_width": {
                                    "unit": "%",
                                    "size": 16,
                                    "sizes": []
                                },
                                "_element_custom_width_tablet": {
                                    "unit": "%",
                                    "size": 30,
                                    "sizes": []
                                },
                                "_element_custom_width_mobile": {
                                    "unit": "%",
                                    "size": 44,
                                    "sizes": []
                                },
                                "_element_vertical_align": "center"
                            },
                            "elements": [],
                            "isInner": false,
                            "widgetType": "image",
                            "elType": "widget"
                        },
                        {
                            "id": "3fe89740",
                            "settings": {
                                "image": {
                                    "url": "https:\/\/www.xable.oxacor.com\/wp-content\/uploads\/Logo-10-light-1.png",
                                    "id": 1386,
                                    "size": "",
                                    "alt": "",
                                    "source": "library"
                                },
                                "image_size": "full",
                                "align": "center",
                                "width": {
                                    "unit": "%",
                                    "size": 100,
                                    "sizes": []
                                },
                                "opacity": {
                                    "unit": "px",
                                    "size": 0.6,
                                    "sizes": []
                                },
                                "opacity_hover": {
                                    "unit": "px",
                                    "size": 1,
                                    "sizes": []
                                },
                                "background_hover_transition": {
                                    "unit": "px",
                                    "size": 0.8,
                                    "sizes": []
                                },
                                "hover_animation": "grow",
                                "_padding": {
                                    "unit": "px",
                                    "top": "12",
                                    "right": "40",
                                    "bottom": "12",
                                    "left": "40",
                                    "isLinked": false
                                },
                                "_padding_mobile": {
                                    "unit": "px",
                                    "top": "20",
                                    "right": "20",
                                    "bottom": "20",
                                    "left": "20",
                                    "isLinked": true
                                },
                                "_element_width": "initial",
                                "_element_custom_width": {
                                    "unit": "%",
                                    "size": 16,
                                    "sizes": []
                                },
                                "_element_custom_width_tablet": {
                                    "unit": "%",
                                    "size": 30,
                                    "sizes": []
                                },
                                "_element_custom_width_mobile": {
                                    "unit": "%",
                                    "size": 44,
                                    "sizes": []
                                },
                                "_element_vertical_align": "center"
                            },
                            "elements": [],
                            "isInner": false,
                            "widgetType": "image",
                            "elType": "widget"
                        },
                        {
                            "id": "25550e15",
                            "settings": {
                                "image": {
                                    "url": "https:\/\/www.xable.oxacor.com\/wp-content\/uploads\/Logo-12-light-1.png",
                                    "id": 1388,
                                    "size": "",
                                    "alt": "",
                                    "source": "library"
                                },
                                "image_size": "full",
                                "align": "center",
                                "width": {
                                    "unit": "%",
                                    "size": 100,
                                    "sizes": []
                                },
                                "opacity": {
                                    "unit": "px",
                                    "size": 0.6,
                                    "sizes": []
                                },
                                "opacity_hover": {
                                    "unit": "px",
                                    "size": 1,
                                    "sizes": []
                                },
                                "background_hover_transition": {
                                    "unit": "px",
                                    "size": 0.8,
                                    "sizes": []
                                },
                                "hover_animation": "grow",
                                "_padding": {
                                    "unit": "px",
                                    "top": "12",
                                    "right": "40",
                                    "bottom": "12",
                                    "left": "40",
                                    "isLinked": false
                                },
                                "_padding_mobile": {
                                    "unit": "px",
                                    "top": "20",
                                    "right": "20",
                                    "bottom": "20",
                                    "left": "20",
                                    "isLinked": true
                                },
                                "_element_width": "initial",
                                "_element_custom_width": {
                                    "unit": "%",
                                    "size": 16,
                                    "sizes": []
                                },
                                "_element_custom_width_tablet": {
                                    "unit": "%",
                                    "size": 30,
                                    "sizes": []
                                },
                                "_element_custom_width_mobile": {
                                    "unit": "%",
                                    "size": 44,
                                    "sizes": []
                                },
                                "_element_vertical_align": "center"
                            },
                            "elements": [],
                            "isInner": false,
                            "widgetType": "image",
                            "elType": "widget"
                        },
                        {
                            "id": "5c24e88a",
                            "settings": {
                                "image": {
                                    "url": "https:\/\/www.xable.oxacor.com\/wp-content\/uploads\/Logo-13-light-1.png",
                                    "id": 1389,
                                    "size": "",
                                    "alt": "",
                                    "source": "library"
                                },
                                "image_size": "full",
                                "align": "center",
                                "width": {
                                    "unit": "%",
                                    "size": 100,
                                    "sizes": []
                                },
                                "opacity": {
                                    "unit": "px",
                                    "size": 0.6,
                                    "sizes": []
                                },
                                "opacity_hover": {
                                    "unit": "px",
                                    "size": 1,
                                    "sizes": []
                                },
                                "background_hover_transition": {
                                    "unit": "px",
                                    "size": 0.8,
                                    "sizes": []
                                },
                                "hover_animation": "grow",
                                "_padding": {
                                    "unit": "px",
                                    "top": "12",
                                    "right": "40",
                                    "bottom": "12",
                                    "left": "40",
                                    "isLinked": false
                                },
                                "_padding_mobile": {
                                    "unit": "px",
                                    "top": "20",
                                    "right": "20",
                                    "bottom": "20",
                                    "left": "20",
                                    "isLinked": true
                                },
                                "_element_width": "initial",
                                "_element_custom_width": {
                                    "unit": "%",
                                    "size": 16,
                                    "sizes": []
                                },
                                "_element_custom_width_tablet": {
                                    "unit": "%",
                                    "size": 30,
                                    "sizes": []
                                },
                                "_element_custom_width_mobile": {
                                    "unit": "%",
                                    "size": 44,
                                    "sizes": []
                                },
                                "_element_vertical_align": "center"
                            },
                            "elements": [],
                            "isInner": false,
                            "widgetType": "image",
                            "elType": "widget"
                        }
                    ],
                    "isInner": false,
                    "elType": "column"
                }
            ],
            "isInner": false,
            "elType": "section"
        },
        {
            "id": "ce76284",
            "settings": {
                "layout": "full_width",
                "gap": "no",
                "margin": {
                    "unit": "px",
                    "top": "70",
                    "right": 0,
                    "bottom": "0",
                    "left": 0,
                    "isLinked": false
                },
                "animation": "fadeInUp"
            },
            "elements": [
                {
                    "id": "727b2e21",
                    "settings": {
                        "_column_size": 100,
                        "_inline_size": null
                    },
                    "elements": [
                        {
                            "id": "5fff2104",
                            "settings": {
                                "template_id": "1823"
                            },
                            "elements": [],
                            "isInner": false,
                            "widgetType": "template",
                            "elType": "widget"
                        }
                    ],
                    "isInner": false,
                    "elType": "column"
                }
            ],
            "isInner": false,
            "elType": "section"
        }
    ]
}