{
    "version": "0.4",
    "title": "Purchase Summary",
    "type": "page",
    "metadata": {
        "template_type": "single-page",
        "include_in_zip": "1",
        "elementor_pro_required": "1",
        "wp_page_template": "elementor_header_footer"
    },
    "content": [
        {
            "id": "2d1f56b9",
            "settings": {
                "content_width": {
                    "unit": "px",
                    "size": 700,
                    "sizes": []
                },
                "gap": "no",
                "custom_height": {
                    "unit": "vh",
                    "size": 100,
                    "sizes": []
                },
                "custom_height_tablet": {
                    "unit": "vh",
                    "size": "",
                    "sizes": []
                },
                "content_position": "middle",
                "background_background": "classic",
                "background_image": {
                    "url": "",
                    "id": "",
                    "size": "",
                    "alt": "happy young team of architects workign at office",
                    "source": "library"
                },
                "background_position": "center center",
                "background_attachment": "fixed",
                "background_repeat": "no-repeat",
                "background_size": "cover",
                "background_overlay_opacity": {
                    "unit": "px",
                    "size": 0.72,
                    "sizes": []
                },
                "overlay_blend_mode": "multiply",
                "margin": {
                    "unit": "px",
                    "top": "0",
                    "right": 0,
                    "bottom": "0",
                    "left": 0,
                    "isLinked": false
                },
                "margin_tablet": {
                    "unit": "px",
                    "top": "0",
                    "right": 0,
                    "bottom": "0",
                    "left": 0,
                    "isLinked": false
                },
                "margin_mobile": {
                    "unit": "px",
                    "top": "0",
                    "right": 0,
                    "bottom": "0",
                    "left": 0,
                    "isLinked": false
                },
                "padding": {
                    "unit": "px",
                    "top": "100",
                    "right": "0",
                    "bottom": "100",
                    "left": "0",
                    "isLinked": false
                },
                "__globals__": {
                    "background_overlay_color": "globals\/colors?id=41e718d",
                    "background_color": "globals\/colors?id=accent"
                },
                "padding_mobile": {
                    "unit": "px",
                    "top": "100",
                    "right": "0",
                    "bottom": "100",
                    "left": "0",
                    "isLinked": false
                }
            },
            "elements": [
                {
                    "id": "68a2e29d",
                    "settings": {
                        "_column_size": 100,
                        "_inline_size": null,
                        "align": "center",
                        "margin_mobile": {
                            "unit": "px",
                            "top": "0",
                            "right": "0",
                            "bottom": "0",
                            "left": "0",
                            "isLinked": false
                        },
                        "padding_mobile": {
                            "unit": "px",
                            "top": "0",
                            "right": "20",
                            "bottom": "0",
                            "left": "20",
                            "isLinked": false
                        }
                    },
                    "elements": [
                        {
                            "id": "48cc3515",
                            "settings": {
                                "title": "",
                                "header_size": "h1",
                                "align": "center",
                                "__dynamic__": {
                                    "title": "[elementor-tag id=\"c4c8157\" name=\"page-title\" settings=\"%7B%7D\"]"
                                }
                            },
                            "elements": [],
                            "isInner": false,
                            "widgetType": "heading",
                            "elType": "widget"
                        }
                    ],
                    "isInner": false,
                    "elType": "column"
                }
            ],
            "isInner": false,
            "elType": "section"
        },
        {
            "id": "60f1ec82",
            "settings": {
                "gap": "no",
                "margin": {
                    "unit": "px",
                    "top": "100",
                    "right": 0,
                    "bottom": "0",
                    "left": 0,
                    "isLinked": false
                },
                "content_width": {
                    "unit": "px",
                    "size": 1140,
                    "sizes": []
                },
                "padding_tablet": {
                    "unit": "px",
                    "top": "0",
                    "right": "60",
                    "bottom": "0",
                    "left": "60",
                    "isLinked": false
                },
                "padding_mobile": {
                    "unit": "px",
                    "top": "0",
                    "right": "20",
                    "bottom": "0",
                    "left": "20",
                    "isLinked": false
                }
            },
            "elements": [
                {
                    "id": "6d1e7761",
                    "settings": {
                        "_column_size": 100,
                        "_inline_size": null
                    },
                    "elements": [
                        {
                            "id": "2b3010d4",
                            "settings": {
                                "confirmation_message_text": "Thank You. Your order has been received.",
                                "confirmation_message_alignment": "center",
                                "payment_details_number": "Order Number:",
                                "payment_details_date": "Order Date:",
                                "payment_details_email": "Order Email:",
                                "payment_details_total": "Order Total:",
                                "payment_details_payment": "Payment Method:",
                                "bank_details_text": "Our Bank Details",
                                "downloads_text": "Downloads",
                                "order_summary_text": "Order Details",
                                "billing_details_text": "Billing Details",
                                "shipping_details_text": "Shipping Details",
                                "sections_border_type": "dotted",
                                "sections_border_width": {
                                    "unit": "px",
                                    "top": "1",
                                    "right": "1",
                                    "bottom": "1",
                                    "left": "1",
                                    "isLinked": true
                                },
                                "sections_border_radius": {
                                    "unit": "px",
                                    "top": "0",
                                    "right": "0",
                                    "bottom": "0",
                                    "left": "0",
                                    "isLinked": false
                                },
                                "sections_padding": {
                                    "unit": "px",
                                    "top": "48",
                                    "right": "48",
                                    "bottom": "48",
                                    "left": "48",
                                    "isLinked": true
                                },
                                "titles_spacing": {
                                    "unit": "px",
                                    "size": 28,
                                    "sizes": []
                                },
                                "payment_details_titles_spacing": {
                                    "unit": "px",
                                    "size": 8,
                                    "sizes": []
                                },
                                "payment_details_border_type": "dashed",
                                "payment_details_border_width": {
                                    "unit": "px",
                                    "size": 1,
                                    "sizes": []
                                },
                                "bank_details_space_between": {
                                    "unit": "px",
                                    "size": 48,
                                    "sizes": [],
                                    "px": 0
                                },
                                "__globals__": {
                                    "sections_background_color": "globals\/colors?id=accent",
                                    "sections_border_color": "globals\/colors?id=152652f",
                                    "confirmation_message_color": "globals\/colors?id=secondary",
                                    "confirmation_message_typography_typography": "globals\/typography?id=secondary",
                                    "titles_color": "globals\/colors?id=secondary",
                                    "titles_typography_typography": "globals\/typography?id=62f5f26",
                                    "general_text_color": "globals\/colors?id=text",
                                    "general_text_typography_typography": "globals\/typography?id=text",
                                    "payment_details_titles_color": "globals\/colors?id=secondary",
                                    "payment_details_titles_typography_typography": "globals\/typography?id=315709c",
                                    "payment_details_items_color": "globals\/colors?id=text",
                                    "payment_details_items_typography_typography": "globals\/typography?id=text",
                                    "payment_details_border_color": "globals\/colors?id=152652f",
                                    "account_title_color": "globals\/colors?id=secondary",
                                    "account_title_typography_typography": "globals\/typography?id=315709c",
                                    "bank_details_titles_color": "globals\/colors?id=cc7bf96",
                                    "bank_details_border_color": "globals\/colors?id=152652f",
                                    "bank_details_titles_typography_typography": "globals\/typography?id=accent",
                                    "bank_details_items_color": "globals\/colors?id=secondary",
                                    "bank_details_items_typography_typography": "globals\/typography?id=text",
                                    "order_details_titles_totals_color": "globals\/colors?id=secondary",
                                    "order_details_titles_totals_typography_typography": "globals\/typography?id=accent",
                                    "order_details_items_color": "globals\/colors?id=text",
                                    "order_details_items_typography_typography": "globals\/typography?id=text",
                                    "order_details_variations_color": "globals\/colors?id=cc7bf96",
                                    "order_details_variations_typography_typography": "globals\/typography?id=499599d",
                                    "order_details_product_links_normal_color": "globals\/colors?id=primary",
                                    "order_details_product_links_hover_color": "globals\/colors?id=secondary",
                                    "order_details_border_color": "globals\/colors?id=152652f",
                                    "order_details_button_typography_typography": "globals\/typography?id=accent",
                                    "order_details_button_normal_text_color": "globals\/colors?id=secondary",
                                    "order_details_button_normal_background_color": "globals\/colors?id=primary",
                                    "order_details_button_border_color": "globals\/colors?id=primary",
                                    "order_details_button_hover_text_color": "globals\/colors?id=secondary",
                                    "order_details_button_hover_background_color": "globals\/colors?id=41e718d",
                                    "order_details_button_hover_border_color": "globals\/colors?id=primary"
                                },
                                "bank_details_alignment": "center",
                                "downloads_alignment": "center",
                                "order_summary_alignment": "center",
                                "billing_details_alignment": "center",
                                "shipping_details_alignment": "center",
                                "sections_background_color": "#15171E",
                                "sections_border_color": "#FFFFFF45",
                                "sections_spacing": {
                                    "unit": "px",
                                    "size": 80,
                                    "sizes": []
                                },
                                "confirmation_message_color": "#FFFFFF",
                                "confirmation_message_typography_typography": "custom",
                                "confirmation_message_typography_font_family": "Be Vietnam Pro",
                                "confirmation_message_typography_font_size": {
                                    "unit": "px",
                                    "size": 34,
                                    "sizes": []
                                },
                                "confirmation_message_typography_font_weight": "800",
                                "confirmation_message_typography_line_height": {
                                    "unit": "em",
                                    "size": 1.3,
                                    "sizes": []
                                },
                                "titles_color": "#FFFFFF",
                                "titles_typography_typography": "custom",
                                "titles_typography_font_size": {
                                    "unit": "px",
                                    "size": 20,
                                    "sizes": []
                                },
                                "titles_typography_font_weight": "700",
                                "titles_typography_line_height": {
                                    "unit": "em",
                                    "size": 1.4,
                                    "sizes": []
                                },
                                "general_text_color": "#FFFFFFC2",
                                "general_text_typography_typography": "custom",
                                "general_text_typography_font_family": "Be Vietnam Pro",
                                "general_text_typography_font_size": {
                                    "unit": "px",
                                    "size": 15,
                                    "sizes": []
                                },
                                "general_text_typography_font_weight": "400",
                                "general_text_typography_line_height": {
                                    "unit": "em",
                                    "size": 1.6,
                                    "sizes": []
                                },
                                "payment_details_space_between": {
                                    "unit": "px",
                                    "size": 48,
                                    "sizes": [],
                                    "px": 0
                                },
                                "payment_details_space_between_tablet": {
                                    "unit": "custom",
                                    "size": "",
                                    "sizes": []
                                },
                                "payment_details_space_between_mobile": {
                                    "unit": "custom",
                                    "size": "",
                                    "sizes": []
                                },
                                "payment_details_titles_color": "#FFFFFF",
                                "payment_details_titles_typography_typography": "custom",
                                "payment_details_titles_typography_font_family": "Be Vietnam Pro",
                                "payment_details_titles_typography_font_size": {
                                    "unit": "px",
                                    "size": 12,
                                    "sizes": []
                                },
                                "payment_details_titles_typography_font_weight": "700",
                                "payment_details_titles_typography_text_transform": "uppercase",
                                "payment_details_titles_typography_font_style": "normal",
                                "payment_details_titles_typography_line_height": {
                                    "unit": "em",
                                    "size": 1.3,
                                    "sizes": []
                                },
                                "payment_details_titles_typography_letter_spacing": {
                                    "unit": "px",
                                    "size": 0.2,
                                    "sizes": []
                                },
                                "payment_details_titles_typography_word_spacing": {
                                    "unit": "px",
                                    "size": "",
                                    "sizes": []
                                },
                                "payment_details_items_color": "#FFFFFFC2",
                                "payment_details_items_typography_typography": "custom",
                                "payment_details_items_typography_font_family": "Be Vietnam Pro",
                                "payment_details_items_typography_font_size": {
                                    "unit": "px",
                                    "size": 15,
                                    "sizes": []
                                },
                                "payment_details_items_typography_font_weight": "400",
                                "payment_details_items_typography_line_height": {
                                    "unit": "em",
                                    "size": 1.6,
                                    "sizes": []
                                },
                                "payment_details_border_color": "#FFFFFF45",
                                "account_title_color": "#FFFFFF",
                                "account_title_typography_typography": "custom",
                                "account_title_typography_font_family": "Be Vietnam Pro",
                                "account_title_typography_font_size": {
                                    "unit": "px",
                                    "size": 12,
                                    "sizes": []
                                },
                                "account_title_typography_font_weight": "700",
                                "account_title_typography_text_transform": "uppercase",
                                "account_title_typography_font_style": "normal",
                                "account_title_typography_text_decoration": "none",
                                "account_title_typography_line_height": {
                                    "unit": "em",
                                    "size": 1.3,
                                    "sizes": []
                                },
                                "account_title_typography_letter_spacing": {
                                    "unit": "px",
                                    "size": 0.2,
                                    "sizes": []
                                },
                                "account_title_typography_word_spacing": {
                                    "unit": "px",
                                    "size": "",
                                    "sizes": []
                                },
                                "account_title_spacing": {
                                    "unit": "px",
                                    "size": 24,
                                    "sizes": []
                                },
                                "bank_details_titles_color": "#FFFFFFC2",
                                "bank_details_titles_spacing": {
                                    "unit": "px",
                                    "size": 4,
                                    "sizes": []
                                },
                                "bank_details_border_type": "dashed",
                                "bank_details_border_width": {
                                    "unit": "px",
                                    "size": 1,
                                    "sizes": []
                                },
                                "bank_details_border_color": "#FFFFFF45",
                                "order_details_rows_gap": {
                                    "unit": "px",
                                    "size": 40,
                                    "sizes": [],
                                    "px": 0
                                },
                                "order_details_border_type": "dotted",
                                "order_details_border_width": {
                                    "unit": "px",
                                    "size": 1,
                                    "sizes": []
                                },
                                "order_details_button_normal_background_background": "classic",
                                "order_details_button_hover_background_background": "classic",
                                "order_details_button_border_type": "solid",
                                "order_details_button_border_width": {
                                    "unit": "px",
                                    "top": "1",
                                    "right": "1",
                                    "bottom": "1",
                                    "left": "1",
                                    "isLinked": true
                                },
                                "order_details_button_border_radius": {
                                    "unit": "px",
                                    "top": "0",
                                    "right": "0",
                                    "bottom": "0",
                                    "left": "0",
                                    "isLinked": false
                                },
                                "payment_details_titles_typography_text_decoration": "none",
                                "sections_padding_mobile": {
                                    "unit": "px",
                                    "top": "24",
                                    "right": "24",
                                    "bottom": "24",
                                    "left": "24",
                                    "isLinked": true
                                }
                            },
                            "elements": [],
                            "isInner": false,
                            "widgetType": "woocommerce-purchase-summary",
                            "elType": "widget"
                        }
                    ],
                    "isInner": false,
                    "elType": "column"
                }
            ],
            "isInner": false,
            "elType": "section"
        }
    ]
}