{
    "version": "0.4",
    "title": "Shop Archive",
    "type": "product-archive",
    "metadata": {
        "template_type": "archive-product",
        "include_in_zip": "1",
        "elementor_pro_required": "1",
        "elementor_library_type": "product-archive",
        "elementor_pro_conditions": [
            "include\/product_archive"
        ],
        "additional_template_information": [
            "This is a \"Product Archive\" template for Elementor Pro.",
            "This template will display on: All Product Archives."
        ],
        "wp_page_template": "default"
    },
    "content": [
        {
            "id": "2c0894c7",
            "settings": {
                "content_width": {
                    "unit": "px",
                    "size": 700,
                    "sizes": []
                },
                "gap": "no",
                "custom_height": {
                    "unit": "vh",
                    "size": 100,
                    "sizes": []
                },
                "custom_height_tablet": {
                    "unit": "vh",
                    "size": "",
                    "sizes": []
                },
                "content_position": "middle",
                "background_background": "classic",
                "background_image": {
                    "url": "https:\/\/www.xable.oxacor.com\/wp-content\/uploads\/businessman-using-mobile-app-for-trading-and-investing-online.jpg",
                    "id": 1119,
                    "size": "",
                    "alt": "",
                    "source": "library"
                },
                "background_position": "center center",
                "background_attachment": "fixed",
                "background_repeat": "no-repeat",
                "background_size": "cover",
                "background_overlay_background": "classic",
                "background_overlay_opacity": {
                    "unit": "px",
                    "size": 0.72,
                    "sizes": []
                },
                "overlay_blend_mode": "multiply",
                "margin": {
                    "unit": "px",
                    "top": "-124",
                    "right": 0,
                    "bottom": "0",
                    "left": 0,
                    "isLinked": false
                },
                "margin_tablet": {
                    "unit": "px",
                    "top": "",
                    "right": 0,
                    "bottom": "",
                    "left": 0,
                    "isLinked": true
                },
                "margin_mobile": {
                    "unit": "px",
                    "top": "-90",
                    "right": 0,
                    "bottom": "0",
                    "left": 0,
                    "isLinked": false
                },
                "padding": {
                    "unit": "px",
                    "top": "200",
                    "right": "0",
                    "bottom": "140",
                    "left": "0",
                    "isLinked": false
                },
                "__globals__": {
                    "background_overlay_color": "globals\/colors?id=41e718d"
                },
                "padding_mobile": {
                    "unit": "px",
                    "top": "160",
                    "right": "0",
                    "bottom": "120",
                    "left": "0",
                    "isLinked": false
                }
            },
            "elements": [
                {
                    "id": "58c17dc1",
                    "settings": {
                        "_column_size": 100,
                        "_inline_size": null,
                        "align": "center",
                        "margin_mobile": {
                            "unit": "px",
                            "top": "0",
                            "right": "0",
                            "bottom": "0",
                            "left": "0",
                            "isLinked": false
                        },
                        "padding_mobile": {
                            "unit": "px",
                            "top": "0",
                            "right": "20",
                            "bottom": "0",
                            "left": "20",
                            "isLinked": false
                        },
                        "padding_tablet": {
                            "unit": "px",
                            "top": "0",
                            "right": "28",
                            "bottom": "0",
                            "left": "28",
                            "isLinked": false
                        }
                    },
                    "elements": [
                        {
                            "id": "435e8c9",
                            "settings": {
                                "__dynamic__": {
                                    "title": "[elementor-tag id=\"\" name=\"archive-title\" settings=\"%7B%22include_context%22%3A%22%22%7D\"]"
                                },
                                "title": "Add Your Heading Text Here",
                                "align": "center"
                            },
                            "elements": [],
                            "isInner": false,
                            "widgetType": "theme-archive-title",
                            "elType": "widget"
                        }
                    ],
                    "isInner": false,
                    "elType": "column"
                }
            ],
            "isInner": false,
            "elType": "section"
        },
        {
            "id": "56c1d322",
            "settings": {
                "gap": "no",
                "structure": "20",
                "margin": {
                    "unit": "px",
                    "top": "80",
                    "right": 0,
                    "bottom": "0",
                    "left": 0,
                    "isLinked": false
                },
                "margin_mobile": {
                    "unit": "px",
                    "top": "60",
                    "right": 0,
                    "bottom": "0",
                    "left": 0,
                    "isLinked": false
                },
                "padding_tablet": {
                    "unit": "px",
                    "top": "0",
                    "right": "20",
                    "bottom": "0",
                    "left": "20",
                    "isLinked": false
                },
                "padding_mobile": {
                    "unit": "px",
                    "top": "0",
                    "right": "8",
                    "bottom": "0",
                    "left": "8",
                    "isLinked": false
                }
            },
            "elements": [
                {
                    "id": "383fefc0",
                    "settings": {
                        "_column_size": 50,
                        "_inline_size": 68,
                        "align": "space-between",
                        "margin": {
                            "unit": "px",
                            "top": "0",
                            "right": "60",
                            "bottom": "0",
                            "left": "0",
                            "isLinked": false
                        },
                        "_inline_size_tablet": 100,
                        "margin_tablet": {
                            "unit": "px",
                            "top": "0",
                            "right": "0",
                            "bottom": "0",
                            "left": "0",
                            "isLinked": false
                        }
                    },
                    "elements": [
                        {
                            "id": "69494f37",
                            "settings": {
                                "products_related_products_title_text": "Related Products",
                                "products_upsells_title_text": "You may also like...",
                                "products_cross_sells_title_text": "You may be interested in...",
                                "nothing_found_message": "It seems we can't find what you're looking for.",
                                "column_gap": {
                                    "unit": "px",
                                    "size": 36,
                                    "sizes": []
                                },
                                "row_gap": {
                                    "unit": "px",
                                    "size": 36,
                                    "sizes": []
                                },
                                "align": "center",
                                "image_spacing": {
                                    "unit": "px",
                                    "size": 24,
                                    "sizes": []
                                },
                                "__globals__": {
                                    "title_typography_typography": "globals\/typography?id=5e57db5",
                                    "box_bg_color": "globals\/colors?id=accent",
                                    "price_color": "globals\/colors?id=secondary",
                                    "title_color": "globals\/colors?id=text",
                                    "old_price_color": "globals\/colors?id=secondary",
                                    "button_background_color": "globals\/colors?id=primary",
                                    "button_typography_typography": "globals\/typography?id=accent",
                                    "button_text_color": "globals\/colors?id=secondary",
                                    "button_border_color": "globals\/colors?id=primary",
                                    "onsale_text_background_color": "globals\/colors?id=primary",
                                    "onsale_text_color": "globals\/colors?id=secondary",
                                    "onsale_typography_typography": "",
                                    "price_typography_typography": "globals\/typography?id=01e3d1c",
                                    "old_price_typography_typography": "globals\/typography?id=5e57db5",
                                    "image_border_color": "globals\/colors?id=152652f",
                                    "button_hover_color": "globals\/colors?id=secondary",
                                    "button_hover_background_color": "globals\/colors?id=41e718d",
                                    "button_hover_border_color": "globals\/colors?id=primary",
                                    "pagination_typography_typography": "globals\/typography?id=5e57db5",
                                    "pagination_link_color": "globals\/colors?id=text",
                                    "pagination_link_bg_color": "globals\/colors?id=accent",
                                    "pagination_link_bg_color_hover": "globals\/colors?id=primary",
                                    "pagination_link_color_hover": "globals\/colors?id=secondary",
                                    "pagination_link_color_active": "globals\/colors?id=secondary",
                                    "pagination_link_bg_color_active": "globals\/colors?id=primary",
                                    "pagination_border_color": "globals\/colors?id=152652f",
                                    "nothing_found_color": "globals\/colors?id=secondary",
                                    "nothing_found_typography_typography": "globals\/typography?id=2d4f93f",
                                    "view_cart_typography_typography": "globals\/typography?id=499599d",
                                    "view_cart_color": "globals\/colors?id=text",
                                    "star_color": "globals\/colors?id=primary",
                                    "empty_star_color": "globals\/colors?id=text"
                                },
                                "title_color": "#FFFFFFC2",
                                "title_typography_typography": "custom",
                                "title_typography_font_size": {
                                    "unit": "px",
                                    "size": 16,
                                    "sizes": []
                                },
                                "title_typography_font_weight": "700",
                                "title_typography_line_height": {
                                    "unit": "em",
                                    "size": 1.4,
                                    "sizes": []
                                },
                                "price_color": "#FFFFFF",
                                "old_price_color": "#FFFFFF",
                                "button_text_color": "#FFFFFFC2",
                                "button_background_color": "#FFFFFF00",
                                "button_border_color": "#EC3737",
                                "button_border_border": "solid",
                                "button_border_width": {
                                    "unit": "px",
                                    "top": "1",
                                    "right": "1",
                                    "bottom": "1",
                                    "left": "1",
                                    "isLinked": true
                                },
                                "button_border_radius": {
                                    "unit": "px",
                                    "top": "0",
                                    "right": "0",
                                    "bottom": "0",
                                    "left": "0",
                                    "isLinked": false
                                },
                                "automatically_align_buttons": "yes",
                                "box_shadow_box_shadow": {
                                    "horizontal": 0,
                                    "vertical": 3,
                                    "blur": 20,
                                    "spread": 3,
                                    "color": "rgba(255, 255, 255, 0.16)"
                                },
                                "onsale_text_color": "#FFFFFF",
                                "onsale_text_background_color": "#EC3737",
                                "onsale_typography_font_family": "Be Vietnam Pro",
                                "onsale_typography_font_size": {
                                    "unit": "px",
                                    "size": 12,
                                    "sizes": []
                                },
                                "onsale_typography_font_weight": "700",
                                "onsale_typography_text_transform": "uppercase",
                                "onsale_typography_font_style": "normal",
                                "onsale_typography_text_decoration": "none",
                                "onsale_typography_line_height": {
                                    "unit": "em",
                                    "size": 1.3,
                                    "sizes": []
                                },
                                "onsale_typography_letter_spacing": {
                                    "unit": "px",
                                    "size": 0.2,
                                    "sizes": []
                                },
                                "onsale_typography_word_spacing": {
                                    "unit": "px",
                                    "size": "",
                                    "sizes": []
                                },
                                "onsale_border_radius": {
                                    "unit": "px",
                                    "size": 0,
                                    "sizes": []
                                },
                                "onsale_width": {
                                    "unit": "px",
                                    "size": 60,
                                    "sizes": []
                                },
                                "onsale_height": {
                                    "unit": "px",
                                    "size": 24,
                                    "sizes": []
                                },
                                "onsale_horizontal_position": "left",
                                "onsale_distance": {
                                    "unit": "px",
                                    "size": 10,
                                    "sizes": []
                                },
                                "image_border_border": "none",
                                "image_border_width": {
                                    "unit": "px",
                                    "top": "2",
                                    "right": "2",
                                    "bottom": "2",
                                    "left": "2",
                                    "isLinked": true
                                },
                                "allow_order": "",
                                "show_result_count": "",
                                "image_border_radius": {
                                    "unit": "px",
                                    "top": "0",
                                    "right": "0",
                                    "bottom": "0",
                                    "left": "0",
                                    "isLinked": false
                                },
                                "title_spacing": {
                                    "unit": "px",
                                    "size": 4,
                                    "sizes": []
                                },
                                "button_spacing": {
                                    "unit": "px",
                                    "size": 16,
                                    "sizes": []
                                },
                                "box_padding": {
                                    "unit": "px",
                                    "top": "12",
                                    "right": "12",
                                    "bottom": "24",
                                    "left": "12",
                                    "isLinked": false
                                },
                                "view_cart_spacing": {
                                    "unit": "px",
                                    "size": 12,
                                    "sizes": []
                                },
                                "pagination_spacing": {
                                    "unit": "px",
                                    "size": 60,
                                    "sizes": []
                                },
                                "pagination_padding": {
                                    "unit": "px",
                                    "size": 8,
                                    "sizes": []
                                },
                                "star_size": {
                                    "unit": "px",
                                    "size": 10,
                                    "sizes": []
                                },
                                "rating_spacing": {
                                    "unit": "px",
                                    "size": 12,
                                    "sizes": []
                                },
                                "column_gap_mobile": {
                                    "unit": "px",
                                    "size": 12,
                                    "sizes": []
                                },
                                "row_gap_tablet": {
                                    "unit": "px",
                                    "size": 16,
                                    "sizes": []
                                },
                                "row_gap_mobile": {
                                    "unit": "px",
                                    "size": 12,
                                    "sizes": []
                                },
                                "column_gap_tablet": {
                                    "unit": "px",
                                    "size": 16,
                                    "sizes": []
                                }
                            },
                            "elements": [],
                            "isInner": false,
                            "widgetType": "wc-archive-products",
                            "elType": "widget"
                        }
                    ],
                    "isInner": false,
                    "elType": "column"
                },
                {
                    "id": "3c2f32d0",
                    "settings": {
                        "_column_size": 50,
                        "_inline_size": 32,
                        "_inline_size_tablet": 100,
                        "margin_tablet": {
                            "unit": "px",
                            "top": "80",
                            "right": "0",
                            "bottom": "0",
                            "left": "0",
                            "isLinked": false
                        },
                        "margin_mobile": {
                            "unit": "px",
                            "top": "60",
                            "right": "0",
                            "bottom": "0",
                            "left": "0",
                            "isLinked": false
                        }
                    },
                    "elements": [
                        {
                            "id": "608cce16",
                            "settings": {
                                "gap": "no",
                                "background_background": "classic",
                                "margin": {
                                    "unit": "px",
                                    "top": "0",
                                    "right": 0,
                                    "bottom": "0",
                                    "left": 0,
                                    "isLinked": false
                                },
                                "padding": {
                                    "unit": "px",
                                    "top": "40",
                                    "right": "40",
                                    "bottom": "40",
                                    "left": "40",
                                    "isLinked": true
                                },
                                "__globals__": {
                                    "background_color": "globals\/colors?id=accent"
                                },
                                "animation": "fadeInRight"
                            },
                            "elements": [
                                {
                                    "id": "11b9d160",
                                    "settings": {
                                        "_column_size": 100,
                                        "_inline_size": null
                                    },
                                    "elements": [
                                        {
                                            "id": "17917da9",
                                            "settings": {
                                                "title": "Featured Products",
                                                "header_size": "h3",
                                                "align": "center",
                                                "__globals__": {
                                                    "typography_typography": "globals\/typography?id=d2be5a1"
                                                }
                                            },
                                            "elements": [],
                                            "isInner": false,
                                            "widgetType": "heading",
                                            "elType": "widget"
                                        },
                                        {
                                            "id": "386b627c",
                                            "settings": {
                                                "style": "dashed",
                                                "align": "center",
                                                "look": "line_icon",
                                                "text": "Divider",
                                                "icon": {
                                                    "value": "fas fa-square-full",
                                                    "library": "fa-solid"
                                                },
                                                "gap": {
                                                    "unit": "px",
                                                    "size": 28,
                                                    "sizes": []
                                                },
                                                "icon_size": {
                                                    "unit": "px",
                                                    "size": 10,
                                                    "sizes": []
                                                },
                                                "__globals__": {
                                                    "color": "globals\/colors?id=152652f",
                                                    "primary_color": "globals\/colors?id=primary"
                                                }
                                            },
                                            "elements": [],
                                            "isInner": false,
                                            "widgetType": "divider",
                                            "elType": "widget"
                                        },
                                        {
                                            "id": "4dd82080",
                                            "settings": {
                                                "classic_columns": "1",
                                                "classic_thumbnail": "left",
                                                "classic_image_width": {
                                                    "unit": "%",
                                                    "size": 28,
                                                    "sizes": []
                                                },
                                                "classic_title_tag": "h5",
                                                "classic_show_excerpt": "",
                                                "classic_meta_data": [
                                                    "author",
                                                    "date"
                                                ],
                                                "classic_meta_separator": ".",
                                                "classic_show_read_more": "",
                                                "classic_read_more_text": "Read More \u00bb",
                                                "cards_meta_separator": "\u2022",
                                                "cards_read_more_text": "Read More \u00bb",
                                                "full_content_meta_separator": "\/\/\/",
                                                "posts_post_type": "product",
                                                "classic_column_gap": {
                                                    "unit": "px",
                                                    "size": 24,
                                                    "sizes": []
                                                },
                                                "classic_row_gap": {
                                                    "unit": "px",
                                                    "size": 24,
                                                    "sizes": []
                                                },
                                                "classic_alignment": "left",
                                                "classic_image_spacing": {
                                                    "unit": "px",
                                                    "size": 16,
                                                    "sizes": []
                                                },
                                                "classic_thumbnail_hover_filters_css_filter": "custom",
                                                "classic_thumbnail_hover_filters_brightness": {
                                                    "unit": "px",
                                                    "size": 84,
                                                    "sizes": []
                                                },
                                                "classic_title_spacing": {
                                                    "unit": "px",
                                                    "size": 4,
                                                    "sizes": []
                                                },
                                                "pagination_page_limit": "5",
                                                "pagination_prev_label": "&laquo; Previous",
                                                "pagination_next_label": "Next &raquo;",
                                                "text": "Load More",
                                                "load_more_no_posts_custom_message": "No more posts to show",
                                                "__globals__": {
                                                    "classic_box_bg_color": "",
                                                    "classic_box_border_color": "",
                                                    "classic_title_typography_typography": "globals\/typography?id=8a0691a",
                                                    "classic_meta_color": "globals\/colors?id=cc7bf96",
                                                    "classic_meta_typography_typography": "globals\/typography?id=499599d"
                                                },
                                                "classic_columns_tablet": "1",
                                                "classic_item_ratio": {
                                                    "unit": "px",
                                                    "size": 0.8,
                                                    "sizes": []
                                                },
                                                "classic_item_ratio_tablet": {
                                                    "unit": "px",
                                                    "size": 0.8,
                                                    "sizes": []
                                                },
                                                "classic_item_ratio_mobile": {
                                                    "unit": "px",
                                                    "size": 1,
                                                    "sizes": []
                                                },
                                                "classic_image_width_mobile": {
                                                    "unit": "%",
                                                    "size": 40,
                                                    "sizes": []
                                                }
                                            },
                                            "elements": [],
                                            "isInner": false,
                                            "widgetType": "posts",
                                            "elType": "widget"
                                        }
                                    ],
                                    "isInner": true,
                                    "elType": "column"
                                }
                            ],
                            "isInner": true,
                            "elType": "section"
                        },
                        {
                            "id": "7457d6d2",
                            "settings": {
                                "gap": "no",
                                "background_background": "classic",
                                "margin": {
                                    "unit": "px",
                                    "top": "40",
                                    "right": 0,
                                    "bottom": "0",
                                    "left": 0,
                                    "isLinked": false
                                },
                                "padding": {
                                    "unit": "px",
                                    "top": "40",
                                    "right": "40",
                                    "bottom": "40",
                                    "left": "40",
                                    "isLinked": true
                                },
                                "__globals__": {
                                    "background_color": "globals\/colors?id=accent"
                                },
                                "animation": "fadeInUp"
                            },
                            "elements": [
                                {
                                    "id": "499e13ee",
                                    "settings": {
                                        "_column_size": 100,
                                        "_inline_size": null
                                    },
                                    "elements": [
                                        {
                                            "id": "554b8ae2",
                                            "settings": {
                                                "title": "Product Categories",
                                                "header_size": "h3",
                                                "align": "center",
                                                "__globals__": {
                                                    "typography_typography": "globals\/typography?id=d2be5a1"
                                                }
                                            },
                                            "elements": [],
                                            "isInner": false,
                                            "widgetType": "heading",
                                            "elType": "widget"
                                        },
                                        {
                                            "id": "7742d2a5",
                                            "settings": {
                                                "style": "dashed",
                                                "align": "center",
                                                "look": "line_icon",
                                                "text": "Divider",
                                                "icon": {
                                                    "value": "fas fa-square-full",
                                                    "library": "fa-solid"
                                                },
                                                "gap": {
                                                    "unit": "px",
                                                    "size": 28,
                                                    "sizes": []
                                                },
                                                "icon_size": {
                                                    "unit": "px",
                                                    "size": 10,
                                                    "sizes": []
                                                },
                                                "__globals__": {
                                                    "color": "globals\/colors?id=152652f",
                                                    "primary_color": "globals\/colors?id=primary"
                                                }
                                            },
                                            "elements": [],
                                            "isInner": false,
                                            "widgetType": "divider",
                                            "elType": "widget"
                                        },
                                        {
                                            "id": "c79b4ff",
                                            "settings": {
                                                "icon_list": [
                                                    {
                                                        "text": "FinTech Software",
                                                        "selected_icon": {
                                                            "value": "fas fa-chevron-right",
                                                            "library": "fa-solid"
                                                        },
                                                        "_id": "d847202",
                                                        "link": {
                                                            "url": "#",
                                                            "is_external": "",
                                                            "nofollow": "",
                                                            "custom_attributes": ""
                                                        }
                                                    },
                                                    {
                                                        "text": "Business Analytics Apps",
                                                        "selected_icon": {
                                                            "value": "fas fa-chevron-right",
                                                            "library": "fa-solid"
                                                        },
                                                        "link": {
                                                            "url": "#",
                                                            "is_external": "",
                                                            "nofollow": "",
                                                            "custom_attributes": ""
                                                        },
                                                        "_id": "3ba0a82"
                                                    },
                                                    {
                                                        "text": "Health Software",
                                                        "selected_icon": {
                                                            "value": "fas fa-chevron-right",
                                                            "library": "fa-solid"
                                                        },
                                                        "link": {
                                                            "url": "#",
                                                            "is_external": "",
                                                            "nofollow": "",
                                                            "custom_attributes": ""
                                                        },
                                                        "_id": "f364267"
                                                    },
                                                    {
                                                        "text": "Restaurant Automation",
                                                        "selected_icon": {
                                                            "value": "fas fa-chevron-right",
                                                            "library": "fa-solid"
                                                        },
                                                        "link": {
                                                            "url": "#",
                                                            "is_external": "",
                                                            "nofollow": "",
                                                            "custom_attributes": ""
                                                        },
                                                        "_id": "b820155"
                                                    }
                                                ],
                                                "space_between": {
                                                    "unit": "px",
                                                    "size": 16,
                                                    "sizes": []
                                                },
                                                "icon_size": {
                                                    "unit": "px",
                                                    "size": 12,
                                                    "sizes": []
                                                },
                                                "text_indent": {
                                                    "unit": "px",
                                                    "size": 4,
                                                    "sizes": []
                                                },
                                                "icon_self_align": "left",
                                                "icon_self_vertical_align": "center",
                                                "_margin": {
                                                    "unit": "px",
                                                    "top": "0",
                                                    "right": "0",
                                                    "bottom": "0",
                                                    "left": "0",
                                                    "isLinked": false
                                                },
                                                "__globals__": {
                                                    "icon_color": "globals\/colors?id=cc7bf96",
                                                    "icon_color_hover": "globals\/colors?id=primary",
                                                    "icon_typography_typography": "globals\/typography?id=005f9ca",
                                                    "text_color": "globals\/colors?id=text",
                                                    "text_color_hover": "globals\/colors?id=primary"
                                                }
                                            },
                                            "elements": [],
                                            "isInner": false,
                                            "widgetType": "icon-list",
                                            "elType": "widget"
                                        }
                                    ],
                                    "isInner": true,
                                    "elType": "column"
                                }
                            ],
                            "isInner": true,
                            "elType": "section"
                        },
                        {
                            "id": "7e387cee",
                            "settings": {
                                "gap": "no",
                                "background_background": "classic",
                                "margin": {
                                    "unit": "px",
                                    "top": "40",
                                    "right": 0,
                                    "bottom": "0",
                                    "left": 0,
                                    "isLinked": false
                                },
                                "padding": {
                                    "unit": "px",
                                    "top": "40",
                                    "right": "40",
                                    "bottom": "40",
                                    "left": "40",
                                    "isLinked": true
                                },
                                "__globals__": {
                                    "background_color": "globals\/colors?id=accent"
                                },
                                "animation": "zoomIn"
                            },
                            "elements": [
                                {
                                    "id": "65ebda31",
                                    "settings": {
                                        "_column_size": 100,
                                        "_inline_size": null
                                    },
                                    "elements": [
                                        {
                                            "id": "6047c6d5",
                                            "settings": {
                                                "title": "Get Free Quote",
                                                "header_size": "div",
                                                "align": "center",
                                                "__globals__": {
                                                    "typography_typography": "globals\/typography?id=d2be5a1",
                                                    "title_color": "globals\/colors?id=secondary"
                                                }
                                            },
                                            "elements": [],
                                            "isInner": false,
                                            "widgetType": "heading",
                                            "elType": "widget"
                                        },
                                        {
                                            "id": "e9ff914",
                                            "settings": {
                                                "style": "dashed",
                                                "align": "center",
                                                "look": "line_icon",
                                                "text": "Divider",
                                                "icon": {
                                                    "value": "fas fa-square-full",
                                                    "library": "fa-solid"
                                                },
                                                "gap": {
                                                    "unit": "px",
                                                    "size": 28,
                                                    "sizes": []
                                                },
                                                "icon_size": {
                                                    "unit": "px",
                                                    "size": 10,
                                                    "sizes": []
                                                },
                                                "__globals__": {
                                                    "color": "globals\/colors?id=152652f",
                                                    "primary_color": "globals\/colors?id=primary"
                                                }
                                            },
                                            "elements": [],
                                            "isInner": false,
                                            "widgetType": "divider",
                                            "elType": "widget"
                                        },
                                        {
                                            "id": "1d938406",
                                            "settings": {
                                                "form_name": "Sidebar Quote Form",
                                                "form_fields": [
                                                    {
                                                        "custom_id": "name",
                                                        "field_label": "Your Name",
                                                        "dynamic": {
                                                            "active": true
                                                        },
                                                        "_id": "03a8fa2",
                                                        "required": "true"
                                                    },
                                                    {
                                                        "custom_id": "email",
                                                        "field_type": "tel",
                                                        "required": "true",
                                                        "field_label": "Phone Number",
                                                        "_id": "067af54",
                                                        "width": "50"
                                                    },
                                                    {
                                                        "custom_id": "field_931f9d6",
                                                        "field_type": "email",
                                                        "required": "true",
                                                        "field_label": "Email Address",
                                                        "_id": "931f9d6",
                                                        "width": "50"
                                                    },
                                                    {
                                                        "custom_id": "message",
                                                        "field_type": "textarea",
                                                        "field_label": "Project Details",
                                                        "_id": "12980a2",
                                                        "required": "true",
                                                        "rows": 5
                                                    },
                                                    {
                                                        "_id": "79df4b6",
                                                        "field_type": "honeypot",
                                                        "custom_id": "field_79df4b6"
                                                    },
                                                    {
                                                        "field_type": "honeypot",
                                                        "custom_id": "field_caf9d7a",
                                                        "_id": "caf9d7a"
                                                    },
                                                    {
                                                        "field_type": "honeypot",
                                                        "custom_id": "field_6185f31",
                                                        "_id": "6185f31"
                                                    }
                                                ],
                                                "step_next_label": "Next",
                                                "step_previous_label": "Previous",
                                                "button_text": "Get Quote",
                                                "email_content": "[all-fields]",
                                                "email_content_2": "[all-fields]",
                                                "success_message": "Your submission was successful.",
                                                "error_message": "Your submission failed because of an error.",
                                                "server_message": "Your submission failed because of a server error.",
                                                "invalid_message": "Your submission failed because the form is invalid.",
                                                "required_field_message": "This field is required.",
                                                "column_gap": {
                                                    "unit": "px",
                                                    "size": 12,
                                                    "sizes": []
                                                },
                                                "row_gap": {
                                                    "unit": "px",
                                                    "size": 16,
                                                    "sizes": []
                                                },
                                                "label_spacing": {
                                                    "unit": "px",
                                                    "size": 10,
                                                    "sizes": []
                                                },
                                                "field_border_width": {
                                                    "unit": "px",
                                                    "top": "2",
                                                    "right": "2",
                                                    "bottom": "2",
                                                    "left": "2",
                                                    "isLinked": true
                                                },
                                                "button_border_border": "solid",
                                                "button_border_width": {
                                                    "unit": "px",
                                                    "top": "2",
                                                    "right": "2",
                                                    "bottom": "2",
                                                    "left": "2",
                                                    "isLinked": true
                                                },
                                                "button_text_padding": {
                                                    "unit": "px",
                                                    "top": "14",
                                                    "right": "14",
                                                    "bottom": "14",
                                                    "left": "14",
                                                    "isLinked": true
                                                },
                                                "_margin": {
                                                    "unit": "px",
                                                    "top": "0",
                                                    "right": "0",
                                                    "bottom": "0",
                                                    "left": "0",
                                                    "isLinked": false
                                                },
                                                "__globals__": {
                                                    "field_background_color": "globals\/colors?id=41e718d",
                                                    "field_text_color": "globals\/colors?id=text",
                                                    "field_typography_typography": "globals\/typography?id=text",
                                                    "field_border_color": "globals\/colors?id=152652f",
                                                    "label_color": "globals\/colors?id=cc7bf96",
                                                    "button_background_color": "globals\/colors?id=primary",
                                                    "button_text_color": "globals\/colors?id=secondary",
                                                    "button_border_color": "globals\/colors?id=primary",
                                                    "button_background_hover_color": "globals\/colors?id=f491614",
                                                    "button_hover_color": "globals\/colors?id=secondary",
                                                    "button_hover_border_color": "globals\/colors?id=primary",
                                                    "button_typography_typography": "globals\/typography?id=315709c"
                                                }
                                            },
                                            "elements": [],
                                            "isInner": false,
                                            "widgetType": "form",
                                            "elType": "widget"
                                        }
                                    ],
                                    "isInner": true,
                                    "elType": "column"
                                }
                            ],
                            "isInner": true,
                            "elType": "section"
                        }
                    ],
                    "isInner": false,
                    "elType": "column"
                }
            ],
            "isInner": false,
            "elType": "section"
        },
        {
            "id": "50037619",
            "settings": {
                "content_width": {
                    "unit": "px",
                    "size": 700,
                    "sizes": []
                },
                "gap": "no",
                "padding": {
                    "unit": "px",
                    "top": "180",
                    "right": "0",
                    "bottom": "132",
                    "left": "0",
                    "isLinked": false
                },
                "background_overlay_background": "classic",
                "background_overlay_image": {
                    "url": "https:\/\/www.xable.oxacor.com\/wp-content\/uploads\/left-quote-1.png",
                    "id": 1070,
                    "size": "",
                    "alt": "",
                    "source": "library"
                },
                "background_overlay_position": "initial",
                "background_overlay_xpos": {
                    "unit": "%",
                    "size": 50,
                    "sizes": []
                },
                "background_overlay_xpos_tablet": {
                    "unit": "%",
                    "size": 50,
                    "sizes": []
                },
                "background_overlay_xpos_mobile": {
                    "unit": "%",
                    "size": 50,
                    "sizes": []
                },
                "background_overlay_ypos": {
                    "unit": "%",
                    "size": 28,
                    "sizes": []
                },
                "background_overlay_ypos_tablet": {
                    "unit": "%",
                    "size": 28,
                    "sizes": []
                },
                "background_overlay_ypos_mobile": {
                    "unit": "%",
                    "size": 20,
                    "sizes": []
                },
                "background_overlay_repeat": "no-repeat",
                "background_overlay_opacity": {
                    "unit": "px",
                    "size": 0.12,
                    "sizes": []
                },
                "background_overlay_size_mobile": "initial",
                "background_overlay_bg_width_mobile": {
                    "unit": "%",
                    "size": 60,
                    "sizes": []
                },
                "margin": {
                    "unit": "px",
                    "top": "40",
                    "right": 0,
                    "bottom": "0",
                    "left": 0,
                    "isLinked": false
                }
            },
            "elements": [
                {
                    "id": "32848681",
                    "settings": {
                        "_column_size": 100,
                        "_inline_size": null,
                        "padding_mobile": {
                            "unit": "px",
                            "top": "0",
                            "right": "8",
                            "bottom": "0",
                            "left": "8",
                            "isLinked": false
                        }
                    },
                    "elements": [
                        {
                            "id": "e552140",
                            "settings": {
                                "slides": [
                                    {
                                        "content": "We now have a fantastic website that perfectly encapsulates the essence of our company thanks to them. Their service has exceeded all of our expectations, making us extremely happy.",
                                        "name": "Samantha Milner",
                                        "title": "Hocud PLC",
                                        "image": {
                                            "url": "https:\/\/www.xable.oxacor.com\/wp-content\/uploads\/cheerful-female-executive-in-glasses-reading-her-messages-on-mobile-phone-with-note-book-in-hands.jpg",
                                            "id": 2570,
                                            "alt": "Cheerful female executive in glasses reading her messages on mobile phone with note book in hands",
                                            "source": "library",
                                            "size": ""
                                        },
                                        "_id": "7400f22"
                                    },
                                    {
                                        "content": "Thanks to the efforts of the team, our company's website is now cutting-edge and user-friendly. Their digital marketing expertise is without a doubt deserving of praise.",
                                        "name": "Mike Johnson",
                                        "title": "DEF Technologies",
                                        "image": {
                                            "url": "https:\/\/www.xable.oxacor.com\/wp-content\/uploads\/portrait-of-handsome-pensive-businessman-in-eyeglasses-looking-away.jpg",
                                            "id": 2563,
                                            "alt": "portrait of handsome pensive businessman in eyeglasses looking away",
                                            "source": "library",
                                            "size": ""
                                        },
                                        "_id": "2710f86"
                                    },
                                    {
                                        "content": "They have a team that is not only extremely knowledgeable but also very professional and quick to respond to any inquiries. They have proven to be an outstanding digital partner for us to collaborate with.",
                                        "name": "Emma Smith",
                                        "title": "GHI Industries",
                                        "image": {
                                            "url": "https:\/\/www.xable.oxacor.com\/wp-content\/uploads\/phoning-in-cafe.jpg",
                                            "id": 2561,
                                            "alt": "",
                                            "source": "library",
                                            "size": ""
                                        },
                                        "_id": "d6d187d"
                                    }
                                ],
                                "slides_per_view": "1",
                                "slides_to_scroll": "1",
                                "width": {
                                    "unit": "%",
                                    "size": 100,
                                    "sizes": []
                                },
                                "pagination": "",
                                "speed": 800,
                                "autoplay_speed": 4000,
                                "pause_on_hover": "",
                                "pause_on_interaction": "",
                                "space_between": {
                                    "unit": "px",
                                    "size": 0,
                                    "sizes": []
                                },
                                "slide_border_size": {
                                    "unit": "px",
                                    "top": "0",
                                    "right": "0",
                                    "bottom": "0",
                                    "left": "0",
                                    "isLinked": true
                                },
                                "slide_border_radius": {
                                    "unit": "px",
                                    "size": 0,
                                    "sizes": []
                                },
                                "slide_padding": {
                                    "unit": "px",
                                    "top": "0",
                                    "right": "0",
                                    "bottom": "0",
                                    "left": "0",
                                    "isLinked": false
                                },
                                "content_gap": {
                                    "unit": "px",
                                    "size": 24,
                                    "sizes": []
                                },
                                "image_size": {
                                    "unit": "px",
                                    "size": 60,
                                    "sizes": []
                                },
                                "image_gap": {
                                    "unit": "px",
                                    "size": 20,
                                    "sizes": []
                                },
                                "image_border": "yes",
                                "image_border_width": {
                                    "unit": "px",
                                    "size": 3,
                                    "sizes": []
                                },
                                "arrows_size": {
                                    "unit": "px",
                                    "size": 24,
                                    "sizes": []
                                },
                                "__globals__": {
                                    "slide_background_color": "globals\/colors?id=f491614",
                                    "content_color": "globals\/colors?id=secondary",
                                    "content_typography_typography": "globals\/typography?id=b62a13d",
                                    "name_color": "globals\/colors?id=secondary",
                                    "name_typography_typography": "globals\/typography?id=01e3d1c",
                                    "title_color": "globals\/colors?id=text",
                                    "title_typography_typography": "globals\/typography?id=499599d",
                                    "image_border_color": "globals\/colors?id=152652f",
                                    "arrows_color": "globals\/colors?id=cc7bf96"
                                },
                                "slide_background_color": "#FFFFFF00",
                                "content_color": "#FFFFFF",
                                "name_color": "#FFFFFF",
                                "name_typography_typography": "custom",
                                "name_typography_font_family": "Be Vietnam Pro",
                                "name_typography_font_size": {
                                    "unit": "px",
                                    "size": 12,
                                    "sizes": []
                                },
                                "name_typography_font_weight": "700",
                                "name_typography_text_transform": "uppercase",
                                "name_typography_font_style": "normal",
                                "name_typography_text_decoration": "none",
                                "name_typography_line_height": {
                                    "unit": "em",
                                    "size": 1.3,
                                    "sizes": []
                                },
                                "name_typography_letter_spacing": {
                                    "unit": "px",
                                    "size": 0.2,
                                    "sizes": []
                                },
                                "name_typography_word_spacing": {
                                    "unit": "px",
                                    "size": "",
                                    "sizes": []
                                },
                                "title_color": "#FFFFFFC2",
                                "title_typography_typography": "custom",
                                "title_typography_font_family": "Be Vietnam Pro",
                                "title_typography_font_size": {
                                    "unit": "px",
                                    "size": 13,
                                    "sizes": []
                                },
                                "title_typography_font_weight": "400",
                                "title_typography_line_height": {
                                    "unit": "em",
                                    "size": 1.4,
                                    "sizes": []
                                },
                                "image_border_color": "#FFFFFF45",
                                "arrows_color": "#FFFFFF94"
                            },
                            "elements": [],
                            "isInner": false,
                            "widgetType": "testimonial-carousel",
                            "elType": "widget"
                        }
                    ],
                    "isInner": false,
                    "elType": "column"
                }
            ],
            "isInner": false,
            "elType": "section"
        },
        {
            "id": "13432fb5",
            "settings": {
                "layout": "full_width",
                "gap": "no",
                "margin": {
                    "unit": "px",
                    "top": "0",
                    "right": 0,
                    "bottom": "0",
                    "left": 0,
                    "isLinked": false
                },
                "animation": "fadeInUp"
            },
            "elements": [
                {
                    "id": "3b865553",
                    "settings": {
                        "_column_size": 100,
                        "_inline_size": null
                    },
                    "elements": [
                        {
                            "id": "28bd80d8",
                            "settings": {
                                "template_id": "1823"
                            },
                            "elements": [],
                            "isInner": false,
                            "widgetType": "template",
                            "elType": "widget"
                        }
                    ],
                    "isInner": false,
                    "elType": "column"
                }
            ],
            "isInner": false,
            "elType": "section"
        }
    ]
}