{
    "version": "0.4",
    "title": "Single Product",
    "type": "product",
    "metadata": {
        "template_type": "single-product",
        "include_in_zip": "1",
        "elementor_pro_required": "1",
        "elementor_library_type": "product",
        "elementor_pro_conditions": [
            "include\/product"
        ],
        "additional_template_information": [
            "This is a \"Product\" template for Elementor Pro.",
            "This template will display on: Products."
        ],
        "wp_page_template": "default"
    },
    "content": [
        {
            "id": "686bc21a",
            "settings": {
                "content_width": {
                    "unit": "px",
                    "size": 800,
                    "sizes": []
                },
                "gap": "no",
                "padding": {
                    "unit": "px",
                    "top": "100",
                    "right": "0",
                    "bottom": "120",
                    "left": "0",
                    "isLinked": false
                }
            },
            "elements": [
                {
                    "id": "17401d94",
                    "settings": {
                        "_column_size": 100,
                        "_inline_size": null,
                        "padding_tablet": {
                            "unit": "px",
                            "top": "0",
                            "right": "40",
                            "bottom": "0",
                            "left": "40",
                            "isLinked": false
                        },
                        "padding_mobile": {
                            "unit": "px",
                            "top": "0",
                            "right": "20",
                            "bottom": "0",
                            "left": "20",
                            "isLinked": false
                        }
                    },
                    "elements": [
                        {
                            "id": "3c26d6c4",
                            "settings": {
                                "__dynamic__": {
                                    "title": "[elementor-tag id=\"\" name=\"woocommerce-product-title-tag\" settings=\"%7B%22product_id%22%3Afalse%2C%22before%22%3A%22%22%2C%22after%22%3A%22%22%2C%22fallback%22%3A%22%22%7D\"]"
                                },
                                "title": "Add Your Heading Text Here",
                                "align": "center",
                                "__globals__": {
                                    "typography_typography": ""
                                },
                                "typography_font_family": "Be Vietnam Pro",
                                "typography_font_size": {
                                    "unit": "px",
                                    "size": 34,
                                    "sizes": []
                                },
                                "typography_font_size_tablet": {
                                    "unit": "px",
                                    "size": 30,
                                    "sizes": []
                                },
                                "typography_font_size_mobile": {
                                    "unit": "px",
                                    "size": 28,
                                    "sizes": []
                                },
                                "typography_font_weight": "800",
                                "typography_line_height": {
                                    "unit": "em",
                                    "size": 1.3,
                                    "sizes": []
                                }
                            },
                            "elements": [],
                            "isInner": false,
                            "widgetType": "woocommerce-product-title",
                            "elType": "widget"
                        }
                    ],
                    "isInner": false,
                    "elType": "column"
                }
            ],
            "isInner": false,
            "elType": "section"
        },
        {
            "id": "7f803465",
            "settings": {
                "gap": "no",
                "structure": "20",
                "padding_tablet": {
                    "unit": "px",
                    "top": "0",
                    "right": "60",
                    "bottom": "0",
                    "left": "60",
                    "isLinked": false
                },
                "padding_mobile": {
                    "unit": "px",
                    "top": "0",
                    "right": "28",
                    "bottom": "0",
                    "left": "28",
                    "isLinked": false
                }
            },
            "elements": [
                {
                    "id": "75371b87",
                    "settings": {
                        "_column_size": 50,
                        "_inline_size": 50,
                        "_inline_size_tablet": 100
                    },
                    "elements": [
                        {
                            "id": "7ae1008f",
                            "settings": {
                                "image_border_border": "none",
                                "image_border_radius": {
                                    "unit": "px",
                                    "top": "0",
                                    "right": "0",
                                    "bottom": "0",
                                    "left": "0",
                                    "isLinked": false
                                },
                                "spacing": {
                                    "unit": "px",
                                    "size": 8,
                                    "sizes": []
                                },
                                "thumbs_border_border": "none",
                                "thumbs_border_radius": {
                                    "unit": "px",
                                    "top": "0",
                                    "right": "0",
                                    "bottom": "0",
                                    "left": "0",
                                    "isLinked": false
                                },
                                "spacing_thumbs": {
                                    "unit": "px",
                                    "size": 8,
                                    "sizes": []
                                }
                            },
                            "elements": [],
                            "isInner": false,
                            "widgetType": "woocommerce-product-images",
                            "elType": "widget"
                        }
                    ],
                    "isInner": false,
                    "elType": "column"
                },
                {
                    "id": "56a17f02",
                    "settings": {
                        "_column_size": 50,
                        "_inline_size": 50,
                        "margin": {
                            "unit": "px",
                            "top": "0",
                            "right": "0",
                            "bottom": "0",
                            "left": "80",
                            "isLinked": false
                        },
                        "_inline_size_tablet": 100,
                        "margin_tablet": {
                            "unit": "px",
                            "top": "0",
                            "right": "0",
                            "bottom": "0",
                            "left": "0",
                            "isLinked": false
                        }
                    },
                    "elements": [
                        {
                            "id": "2eaf17f7",
                            "settings": {
                                "text_align": "left",
                                "_margin": {
                                    "unit": "px",
                                    "top": "0",
                                    "right": "0",
                                    "bottom": "32",
                                    "left": "0",
                                    "isLinked": false
                                },
                                "__globals__": {
                                    "text_typography_typography": "globals\/typography?id=2d4f93f",
                                    "text_color": "globals\/colors?id=text"
                                }
                            },
                            "elements": [],
                            "isInner": false,
                            "widgetType": "woocommerce-product-short-description",
                            "elType": "widget"
                        },
                        {
                            "id": "594d63be",
                            "settings": {
                                "_margin": {
                                    "unit": "px",
                                    "top": "8",
                                    "right": "0",
                                    "bottom": "0",
                                    "left": "0",
                                    "isLinked": false
                                },
                                "star_size": {
                                    "unit": "px",
                                    "size": 10,
                                    "sizes": []
                                },
                                "space_between": {
                                    "unit": "px",
                                    "size": 8,
                                    "sizes": []
                                },
                                "alignment": "left",
                                "__globals__": {
                                    "star_color": "globals\/colors?id=primary",
                                    "empty_star_color": "globals\/colors?id=text",
                                    "text_typography_typography": "globals\/typography?id=499599d",
                                    "link_color": "globals\/colors?id=text"
                                }
                            },
                            "elements": [],
                            "isInner": false,
                            "widgetType": "woocommerce-product-rating",
                            "elType": "widget"
                        },
                        {
                            "id": "1e9f4b07",
                            "settings": {
                                "text_align": "left",
                                "sale_price_spacing": {
                                    "unit": "px",
                                    "size": 12,
                                    "sizes": []
                                },
                                "__globals__": {
                                    "price_color": "globals\/colors?id=secondary",
                                    "sale_price_color": "globals\/colors?id=secondary",
                                    "typography_typography": "globals\/typography?id=62f5f26",
                                    "sale_price_typography_typography": "globals\/typography?id=62f5f26"
                                },
                                "_margin": {
                                    "unit": "px",
                                    "top": "16",
                                    "right": "0",
                                    "bottom": "24",
                                    "left": "0",
                                    "isLinked": false
                                }
                            },
                            "elements": [],
                            "isInner": false,
                            "widgetType": "woocommerce-product-price",
                            "elType": "widget"
                        },
                        {
                            "id": "30d5bed8",
                            "settings": {
                                "alignment": "justify",
                                "button_typography_typography": "custom",
                                "button_typography_font_family": "Be Vietnam Pro",
                                "button_typography_font_size": {
                                    "unit": "px",
                                    "size": 12,
                                    "sizes": []
                                },
                                "button_typography_font_weight": "700",
                                "button_typography_text_transform": "uppercase",
                                "button_typography_font_style": "normal",
                                "button_typography_text_decoration": "none",
                                "button_typography_line_height": {
                                    "unit": "em",
                                    "size": 1.3,
                                    "sizes": []
                                },
                                "button_typography_letter_spacing": {
                                    "unit": "px",
                                    "size": 0.2,
                                    "sizes": []
                                },
                                "button_typography_word_spacing": {
                                    "unit": "px",
                                    "size": "",
                                    "sizes": []
                                },
                                "button_border_border": "solid",
                                "button_border_width": {
                                    "unit": "px",
                                    "top": "1",
                                    "right": "1",
                                    "bottom": "1",
                                    "left": "1",
                                    "isLinked": true
                                },
                                "button_border_radius": {
                                    "unit": "px",
                                    "top": "0",
                                    "right": "0",
                                    "bottom": "0",
                                    "left": "0",
                                    "isLinked": false
                                },
                                "button_text_color": "#FFFFFF",
                                "button_bg_color": "#EC3737",
                                "button_border_color": "#EC3737",
                                "button_text_color_hover": "#FFFFFF",
                                "button_bg_color_hover": "#15171E",
                                "button_border_color_hover": "#EC3737",
                                "view_cart_color": "#FFFFFF94",
                                "view_cart_typography_typography": "custom",
                                "view_cart_typography_font_family": "Be Vietnam Pro",
                                "view_cart_typography_font_size": {
                                    "unit": "px",
                                    "size": 13,
                                    "sizes": []
                                },
                                "view_cart_typography_font_weight": "400",
                                "view_cart_typography_line_height": {
                                    "unit": "em",
                                    "size": 1.4,
                                    "sizes": []
                                },
                                "view_cart_spacing": {
                                    "unit": "px",
                                    "size": 12,
                                    "sizes": []
                                },
                                "spacing": {
                                    "unit": "px",
                                    "size": 16,
                                    "sizes": []
                                },
                                "quantity_typography_font_family": "Be Vietnam Pro",
                                "quantity_typography_font_size": {
                                    "unit": "px",
                                    "size": 12,
                                    "sizes": []
                                },
                                "quantity_typography_font_weight": "700",
                                "quantity_typography_text_transform": "uppercase",
                                "quantity_typography_font_style": "normal",
                                "quantity_typography_text_decoration": "none",
                                "quantity_typography_line_height": {
                                    "unit": "em",
                                    "size": 1.3,
                                    "sizes": []
                                },
                                "quantity_typography_letter_spacing": {
                                    "unit": "px",
                                    "size": 0.2,
                                    "sizes": []
                                },
                                "quantity_typography_word_spacing": {
                                    "unit": "px",
                                    "size": "",
                                    "sizes": []
                                },
                                "quantity_border_border": "solid",
                                "quantity_border_width": {
                                    "unit": "px",
                                    "top": "1",
                                    "right": "1",
                                    "bottom": "1",
                                    "left": "1",
                                    "isLinked": true
                                },
                                "quantity_border_radius": {
                                    "unit": "px",
                                    "top": "0",
                                    "right": "0",
                                    "bottom": "0",
                                    "left": "0",
                                    "isLinked": false
                                },
                                "__globals__": {
                                    "button_typography_typography": "globals\/typography?id=accent",
                                    "button_text_color": "globals\/colors?id=secondary",
                                    "button_bg_color": "globals\/colors?id=primary",
                                    "button_border_color": "globals\/colors?id=primary",
                                    "view_cart_color": "globals\/colors?id=cc7bf96",
                                    "view_cart_typography_typography": "globals\/typography?id=499599d",
                                    "button_text_color_hover": "globals\/colors?id=secondary",
                                    "button_bg_color_hover": "globals\/colors?id=accent",
                                    "button_border_color_hover": "globals\/colors?id=primary",
                                    "quantity_typography_typography": "",
                                    "quantity_bg_color": "globals\/colors?id=accent",
                                    "quantity_border_color": "globals\/colors?id=152652f",
                                    "quantity_text_color": "globals\/colors?id=secondary",
                                    "quantity_border_color_focus": "globals\/colors?id=primary",
                                    "quantity_text_color_focus": "globals\/colors?id=secondary",
                                    "quantity_bg_color_focus": "globals\/colors?id=41e718d"
                                },
                                "_margin": {
                                    "unit": "px",
                                    "top": "40",
                                    "right": "0",
                                    "bottom": "0",
                                    "left": "0",
                                    "isLinked": false
                                },
                                "button_padding": {
                                    "unit": "px",
                                    "top": "16",
                                    "right": "16",
                                    "bottom": "16",
                                    "left": "16",
                                    "isLinked": true
                                },
                                "quantity_padding": {
                                    "unit": "px",
                                    "top": "16",
                                    "right": "16",
                                    "bottom": "16",
                                    "left": "16",
                                    "isLinked": true
                                }
                            },
                            "elements": [],
                            "isInner": false,
                            "widgetType": "woocommerce-product-add-to-cart",
                            "elType": "widget"
                        },
                        {
                            "id": "1d47d8a2",
                            "settings": {
                                "view": "table",
                                "space_between": {
                                    "unit": "px",
                                    "size": 4,
                                    "sizes": []
                                },
                                "divider_style": "dotted",
                                "text_typography_typography": "custom",
                                "text_typography_font_family": "Be Vietnam Pro",
                                "text_typography_font_size": {
                                    "unit": "px",
                                    "size": 13,
                                    "sizes": []
                                },
                                "text_typography_font_weight": "400",
                                "text_typography_line_height": {
                                    "unit": "em",
                                    "size": 1.4,
                                    "sizes": []
                                },
                                "text_color": "#FFFFFF94",
                                "link_typography_typography": "custom",
                                "link_typography_font_family": "Be Vietnam Pro",
                                "link_typography_font_size": {
                                    "unit": "px",
                                    "size": 13,
                                    "sizes": []
                                },
                                "link_typography_font_weight": "400",
                                "link_typography_line_height": {
                                    "unit": "em",
                                    "size": 1.4,
                                    "sizes": []
                                },
                                "_margin": {
                                    "unit": "px",
                                    "top": "32",
                                    "right": "0",
                                    "bottom": "0",
                                    "left": "0",
                                    "isLinked": false
                                },
                                "__globals__": {
                                    "text_typography_typography": "globals\/typography?id=499599d",
                                    "link_typography_typography": "globals\/typography?id=499599d",
                                    "link_color": "",
                                    "text_color": "globals\/colors?id=cc7bf96"
                                }
                            },
                            "elements": [],
                            "isInner": false,
                            "widgetType": "woocommerce-product-meta",
                            "elType": "widget"
                        }
                    ],
                    "isInner": false,
                    "elType": "column"
                }
            ],
            "isInner": false,
            "elType": "section"
        },
        {
            "id": "4b1d86ec",
            "settings": {
                "gap": "no",
                "margin": {
                    "unit": "px",
                    "top": "60",
                    "right": 0,
                    "bottom": "0",
                    "left": 0,
                    "isLinked": false
                },
                "content_width": {
                    "unit": "px",
                    "size": 980,
                    "sizes": []
                },
                "padding_tablet": {
                    "unit": "px",
                    "top": "0",
                    "right": "60",
                    "bottom": "0",
                    "left": "60",
                    "isLinked": false
                },
                "padding_mobile": {
                    "unit": "px",
                    "top": "0",
                    "right": "12",
                    "bottom": "0",
                    "left": "12",
                    "isLinked": false
                }
            },
            "elements": [
                {
                    "id": "124213fe",
                    "settings": {
                        "_column_size": 100,
                        "_inline_size": null,
                        "border_border": "solid",
                        "border_width": {
                            "unit": "px",
                            "top": "1",
                            "right": "1",
                            "bottom": "1",
                            "left": "1",
                            "isLinked": true
                        },
                        "margin": {
                            "unit": "px",
                            "top": "0",
                            "right": "0",
                            "bottom": "0",
                            "left": "0",
                            "isLinked": false
                        },
                        "padding": {
                            "unit": "px",
                            "top": "48",
                            "right": "48",
                            "bottom": "48",
                            "left": "48",
                            "isLinked": true
                        },
                        "__globals__": {
                            "border_color": "globals\/colors?id=152652f"
                        },
                        "padding_mobile": {
                            "unit": "px",
                            "top": "40",
                            "right": "16",
                            "bottom": "40",
                            "left": "16",
                            "isLinked": false
                        }
                    },
                    "elements": [
                        {
                            "id": "19db9165",
                            "settings": {
                                "tab_text_color": "#FFFFFF94",
                                "tab_bg_color": "#15171E",
                                "tabs_border_color": "#FFFFFF00",
                                "active_tab_text_color": "#FFFFFF",
                                "active_tab_bg_color": "#020205",
                                "tab_typography_typography": "custom",
                                "tab_typography_font_family": "Be Vietnam Pro",
                                "tab_typography_font_size": {
                                    "unit": "px",
                                    "size": 12,
                                    "sizes": []
                                },
                                "tab_typography_font_weight": "700",
                                "tab_typography_text_transform": "uppercase",
                                "tab_typography_font_style": "normal",
                                "tab_typography_text_decoration": "none",
                                "tab_typography_line_height": {
                                    "unit": "em",
                                    "size": 1.3,
                                    "sizes": []
                                },
                                "tab_typography_letter_spacing": {
                                    "unit": "px",
                                    "size": 0.2,
                                    "sizes": []
                                },
                                "tab_typography_word_spacing": {
                                    "unit": "px",
                                    "size": "",
                                    "sizes": []
                                },
                                "tab_border_radius": {
                                    "unit": "px",
                                    "size": 0,
                                    "sizes": []
                                },
                                "content_typography_font_family": "Be Vietnam Pro",
                                "content_typography_font_size": {
                                    "unit": "px",
                                    "size": 15,
                                    "sizes": []
                                },
                                "content_typography_font_weight": "400",
                                "content_typography_line_height": {
                                    "unit": "em",
                                    "size": 1.6,
                                    "sizes": []
                                },
                                "panel_border_width": {
                                    "unit": "px",
                                    "top": "0",
                                    "right": "0",
                                    "bottom": "0",
                                    "left": "0",
                                    "isLinked": true
                                },
                                "panel_border_radius": {
                                    "unit": "px",
                                    "top": "0",
                                    "right": "0",
                                    "bottom": "0",
                                    "left": "0",
                                    "isLinked": false
                                },
                                "__globals__": {
                                    "tab_bg_color": "globals\/colors?id=accent",
                                    "tabs_border_color": "globals\/colors?id=f491614",
                                    "active_tab_bg_color": "globals\/colors?id=41e718d",
                                    "tab_text_color": "globals\/colors?id=cc7bf96",
                                    "active_tab_text_color": "globals\/colors?id=secondary",
                                    "tab_typography_typography": "globals\/typography?id=accent",
                                    "content_typography_typography": "",
                                    "text_color": "",
                                    "heading_color": "globals\/colors?id=secondary",
                                    "content_heading_typography_typography": "globals\/typography?id=62f5f26"
                                },
                                "panel_box_shadow_box_shadow_type": "yes",
                                "panel_box_shadow_box_shadow": {
                                    "horizontal": 0,
                                    "vertical": 0,
                                    "blur": 10,
                                    "spread": 0,
                                    "color": ""
                                }
                            },
                            "elements": [],
                            "isInner": false,
                            "widgetType": "woocommerce-product-data-tabs",
                            "elType": "widget"
                        },
                        {
                            "id": "6c16bbff",
                            "settings": {
                                "share_buttons": [
                                    {
                                        "_id": "bd8f5ac"
                                    },
                                    {
                                        "button": "twitter",
                                        "_id": "389fceb"
                                    },
                                    {
                                        "button": "linkedin",
                                        "_id": "0919cd1"
                                    },
                                    {
                                        "_id": "622d40a",
                                        "button": "whatsapp"
                                    }
                                ],
                                "columns": "4",
                                "alignment": "center",
                                "_margin": {
                                    "unit": "px",
                                    "top": "40",
                                    "right": "0",
                                    "bottom": "0",
                                    "left": "0",
                                    "isLinked": false
                                },
                                "columns_mobile": "2",
                                "_animation": "fadeInUp"
                            },
                            "elements": [],
                            "isInner": false,
                            "widgetType": "share-buttons",
                            "elType": "widget"
                        }
                    ],
                    "isInner": false,
                    "elType": "column"
                }
            ],
            "isInner": false,
            "elType": "section"
        },
        {
            "id": "1245fbc9",
            "settings": {
                "gap": "no",
                "margin": {
                    "unit": "px",
                    "top": "100",
                    "right": 0,
                    "bottom": "0",
                    "left": 0,
                    "isLinked": false
                },
                "padding_tablet": {
                    "unit": "px",
                    "top": "0",
                    "right": "60",
                    "bottom": "0",
                    "left": "60",
                    "isLinked": false
                },
                "padding_mobile": {
                    "unit": "px",
                    "top": "0",
                    "right": "28",
                    "bottom": "0",
                    "left": "28",
                    "isLinked": false
                },
                "animation": "fadeInUp"
            },
            "elements": [
                {
                    "id": "50868920",
                    "settings": {
                        "_column_size": 100,
                        "_inline_size": null
                    },
                    "elements": [
                        {
                            "id": "b021ee4",
                            "settings": {
                                "row_gap": {
                                    "unit": "px",
                                    "size": 24,
                                    "sizes": []
                                },
                                "align": "center",
                                "image_spacing": {
                                    "unit": "px",
                                    "size": 20,
                                    "sizes": []
                                },
                                "title_spacing": {
                                    "unit": "px",
                                    "size": 2,
                                    "sizes": []
                                },
                                "button_border_border": "solid",
                                "button_border_width": {
                                    "unit": "px",
                                    "top": "1",
                                    "right": "1",
                                    "bottom": "1",
                                    "left": "1",
                                    "isLinked": true
                                },
                                "button_border_radius": {
                                    "unit": "px",
                                    "top": "0",
                                    "right": "0",
                                    "bottom": "0",
                                    "left": "0",
                                    "isLinked": false
                                },
                                "button_spacing": {
                                    "unit": "px",
                                    "size": 12,
                                    "sizes": []
                                },
                                "automatically_align_buttons": "yes",
                                "view_cart_spacing": {
                                    "unit": "px",
                                    "size": 8,
                                    "sizes": []
                                },
                                "heading_text_align": "center",
                                "heading_spacing": {
                                    "unit": "px",
                                    "size": 40,
                                    "sizes": []
                                },
                                "box_padding": {
                                    "unit": "px",
                                    "top": "8",
                                    "right": "8",
                                    "bottom": "24",
                                    "left": "8",
                                    "isLinked": false
                                },
                                "onsale_border_radius": {
                                    "unit": "px",
                                    "size": 0,
                                    "sizes": []
                                },
                                "onsale_width": {
                                    "unit": "px",
                                    "size": 60,
                                    "sizes": []
                                },
                                "onsale_height": {
                                    "unit": "px",
                                    "size": 24,
                                    "sizes": []
                                },
                                "onsale_horizontal_position": "left",
                                "onsale_distance": {
                                    "unit": "px",
                                    "size": 8,
                                    "sizes": []
                                },
                                "__globals__": {
                                    "heading_typography_typography": "globals\/typography?id=secondary",
                                    "box_bg_color": "globals\/colors?id=accent",
                                    "onsale_text_color": "globals\/colors?id=secondary",
                                    "onsale_text_background_color": "globals\/colors?id=primary",
                                    "title_color": "globals\/colors?id=text",
                                    "title_typography_typography": "globals\/typography?id=5e57db5",
                                    "old_price_typography_typography": "globals\/typography?id=8a0691a",
                                    "old_price_color": "globals\/colors?id=secondary",
                                    "price_typography_typography": "globals\/typography?id=5e57db5",
                                    "price_color": "globals\/colors?id=secondary",
                                    "button_text_color": "globals\/colors?id=secondary",
                                    "button_background_color": "globals\/colors?id=primary",
                                    "button_border_color": "globals\/colors?id=primary",
                                    "button_typography_typography": "globals\/typography?id=accent",
                                    "button_hover_color": "globals\/colors?id=secondary",
                                    "button_hover_background_color": "globals\/colors?id=41e718d",
                                    "button_hover_border_color": "globals\/colors?id=primary",
                                    "view_cart_color": "globals\/colors?id=cc7bf96",
                                    "view_cart_typography_typography": "globals\/typography?id=499599d",
                                    "star_color": "globals\/colors?id=primary",
                                    "empty_star_color": "globals\/colors?id=text"
                                },
                                "star_size": {
                                    "unit": "px",
                                    "size": 10,
                                    "sizes": []
                                },
                                "rating_spacing": {
                                    "unit": "px",
                                    "size": 10,
                                    "sizes": []
                                },
                                "columns_tablet": 2,
                                "columns_mobile": 1,
                                "column_gap_tablet": {
                                    "unit": "px",
                                    "size": 28,
                                    "sizes": []
                                },
                                "row_gap_tablet": {
                                    "unit": "px",
                                    "size": 28,
                                    "sizes": []
                                }
                            },
                            "elements": [],
                            "isInner": false,
                            "widgetType": "woocommerce-product-related",
                            "elType": "widget"
                        }
                    ],
                    "isInner": false,
                    "elType": "column"
                }
            ],
            "isInner": false,
            "elType": "section"
        },
        {
            "id": "6547c162",
            "settings": {
                "content_width": {
                    "unit": "px",
                    "size": 700,
                    "sizes": []
                },
                "gap": "no",
                "padding": {
                    "unit": "px",
                    "top": "180",
                    "right": "0",
                    "bottom": "132",
                    "left": "0",
                    "isLinked": false
                },
                "background_overlay_background": "classic",
                "background_overlay_image": {
                    "url": "https:\/\/www.xable.oxacor.com\/wp-content\/uploads\/left-quote-1.png",
                    "id": 1070,
                    "size": "",
                    "alt": "",
                    "source": "library"
                },
                "background_overlay_position": "initial",
                "background_overlay_xpos": {
                    "unit": "%",
                    "size": 50,
                    "sizes": []
                },
                "background_overlay_xpos_tablet": {
                    "unit": "%",
                    "size": 50,
                    "sizes": []
                },
                "background_overlay_xpos_mobile": {
                    "unit": "%",
                    "size": 50,
                    "sizes": []
                },
                "background_overlay_ypos": {
                    "unit": "%",
                    "size": 28,
                    "sizes": []
                },
                "background_overlay_ypos_tablet": {
                    "unit": "%",
                    "size": 28,
                    "sizes": []
                },
                "background_overlay_ypos_mobile": {
                    "unit": "%",
                    "size": 20,
                    "sizes": []
                },
                "background_overlay_repeat": "no-repeat",
                "background_overlay_opacity": {
                    "unit": "px",
                    "size": 0.12,
                    "sizes": []
                },
                "background_overlay_size_mobile": "initial",
                "background_overlay_bg_width_mobile": {
                    "unit": "%",
                    "size": 60,
                    "sizes": []
                },
                "margin": {
                    "unit": "px",
                    "top": "40",
                    "right": 0,
                    "bottom": "0",
                    "left": 0,
                    "isLinked": false
                }
            },
            "elements": [
                {
                    "id": "4880080c",
                    "settings": {
                        "_column_size": 100,
                        "_inline_size": null,
                        "padding_mobile": {
                            "unit": "px",
                            "top": "0",
                            "right": "8",
                            "bottom": "0",
                            "left": "8",
                            "isLinked": false
                        }
                    },
                    "elements": [
                        {
                            "id": "330e51b9",
                            "settings": {
                                "slides": [
                                    {
                                        "content": "We now have a fantastic website that perfectly encapsulates the essence of our company thanks to them. Their service has exceeded all of our expectations, making us extremely happy.",
                                        "name": "Samantha Milner",
                                        "title": "Hocud PLC",
                                        "image": {
                                            "url": "https:\/\/www.xable.oxacor.com\/wp-content\/uploads\/cheerful-female-executive-in-glasses-reading-her-messages-on-mobile-phone-with-note-book-in-hands.jpg",
                                            "id": 2570,
                                            "alt": "Cheerful female executive in glasses reading her messages on mobile phone with note book in hands",
                                            "source": "library",
                                            "size": ""
                                        },
                                        "_id": "7400f22"
                                    },
                                    {
                                        "content": "Thanks to the efforts of the team, our company's website is now cutting-edge and user-friendly. Their digital marketing expertise is without a doubt deserving of praise.",
                                        "name": "Mike Johnson",
                                        "title": "DEF Technologies",
                                        "image": {
                                            "url": "https:\/\/www.xable.oxacor.com\/wp-content\/uploads\/portrait-of-handsome-pensive-businessman-in-eyeglasses-looking-away.jpg",
                                            "id": 2563,
                                            "alt": "portrait of handsome pensive businessman in eyeglasses looking away",
                                            "source": "library",
                                            "size": ""
                                        },
                                        "_id": "2710f86"
                                    },
                                    {
                                        "content": "They have a team that is not only extremely knowledgeable but also very professional and quick to respond to any inquiries. They have proven to be an outstanding digital partner for us to collaborate with.",
                                        "name": "Emma Smith",
                                        "title": "GHI Industries",
                                        "image": {
                                            "url": "https:\/\/www.xable.oxacor.com\/wp-content\/uploads\/phoning-in-cafe.jpg",
                                            "id": 2561,
                                            "alt": "",
                                            "source": "library",
                                            "size": ""
                                        },
                                        "_id": "d6d187d"
                                    }
                                ],
                                "slides_per_view": "1",
                                "slides_to_scroll": "1",
                                "width": {
                                    "unit": "%",
                                    "size": 100,
                                    "sizes": []
                                },
                                "pagination": "",
                                "speed": 800,
                                "autoplay_speed": 4000,
                                "pause_on_hover": "",
                                "pause_on_interaction": "",
                                "space_between": {
                                    "unit": "px",
                                    "size": 0,
                                    "sizes": []
                                },
                                "slide_border_size": {
                                    "unit": "px",
                                    "top": "0",
                                    "right": "0",
                                    "bottom": "0",
                                    "left": "0",
                                    "isLinked": true
                                },
                                "slide_border_radius": {
                                    "unit": "px",
                                    "size": 0,
                                    "sizes": []
                                },
                                "slide_padding": {
                                    "unit": "px",
                                    "top": "0",
                                    "right": "0",
                                    "bottom": "0",
                                    "left": "0",
                                    "isLinked": false
                                },
                                "content_gap": {
                                    "unit": "px",
                                    "size": 24,
                                    "sizes": []
                                },
                                "image_size": {
                                    "unit": "px",
                                    "size": 60,
                                    "sizes": []
                                },
                                "image_gap": {
                                    "unit": "px",
                                    "size": 20,
                                    "sizes": []
                                },
                                "image_border": "yes",
                                "image_border_width": {
                                    "unit": "px",
                                    "size": 3,
                                    "sizes": []
                                },
                                "arrows_size": {
                                    "unit": "px",
                                    "size": 24,
                                    "sizes": []
                                },
                                "__globals__": {
                                    "slide_background_color": "globals\/colors?id=f491614",
                                    "content_color": "globals\/colors?id=secondary",
                                    "content_typography_typography": "globals\/typography?id=b62a13d",
                                    "name_color": "globals\/colors?id=secondary",
                                    "name_typography_typography": "globals\/typography?id=01e3d1c",
                                    "title_color": "globals\/colors?id=text",
                                    "title_typography_typography": "globals\/typography?id=499599d",
                                    "image_border_color": "globals\/colors?id=152652f",
                                    "arrows_color": "globals\/colors?id=cc7bf96"
                                },
                                "slide_background_color": "#FFFFFF00",
                                "content_color": "#FFFFFF",
                                "name_color": "#FFFFFF",
                                "name_typography_typography": "custom",
                                "name_typography_font_family": "Be Vietnam Pro",
                                "name_typography_font_size": {
                                    "unit": "px",
                                    "size": 12,
                                    "sizes": []
                                },
                                "name_typography_font_weight": "700",
                                "name_typography_text_transform": "uppercase",
                                "name_typography_font_style": "normal",
                                "name_typography_text_decoration": "none",
                                "name_typography_line_height": {
                                    "unit": "em",
                                    "size": 1.3,
                                    "sizes": []
                                },
                                "name_typography_letter_spacing": {
                                    "unit": "px",
                                    "size": 0.2,
                                    "sizes": []
                                },
                                "name_typography_word_spacing": {
                                    "unit": "px",
                                    "size": "",
                                    "sizes": []
                                },
                                "title_color": "#FFFFFFC2",
                                "title_typography_typography": "custom",
                                "title_typography_font_family": "Be Vietnam Pro",
                                "title_typography_font_size": {
                                    "unit": "px",
                                    "size": 13,
                                    "sizes": []
                                },
                                "title_typography_font_weight": "400",
                                "title_typography_line_height": {
                                    "unit": "em",
                                    "size": 1.4,
                                    "sizes": []
                                },
                                "image_border_color": "#FFFFFF45",
                                "arrows_color": "#FFFFFF94"
                            },
                            "elements": [],
                            "isInner": false,
                            "widgetType": "testimonial-carousel",
                            "elType": "widget"
                        }
                    ],
                    "isInner": false,
                    "elType": "column"
                }
            ],
            "isInner": false,
            "elType": "section"
        },
        {
            "id": "6060dfa9",
            "settings": {
                "layout": "full_width",
                "gap": "no",
                "margin": {
                    "unit": "px",
                    "top": "0",
                    "right": 0,
                    "bottom": "0",
                    "left": 0,
                    "isLinked": false
                },
                "animation": "fadeInUp"
            },
            "elements": [
                {
                    "id": "7153c3d3",
                    "settings": {
                        "_column_size": 100,
                        "_inline_size": null
                    },
                    "elements": [
                        {
                            "id": "2cdaa40f",
                            "settings": {
                                "template_id": "1823"
                            },
                            "elements": [],
                            "isInner": false,
                            "widgetType": "template",
                            "elType": "widget"
                        }
                    ],
                    "isInner": false,
                    "elType": "column"
                }
            ],
            "isInner": false,
            "elType": "section"
        }
    ],
    "page_settings": {
        "page_template": "elementor_header_footer"
    }
}