{
    "version": "0.4",
    "title": "Single Portfolio 3",
    "type": "page",
    "metadata": {
        "template_type": "single-page",
        "include_in_zip": "1",
        "elementor_pro_required": "1",
        "wp_page_template": "elementor_header_footer"
    },
    "content": [
        {
            "id": "2bb7e2b2",
            "settings": {
                "gap": "no",
                "custom_height": {
                    "unit": "vh",
                    "size": 100,
                    "sizes": []
                },
                "custom_height_tablet": {
                    "unit": "vh",
                    "size": "",
                    "sizes": []
                },
                "content_position": "middle",
                "background_background": "classic",
                "background_image": {
                    "url": "https:\/\/www.xable.oxacor.com\/wp-content\/uploads\/brainstorming-business-vision-teamwork-casual-concept-1.jpg",
                    "id": 1262,
                    "size": "",
                    "alt": "Brainstorming Business Vision Teamwork Casual Concept",
                    "source": "library"
                },
                "background_position": "center center",
                "background_attachment": "fixed",
                "background_repeat": "no-repeat",
                "background_size": "cover",
                "background_overlay_background": "classic",
                "background_overlay_opacity": {
                    "unit": "px",
                    "size": 0.72,
                    "sizes": []
                },
                "overlay_blend_mode": "multiply",
                "margin": {
                    "unit": "px",
                    "top": "-124",
                    "right": 0,
                    "bottom": "0",
                    "left": 0,
                    "isLinked": false
                },
                "margin_tablet": {
                    "unit": "px",
                    "top": "",
                    "right": 0,
                    "bottom": "",
                    "left": 0,
                    "isLinked": true
                },
                "margin_mobile": {
                    "unit": "px",
                    "top": "-90",
                    "right": 0,
                    "bottom": "0",
                    "left": 0,
                    "isLinked": false
                },
                "padding": {
                    "unit": "px",
                    "top": "248",
                    "right": "0",
                    "bottom": "160",
                    "left": "0",
                    "isLinked": false
                },
                "__globals__": {
                    "background_overlay_color": "globals\/colors?id=41e718d"
                },
                "padding_mobile": {
                    "unit": "px",
                    "top": "180",
                    "right": "0",
                    "bottom": "120",
                    "left": "0",
                    "isLinked": false
                },
                "content_width": {
                    "unit": "px",
                    "size": 700,
                    "sizes": []
                }
            },
            "elements": [
                {
                    "id": "1dff63ae",
                    "settings": {
                        "_column_size": 100,
                        "_inline_size": null,
                        "align": "center",
                        "margin_mobile": {
                            "unit": "px",
                            "top": "0",
                            "right": "0",
                            "bottom": "0",
                            "left": "0",
                            "isLinked": false
                        },
                        "padding_mobile": {
                            "unit": "px",
                            "top": "0",
                            "right": "20",
                            "bottom": "0",
                            "left": "20",
                            "isLinked": false
                        },
                        "padding_tablet": {
                            "unit": "px",
                            "top": "0",
                            "right": "28",
                            "bottom": "0",
                            "left": "28",
                            "isLinked": false
                        }
                    },
                    "elements": [
                        {
                            "id": "2291df82",
                            "settings": {
                                "view": "inline",
                                "icon_list": [
                                    {
                                        "text": "Website Project",
                                        "selected_icon": {
                                            "value": "fas fa-circle-notch",
                                            "library": "fa-solid"
                                        },
                                        "_id": "90e9d07"
                                    }
                                ],
                                "space_between": {
                                    "unit": "px",
                                    "size": 0,
                                    "sizes": []
                                },
                                "icon_align": "center",
                                "icon_color": "#ED1C25",
                                "icon_size": {
                                    "unit": "px",
                                    "size": 16,
                                    "sizes": []
                                },
                                "text_color": "#FFFFFF",
                                "text_indent": {
                                    "unit": "px",
                                    "size": 4,
                                    "sizes": []
                                },
                                "_margin": {
                                    "unit": "px",
                                    "top": "0",
                                    "right": "0",
                                    "bottom": "32",
                                    "left": "0",
                                    "isLinked": false
                                },
                                "__globals__": {
                                    "icon_color": "globals\/colors?id=primary",
                                    "icon_typography_typography": "globals\/typography?id=315709c",
                                    "text_color": "globals\/colors?id=secondary"
                                },
                                "space_between_mobile": {
                                    "unit": "px",
                                    "size": 24,
                                    "sizes": []
                                }
                            },
                            "elements": [],
                            "isInner": false,
                            "widgetType": "icon-list",
                            "elType": "widget"
                        },
                        {
                            "id": "7f5e678f",
                            "settings": {
                                "title": "PixelSnap Web Design",
                                "header_size": "h1",
                                "align": "center"
                            },
                            "elements": [],
                            "isInner": false,
                            "widgetType": "heading",
                            "elType": "widget"
                        }
                    ],
                    "isInner": false,
                    "elType": "column"
                }
            ],
            "isInner": false,
            "elType": "section"
        },
        {
            "id": "12b2ebcd",
            "settings": {
                "gap": "no",
                "structure": "20",
                "margin": {
                    "unit": "px",
                    "top": "140",
                    "right": 0,
                    "bottom": "0",
                    "left": 0,
                    "isLinked": false
                },
                "margin_mobile": {
                    "unit": "px",
                    "top": "120",
                    "right": 0,
                    "bottom": "0",
                    "left": 0,
                    "isLinked": false
                },
                "padding_tablet": {
                    "unit": "px",
                    "top": "0",
                    "right": "60",
                    "bottom": "0",
                    "left": "60",
                    "isLinked": false
                },
                "padding_mobile": {
                    "unit": "px",
                    "top": "0",
                    "right": "28",
                    "bottom": "0",
                    "left": "28",
                    "isLinked": false
                }
            },
            "elements": [
                {
                    "id": "e4d522c",
                    "settings": {
                        "_column_size": 50,
                        "_inline_size": 38,
                        "margin": {
                            "unit": "px",
                            "top": "0",
                            "right": "100",
                            "bottom": "0",
                            "left": "0",
                            "isLinked": false
                        },
                        "_inline_size_tablet": 100,
                        "margin_tablet": {
                            "unit": "px",
                            "top": "0",
                            "right": "0",
                            "bottom": "0",
                            "left": "0",
                            "isLinked": false
                        }
                    },
                    "elements": [
                        {
                            "id": "6d63eefc",
                            "settings": {
                                "title": "We created a high-performing website and an easy-to-use mobile app that effectively positioned PixelSnap as a leader in their field.",
                                "header_size": "h3",
                                "_margin": {
                                    "unit": "px",
                                    "top": "0",
                                    "right": "0",
                                    "bottom": "48",
                                    "left": "0",
                                    "isLinked": false
                                },
                                "_animation": "fadeInDown"
                            },
                            "elements": [],
                            "isInner": false,
                            "widgetType": "heading",
                            "elType": "widget"
                        },
                        {
                            "id": "129d2537",
                            "settings": {
                                "editor": "<p>The PixelSnap project was a comprehensive venture that incorporated our expertise in website design. Our approach combined cutting-edge design with robust eCommerce functionality. We delivered a high-performing website and a user-friendly mobile application that effectively positioned PixelSnap as a trailblazer in their field.<\/p><p>By focusing on creating a strong digital journey, we not only helped PixelSnap extend their reach but also enhance their customer engagement and satisfaction levels.<\/p><p>\u00a0<\/p>",
                                "_margin": {
                                    "unit": "px",
                                    "top": "0",
                                    "right": "0",
                                    "bottom": "40",
                                    "left": "0",
                                    "isLinked": false
                                }
                            },
                            "elements": [],
                            "isInner": false,
                            "widgetType": "text-editor",
                            "elType": "widget"
                        },
                        {
                            "id": "67383973",
                            "settings": {
                                "icon_list": [
                                    {
                                        "text": "PixelSnap Inc.",
                                        "selected_icon": {
                                            "value": "fas fa-user-alt",
                                            "library": "fa-solid"
                                        },
                                        "_id": "6cf13bd"
                                    },
                                    {
                                        "text": "San Diego, CA",
                                        "selected_icon": {
                                            "value": "fas fa-map-marker-alt",
                                            "library": "fa-solid"
                                        },
                                        "_id": "7569525"
                                    },
                                    {
                                        "text": "March 2022",
                                        "selected_icon": {
                                            "value": "far fa-calendar-check",
                                            "library": "fa-regular"
                                        },
                                        "_id": "ab2f816"
                                    }
                                ],
                                "space_between": {
                                    "unit": "px",
                                    "size": 40,
                                    "sizes": []
                                },
                                "divider": "yes",
                                "divider_style": "dashed",
                                "icon_size": {
                                    "unit": "px",
                                    "size": 20,
                                    "sizes": []
                                },
                                "text_indent": {
                                    "unit": "px",
                                    "size": 4,
                                    "sizes": []
                                },
                                "__globals__": {
                                    "icon_color": "globals\/colors?id=primary",
                                    "divider_color": "globals\/colors?id=152652f",
                                    "icon_typography_typography": "globals\/typography?id=accent"
                                },
                                "icon_self_align": "left",
                                "icon_self_vertical_align": "center",
                                "_animation": "fadeInUp"
                            },
                            "elements": [],
                            "isInner": false,
                            "widgetType": "icon-list",
                            "elType": "widget"
                        },
                        {
                            "id": "3f9bcefa",
                            "settings": {
                                "text": "View Project",
                                "selected_icon": {
                                    "value": "fas fa-chevron-right",
                                    "library": "fa-solid"
                                },
                                "icon_align": "right",
                                "icon_indent": {
                                    "unit": "px",
                                    "size": 12,
                                    "sizes": []
                                },
                                "_margin": {
                                    "unit": "px",
                                    "top": "48",
                                    "right": "0",
                                    "bottom": "0",
                                    "left": "0",
                                    "isLinked": false
                                },
                                "_element_vertical_align": "center",
                                "_transform_translateY_effect": {
                                    "unit": "px",
                                    "size": -4,
                                    "sizes": []
                                },
                                "_transform_translate_popover_hover": "transform",
                                "_transform_translateY_effect_hover": {
                                    "unit": "px",
                                    "size": -4,
                                    "sizes": []
                                },
                                "align_mobile": "left",
                                "_element_width_mobile": "inherit",
                                "_animation": "fadeInUp",
                                "animation_duration": "slow"
                            },
                            "elements": [],
                            "isInner": false,
                            "widgetType": "button",
                            "elType": "widget"
                        }
                    ],
                    "isInner": false,
                    "elType": "column"
                },
                {
                    "id": "29a9cac5",
                    "settings": {
                        "_column_size": 50,
                        "_inline_size": 62,
                        "_inline_size_tablet": 100,
                        "margin_tablet": {
                            "unit": "px",
                            "top": "120",
                            "right": "0",
                            "bottom": "0",
                            "left": "0",
                            "isLinked": false
                        },
                        "margin_mobile": {
                            "unit": "px",
                            "top": "80",
                            "right": "0",
                            "bottom": "0",
                            "left": "0",
                            "isLinked": false
                        }
                    },
                    "elements": [
                        {
                            "id": "5b89b644",
                            "settings": {
                                "gallery": [
                                    {
                                        "id": 1108,
                                        "url": "https:\/\/www.xable.oxacor.com\/wp-content\/uploads\/vr-virtual-reality-glasses-on-a-black-table.jpg"
                                    },
                                    {
                                        "id": 1212,
                                        "url": "https:\/\/www.xable.oxacor.com\/wp-content\/uploads\/overhead-flat-lay-shot-of-wireless-digital-technology-gadgets.jpg"
                                    },
                                    {
                                        "id": 1117,
                                        "url": "https:\/\/www.xable.oxacor.com\/wp-content\/uploads\/330-ml-black-coffee-paper-cup-with-blurred-background-3d-rendering-illustration.jpg"
                                    },
                                    {
                                        "id": 1124,
                                        "url": "https:\/\/www.xable.oxacor.com\/wp-content\/uploads\/black-luxury-take-away-paper-cups-set-mirrored-2.jpg"
                                    },
                                    {
                                        "id": 1204,
                                        "url": "https:\/\/www.xable.oxacor.com\/wp-content\/uploads\/engineer-or-technician-examining-a-computer-processor-in-red-and-cyan-abstract-colors-close-up-.jpg"
                                    },
                                    {
                                        "id": 1106,
                                        "url": "https:\/\/www.xable.oxacor.com\/wp-content\/uploads\/vertical-closeup-of-wireless-bluetooth-earphones-on-a-dark-background-e1679181889774.jpg"
                                    },
                                    {
                                        "id": 1113,
                                        "url": "https:\/\/www.xable.oxacor.com\/wp-content\/uploads\/film-reels-in-containers-called-pizzas.jpg"
                                    },
                                    {
                                        "id": 1094,
                                        "url": "https:\/\/www.xable.oxacor.com\/wp-content\/uploads\/blank-black-sim-smart-card-on-black-background-mock-up-.jpg"
                                    }
                                ],
                                "galleries": [
                                    {
                                        "gallery_title": "New Gallery",
                                        "_id": "58d666b"
                                    }
                                ],
                                "gallery_layout": "masonry",
                                "columns": 2,
                                "gap": {
                                    "unit": "px",
                                    "size": 12,
                                    "sizes": []
                                },
                                "thumbnail_image_size": "medium_large",
                                "show_all_galleries_label": "All",
                                "overlay_background": "",
                                "image_border_width": {
                                    "unit": "px",
                                    "size": 2,
                                    "sizes": []
                                },
                                "image_hover_animation": "grow",
                                "__globals__": {
                                    "image_border_color": "globals\/colors?id=152652f"
                                },
                                "columns_mobile": 2,
                                "gap_tablet": {
                                    "unit": "px",
                                    "size": 12,
                                    "sizes": []
                                },
                                "gap_mobile": {
                                    "unit": "px",
                                    "size": 8,
                                    "sizes": []
                                }
                            },
                            "elements": [],
                            "isInner": false,
                            "widgetType": "gallery",
                            "elType": "widget"
                        }
                    ],
                    "isInner": false,
                    "elType": "column"
                }
            ],
            "isInner": false,
            "elType": "section"
        },
        {
            "id": "21fd3aa7",
            "settings": {
                "gap": "no",
                "margin": {
                    "unit": "px",
                    "top": "70",
                    "right": 0,
                    "bottom": "0",
                    "left": 0,
                    "isLinked": false
                },
                "padding_mobile": {
                    "unit": "px",
                    "top": "0",
                    "right": "20",
                    "bottom": "0",
                    "left": "20",
                    "isLinked": false
                },
                "animation": "fadeInUp",
                "animation_duration": "slow"
            },
            "elements": [
                {
                    "id": "2ceb95d0",
                    "settings": {
                        "_column_size": 100,
                        "_inline_size": null
                    },
                    "elements": [
                        {
                            "id": "459dec71",
                            "settings": {
                                "title": "Share This Project",
                                "header_size": "div",
                                "align": "center",
                                "__globals__": {
                                    "typography_typography": "globals\/typography?id=315709c",
                                    "title_color": "globals\/colors?id=cc7bf96"
                                }
                            },
                            "elements": [],
                            "isInner": false,
                            "widgetType": "heading",
                            "elType": "widget"
                        },
                        {
                            "id": "1aa2b5de",
                            "settings": {
                                "share_buttons": [
                                    {
                                        "_id": "a1a055a"
                                    },
                                    {
                                        "button": "linkedin",
                                        "_id": "163dd8a"
                                    },
                                    {
                                        "_id": "1f336dd",
                                        "button": "pinterest"
                                    },
                                    {
                                        "button": "twitter",
                                        "_id": "e3db2f3"
                                    },
                                    {
                                        "button": "whatsapp",
                                        "_id": "5b65c0a"
                                    },
                                    {
                                        "button": "email",
                                        "_id": "841d758"
                                    }
                                ],
                                "view": "icon",
                                "skin": "flat",
                                "alignment": "center",
                                "column_gap": {
                                    "unit": "px",
                                    "size": 12,
                                    "sizes": []
                                },
                                "row_gap": {
                                    "unit": "px",
                                    "size": 12,
                                    "sizes": []
                                },
                                "button_size": {
                                    "unit": "px",
                                    "size": 1.1,
                                    "sizes": []
                                },
                                "icon_size": {
                                    "unit": "em",
                                    "size": 2,
                                    "sizes": []
                                },
                                "_margin": {
                                    "unit": "px",
                                    "top": "24",
                                    "right": "0",
                                    "bottom": "0",
                                    "left": "0",
                                    "isLinked": false
                                },
                                "button_size_mobile": {
                                    "unit": "px",
                                    "size": 0.8,
                                    "sizes": []
                                }
                            },
                            "elements": [],
                            "isInner": false,
                            "widgetType": "share-buttons",
                            "elType": "widget"
                        }
                    ],
                    "isInner": false,
                    "elType": "column"
                }
            ],
            "isInner": false,
            "elType": "section"
        },
        {
            "id": "10bcc43d",
            "settings": {
                "content_width": {
                    "unit": "px",
                    "size": 700,
                    "sizes": []
                },
                "gap": "no",
                "padding": {
                    "unit": "px",
                    "top": "180",
                    "right": "0",
                    "bottom": "132",
                    "left": "0",
                    "isLinked": false
                },
                "background_overlay_background": "classic",
                "background_overlay_image": {
                    "url": "https:\/\/www.xable.oxacor.com\/wp-content\/uploads\/left-quote-1.png",
                    "id": 1070,
                    "size": "",
                    "alt": "",
                    "source": "library"
                },
                "background_overlay_position": "initial",
                "background_overlay_xpos": {
                    "unit": "%",
                    "size": 50,
                    "sizes": []
                },
                "background_overlay_xpos_tablet": {
                    "unit": "%",
                    "size": 50,
                    "sizes": []
                },
                "background_overlay_xpos_mobile": {
                    "unit": "%",
                    "size": 50,
                    "sizes": []
                },
                "background_overlay_ypos": {
                    "unit": "%",
                    "size": 28,
                    "sizes": []
                },
                "background_overlay_ypos_tablet": {
                    "unit": "%",
                    "size": 28,
                    "sizes": []
                },
                "background_overlay_ypos_mobile": {
                    "unit": "%",
                    "size": 20,
                    "sizes": []
                },
                "background_overlay_repeat": "no-repeat",
                "background_overlay_opacity": {
                    "unit": "px",
                    "size": 0.12,
                    "sizes": []
                },
                "background_overlay_size_mobile": "initial",
                "background_overlay_bg_width_mobile": {
                    "unit": "%",
                    "size": 60,
                    "sizes": []
                },
                "margin": {
                    "unit": "px",
                    "top": "40",
                    "right": 0,
                    "bottom": "0",
                    "left": 0,
                    "isLinked": false
                }
            },
            "elements": [
                {
                    "id": "7e213242",
                    "settings": {
                        "_column_size": 100,
                        "_inline_size": null,
                        "padding_mobile": {
                            "unit": "px",
                            "top": "0",
                            "right": "8",
                            "bottom": "0",
                            "left": "8",
                            "isLinked": false
                        }
                    },
                    "elements": [
                        {
                            "id": "785e852d",
                            "settings": {
                                "slides": [
                                    {
                                        "content": "We now have a fantastic website that perfectly encapsulates the essence of our company thanks to them. Their service has exceeded all of our expectations, making us extremely happy.",
                                        "name": "Samantha Milner",
                                        "title": "Hocud PLC",
                                        "image": {
                                            "url": "https:\/\/www.xable.oxacor.com\/wp-content\/uploads\/cheerful-female-executive-in-glasses-reading-her-messages-on-mobile-phone-with-note-book-in-hands.jpg",
                                            "id": 2570,
                                            "alt": "Cheerful female executive in glasses reading her messages on mobile phone with note book in hands",
                                            "source": "library",
                                            "size": ""
                                        },
                                        "_id": "7400f22"
                                    },
                                    {
                                        "content": "Thanks to the efforts of the team, our company's website is now cutting-edge and user-friendly. Their digital marketing expertise is without a doubt deserving of praise.",
                                        "name": "Mike Johnson",
                                        "title": "DEF Technologies",
                                        "image": {
                                            "url": "https:\/\/www.xable.oxacor.com\/wp-content\/uploads\/portrait-of-handsome-pensive-businessman-in-eyeglasses-looking-away.jpg",
                                            "id": 2563,
                                            "alt": "portrait of handsome pensive businessman in eyeglasses looking away",
                                            "source": "library",
                                            "size": ""
                                        },
                                        "_id": "2710f86"
                                    },
                                    {
                                        "content": "They have a team that is not only extremely knowledgeable but also very professional and quick to respond to any inquiries. They have proven to be an outstanding digital partner for us to collaborate with.",
                                        "name": "Emma Smith",
                                        "title": "GHI Industries",
                                        "image": {
                                            "url": "https:\/\/www.xable.oxacor.com\/wp-content\/uploads\/phoning-in-cafe.jpg",
                                            "id": 2561,
                                            "alt": "",
                                            "source": "library",
                                            "size": ""
                                        },
                                        "_id": "d6d187d"
                                    }
                                ],
                                "slides_per_view": "1",
                                "slides_to_scroll": "1",
                                "width": {
                                    "unit": "%",
                                    "size": 100,
                                    "sizes": []
                                },
                                "pagination": "",
                                "speed": 800,
                                "autoplay_speed": 4000,
                                "pause_on_hover": "",
                                "pause_on_interaction": "",
                                "space_between": {
                                    "unit": "px",
                                    "size": 0,
                                    "sizes": []
                                },
                                "slide_border_size": {
                                    "unit": "px",
                                    "top": "0",
                                    "right": "0",
                                    "bottom": "0",
                                    "left": "0",
                                    "isLinked": true
                                },
                                "slide_border_radius": {
                                    "unit": "px",
                                    "size": 0,
                                    "sizes": []
                                },
                                "slide_padding": {
                                    "unit": "px",
                                    "top": "0",
                                    "right": "0",
                                    "bottom": "0",
                                    "left": "0",
                                    "isLinked": false
                                },
                                "content_gap": {
                                    "unit": "px",
                                    "size": 24,
                                    "sizes": []
                                },
                                "image_size": {
                                    "unit": "px",
                                    "size": 60,
                                    "sizes": []
                                },
                                "image_gap": {
                                    "unit": "px",
                                    "size": 20,
                                    "sizes": []
                                },
                                "image_border": "yes",
                                "image_border_width": {
                                    "unit": "px",
                                    "size": 3,
                                    "sizes": []
                                },
                                "arrows_size": {
                                    "unit": "px",
                                    "size": 24,
                                    "sizes": []
                                },
                                "__globals__": {
                                    "slide_background_color": "globals\/colors?id=f491614",
                                    "content_color": "globals\/colors?id=secondary",
                                    "content_typography_typography": "globals\/typography?id=b62a13d",
                                    "name_color": "globals\/colors?id=secondary",
                                    "name_typography_typography": "globals\/typography?id=01e3d1c",
                                    "title_color": "globals\/colors?id=text",
                                    "title_typography_typography": "globals\/typography?id=499599d",
                                    "image_border_color": "globals\/colors?id=152652f",
                                    "arrows_color": "globals\/colors?id=cc7bf96"
                                },
                                "slide_background_color": "#FFFFFF00",
                                "content_color": "#FFFFFF",
                                "name_color": "#FFFFFF",
                                "name_typography_typography": "custom",
                                "name_typography_font_family": "Be Vietnam Pro",
                                "name_typography_font_size": {
                                    "unit": "px",
                                    "size": 12,
                                    "sizes": []
                                },
                                "name_typography_font_weight": "700",
                                "name_typography_text_transform": "uppercase",
                                "name_typography_font_style": "normal",
                                "name_typography_text_decoration": "none",
                                "name_typography_line_height": {
                                    "unit": "em",
                                    "size": 1.3,
                                    "sizes": []
                                },
                                "name_typography_letter_spacing": {
                                    "unit": "px",
                                    "size": 0.2,
                                    "sizes": []
                                },
                                "name_typography_word_spacing": {
                                    "unit": "px",
                                    "size": "",
                                    "sizes": []
                                },
                                "title_color": "#FFFFFFC2",
                                "title_typography_typography": "custom",
                                "title_typography_font_family": "Be Vietnam Pro",
                                "title_typography_font_size": {
                                    "unit": "px",
                                    "size": 13,
                                    "sizes": []
                                },
                                "title_typography_font_weight": "400",
                                "title_typography_line_height": {
                                    "unit": "em",
                                    "size": 1.4,
                                    "sizes": []
                                },
                                "image_border_color": "#FFFFFF45",
                                "arrows_color": "#FFFFFF94"
                            },
                            "elements": [],
                            "isInner": false,
                            "widgetType": "testimonial-carousel",
                            "elType": "widget"
                        }
                    ],
                    "isInner": false,
                    "elType": "column"
                }
            ],
            "isInner": false,
            "elType": "section"
        },
        {
            "id": "4ac66be1",
            "settings": {
                "gap": "no",
                "margin": {
                    "unit": "px",
                    "top": "0",
                    "right": 0,
                    "bottom": "0",
                    "left": 0,
                    "isLinked": false
                },
                "margin_mobile": {
                    "unit": "px",
                    "top": "0",
                    "right": 0,
                    "bottom": "0",
                    "left": 0,
                    "isLinked": false
                },
                "padding_tablet": {
                    "unit": "px",
                    "top": "0",
                    "right": "40",
                    "bottom": "0",
                    "left": "40",
                    "isLinked": false
                },
                "padding_mobile": {
                    "unit": "px",
                    "top": "0",
                    "right": "20",
                    "bottom": "0",
                    "left": "20",
                    "isLinked": false
                }
            },
            "elements": [
                {
                    "id": "5fd5f1d9",
                    "settings": {
                        "_column_size": 100,
                        "_inline_size": null,
                        "align": "space-between"
                    },
                    "elements": [
                        {
                            "id": "323bb484",
                            "settings": {
                                "title": "Similar Projects",
                                "align": "center",
                                "_margin": {
                                    "unit": "px",
                                    "top": "0",
                                    "right": "0",
                                    "bottom": "60",
                                    "left": "0",
                                    "isLinked": false
                                }
                            },
                            "elements": [],
                            "isInner": false,
                            "widgetType": "heading",
                            "elType": "widget"
                        },
                        {
                            "id": "68971ecb",
                            "settings": {
                                "gallery": [
                                    {
                                        "id": 1117,
                                        "url": "https:\/\/www.xable.oxacor.com\/wp-content\/uploads\/330-ml-black-coffee-paper-cup-with-blurred-background-3d-rendering-illustration.jpg"
                                    },
                                    {
                                        "id": 1113,
                                        "url": "https:\/\/www.xable.oxacor.com\/wp-content\/uploads\/film-reels-in-containers-called-pizzas.jpg"
                                    },
                                    {
                                        "id": 1093,
                                        "url": "https:\/\/www.xable.oxacor.com\/wp-content\/uploads\/smartwatch-screen-mockup-digital-device.jpg"
                                    },
                                    {
                                        "id": 1128,
                                        "url": "https:\/\/www.xable.oxacor.com\/wp-content\/uploads\/headphones-isolated-on-black-background-.jpg"
                                    }
                                ],
                                "galleries": [
                                    {
                                        "gallery_title": "Web Design",
                                        "_id": "40117e0",
                                        "multiple_gallery": [
                                            {
                                                "id": 1119,
                                                "url": "https:\/\/www.xable.oxacor.com\/wp-content\/uploads\/businessman-using-mobile-app-for-trading-and-investing-online.jpg"
                                            },
                                            {
                                                "id": 1134,
                                                "url": "https:\/\/www.xable.oxacor.com\/wp-content\/uploads\/vr-virtual-reality-equipment-on-the-table-.jpg"
                                            },
                                            {
                                                "id": 1130,
                                                "url": "https:\/\/www.xable.oxacor.com\/wp-content\/uploads\/golf-ball.jpg"
                                            },
                                            {
                                                "id": 1124,
                                                "url": "https:\/\/www.xable.oxacor.com\/wp-content\/uploads\/black-luxury-take-away-paper-cups-set-mirrored-2.jpg"
                                            },
                                            {
                                                "id": 1128,
                                                "url": "https:\/\/www.xable.oxacor.com\/wp-content\/uploads\/headphones-isolated-on-black-background-.jpg"
                                            }
                                        ]
                                    },
                                    {
                                        "gallery_title": "Graphic Design",
                                        "multiple_gallery": [
                                            {
                                                "id": 1096,
                                                "url": "https:\/\/www.xable.oxacor.com\/wp-content\/uploads\/smartwatch-screen-mockup-digital-device-1.jpg"
                                            },
                                            {
                                                "id": 1106,
                                                "url": "https:\/\/www.xable.oxacor.com\/wp-content\/uploads\/vertical-closeup-of-wireless-bluetooth-earphones-on-a-dark-background-e1679181889774.jpg"
                                            },
                                            {
                                                "id": 1107,
                                                "url": "https:\/\/www.xable.oxacor.com\/wp-content\/uploads\/rewind-crank-of-a-black-retro-film-camera.jpg"
                                            },
                                            {
                                                "id": 1130,
                                                "url": "https:\/\/www.xable.oxacor.com\/wp-content\/uploads\/golf-ball.jpg"
                                            },
                                            {
                                                "id": 1128,
                                                "url": "https:\/\/www.xable.oxacor.com\/wp-content\/uploads\/headphones-isolated-on-black-background-.jpg"
                                            }
                                        ],
                                        "_id": "c7548fe"
                                    },
                                    {
                                        "gallery_title": "Branding",
                                        "multiple_gallery": [
                                            {
                                                "id": 1094,
                                                "url": "https:\/\/www.xable.oxacor.com\/wp-content\/uploads\/blank-black-sim-smart-card-on-black-background-mock-up-.jpg"
                                            },
                                            {
                                                "id": 1107,
                                                "url": "https:\/\/www.xable.oxacor.com\/wp-content\/uploads\/rewind-crank-of-a-black-retro-film-camera.jpg"
                                            },
                                            {
                                                "id": 1118,
                                                "url": "https:\/\/www.xable.oxacor.com\/wp-content\/uploads\/black-color-plain-t-shirt-on-textured-background.jpg"
                                            },
                                            {
                                                "id": 1108,
                                                "url": "https:\/\/www.xable.oxacor.com\/wp-content\/uploads\/vr-virtual-reality-glasses-on-a-black-table.jpg"
                                            },
                                            {
                                                "id": 1116,
                                                "url": "https:\/\/www.xable.oxacor.com\/wp-content\/uploads\/3d-rendering-pedestal-for-display-platform-for-design-blank-product-stand-with-lamp-light-spot.jpg"
                                            }
                                        ],
                                        "_id": "e1775c3"
                                    }
                                ],
                                "aspect_ratio": "9:16",
                                "thumbnail_image_size": "large",
                                "show_all_galleries_label": "All",
                                "overlay_title": "title",
                                "overlay_description": "description",
                                "overlay_background_background": "gradient",
                                "__globals__": {
                                    "overlay_background_color": "globals\/colors?id=f491614",
                                    "overlay_background_color_b": "globals\/colors?id=41e718d",
                                    "title_color": "globals\/colors?id=secondary",
                                    "description_color": "globals\/colors?id=text",
                                    "description_typography_typography": "globals\/typography?id=499599d",
                                    "title_typography_typography": "globals\/typography?id=01e3d1c",
                                    "overlay_background_hover_color": "globals\/colors?id=f491614",
                                    "overlay_background_hover_color_b": "globals\/colors?id=primary",
                                    "image_border_color": "globals\/colors?id=152652f",
                                    "image_border_color_hover": "globals\/colors?id=primary",
                                    "_border_color": "globals\/colors?id=152652f",
                                    "_border_hover_color": "globals\/colors?id=primary",
                                    "galleries_titles_typography_typography": "globals\/typography?id=accent",
                                    "galleries_title_color_normal": "globals\/colors?id=text",
                                    "galleries_pointer_color_active": "globals\/colors?id=primary",
                                    "galleries_title_color_active": "globals\/colors?id=secondary",
                                    "galleries_title_color_hover": "globals\/colors?id=secondary",
                                    "galleries_pointer_color_hover": "globals\/colors?id=primary"
                                },
                                "gap": {
                                    "unit": "px",
                                    "size": 20,
                                    "sizes": []
                                },
                                "overlay_background_color": "#FFFFFF00",
                                "overlay_background_color_stop": {
                                    "unit": "%",
                                    "size": 50,
                                    "sizes": []
                                },
                                "overlay_background_color_b": "#020205",
                                "overlay_background_color_b_stop": {
                                    "unit": "%",
                                    "size": 80,
                                    "sizes": []
                                },
                                "overlay_background_hover_background": "gradient",
                                "overlay_background_hover_color": "#FFFFFF00",
                                "overlay_background_hover_color_stop": {
                                    "unit": "%",
                                    "size": 40,
                                    "sizes": []
                                },
                                "overlay_background_hover_color_b": "#ED1C25",
                                "overlay_background_hover_color_b_stop": {
                                    "unit": "%",
                                    "size": 80,
                                    "sizes": []
                                },
                                "image_blend_mode": "multiply",
                                "content_vertical_position": "bottom",
                                "content_padding": {
                                    "unit": "px",
                                    "size": 48,
                                    "sizes": []
                                },
                                "title_color": "#FFFFFF",
                                "title_typography_typography": "custom",
                                "title_typography_font_size": {
                                    "unit": "px",
                                    "size": 16,
                                    "sizes": []
                                },
                                "title_typography_font_weight": "700",
                                "title_typography_line_height": {
                                    "unit": "em",
                                    "size": 1.4,
                                    "sizes": []
                                },
                                "title_spacing": {
                                    "unit": "px",
                                    "size": 4,
                                    "sizes": []
                                },
                                "description_color": "#FFFFFFC2",
                                "description_typography_typography": "custom",
                                "description_typography_font_family": "Be Vietnam Pro",
                                "description_typography_font_size": {
                                    "unit": "px",
                                    "size": 13,
                                    "sizes": []
                                },
                                "description_typography_font_weight": "400",
                                "description_typography_line_height": {
                                    "unit": "em",
                                    "size": 1.4,
                                    "sizes": []
                                },
                                "content_hover_animation": "move-up",
                                "_element_custom_width": {
                                    "unit": "%",
                                    "size": 24,
                                    "sizes": []
                                },
                                "_transform_scale_effect_hover": {
                                    "unit": "px",
                                    "size": 1.07,
                                    "sizes": []
                                },
                                "_transform_transition_hover": {
                                    "unit": "px",
                                    "size": 1200,
                                    "sizes": []
                                },
                                "motion_fx_transform_x_anchor_point": "center",
                                "motion_fx_transform_y_anchor_point": "center",
                                "_border_border": "none",
                                "_border_width": {
                                    "unit": "px",
                                    "top": "2",
                                    "right": "2",
                                    "bottom": "2",
                                    "left": "2",
                                    "isLinked": true
                                },
                                "_border_hover_border": "none",
                                "_border_hover_width": {
                                    "unit": "px",
                                    "top": "2",
                                    "right": "2",
                                    "bottom": "2",
                                    "left": "2",
                                    "isLinked": true
                                },
                                "image_border_width": {
                                    "unit": "px",
                                    "size": 2,
                                    "sizes": []
                                },
                                "image_border_radius": {
                                    "unit": "px",
                                    "size": 0,
                                    "sizes": []
                                },
                                "pointer": "framed",
                                "animation_line": "grow",
                                "animation_framed": "draw",
                                "align_filter_bar_items": "center",
                                "pointer_width": {
                                    "unit": "px",
                                    "size": 1,
                                    "sizes": []
                                },
                                "galleries_titles_gap": {
                                    "unit": "px",
                                    "size": 48,
                                    "sizes": []
                                },
                                "gap_tablet": {
                                    "unit": "px",
                                    "size": 20,
                                    "sizes": []
                                },
                                "gap_mobile": {
                                    "unit": "px",
                                    "size": 20,
                                    "sizes": []
                                },
                                "image_hover_animation": "grow",
                                "lazyload": "",
                                "_animation": "fadeInUp"
                            },
                            "elements": [],
                            "isInner": false,
                            "widgetType": "gallery",
                            "elType": "widget"
                        }
                    ],
                    "isInner": false,
                    "elType": "column"
                }
            ],
            "isInner": false,
            "elType": "section"
        },
        {
            "id": "429183e0",
            "settings": {
                "gap": "no",
                "margin": {
                    "unit": "px",
                    "top": "124",
                    "right": 0,
                    "bottom": "0",
                    "left": 0,
                    "isLinked": false
                },
                "padding_tablet": {
                    "unit": "px",
                    "top": "0",
                    "right": "28",
                    "bottom": "0",
                    "left": "28",
                    "isLinked": false
                },
                "padding_mobile": {
                    "unit": "px",
                    "top": "0",
                    "right": "8",
                    "bottom": "0",
                    "left": "8",
                    "isLinked": false
                },
                "margin_mobile": {
                    "unit": "px",
                    "top": "120",
                    "right": 0,
                    "bottom": "0",
                    "left": 0,
                    "isLinked": false
                },
                "animation": "fadeInUp"
            },
            "elements": [
                {
                    "id": "1439e775",
                    "settings": {
                        "_column_size": 100,
                        "_inline_size": null,
                        "align": "space-between",
                        "__globals__": {
                            "background_color": ""
                        }
                    },
                    "elements": [
                        {
                            "id": "3cac8719",
                            "settings": {
                                "title": "We are trusted by thousands of clients",
                                "header_size": "div",
                                "align": "center",
                                "_margin": {
                                    "unit": "px",
                                    "top": "0",
                                    "right": "0",
                                    "bottom": "40",
                                    "left": "0",
                                    "isLinked": false
                                },
                                "__globals__": {
                                    "title_color": "globals\/colors?id=cc7bf96",
                                    "typography_typography": "globals\/typography?id=01e3d1c"
                                }
                            },
                            "elements": [],
                            "isInner": false,
                            "widgetType": "heading",
                            "elType": "widget"
                        },
                        {
                            "id": "4f40b20d",
                            "settings": {
                                "image": {
                                    "url": "https:\/\/www.xable.oxacor.com\/wp-content\/uploads\/Logo-28-light-1.png",
                                    "id": 1404,
                                    "size": "",
                                    "alt": "",
                                    "source": "library"
                                },
                                "image_size": "full",
                                "align": "center",
                                "width": {
                                    "unit": "%",
                                    "size": 100,
                                    "sizes": []
                                },
                                "opacity": {
                                    "unit": "px",
                                    "size": 0.6,
                                    "sizes": []
                                },
                                "opacity_hover": {
                                    "unit": "px",
                                    "size": 1,
                                    "sizes": []
                                },
                                "background_hover_transition": {
                                    "unit": "px",
                                    "size": 0.8,
                                    "sizes": []
                                },
                                "hover_animation": "grow",
                                "_padding": {
                                    "unit": "px",
                                    "top": "12",
                                    "right": "40",
                                    "bottom": "12",
                                    "left": "40",
                                    "isLinked": false
                                },
                                "_padding_mobile": {
                                    "unit": "px",
                                    "top": "20",
                                    "right": "20",
                                    "bottom": "20",
                                    "left": "20",
                                    "isLinked": true
                                },
                                "_element_width": "initial",
                                "_element_custom_width": {
                                    "unit": "%",
                                    "size": 16,
                                    "sizes": []
                                },
                                "_element_custom_width_tablet": {
                                    "unit": "%",
                                    "size": 30,
                                    "sizes": []
                                },
                                "_element_custom_width_mobile": {
                                    "unit": "%",
                                    "size": 44,
                                    "sizes": []
                                },
                                "_element_vertical_align": "center"
                            },
                            "elements": [],
                            "isInner": false,
                            "widgetType": "image",
                            "elType": "widget"
                        },
                        {
                            "id": "4ca4054",
                            "settings": {
                                "image": {
                                    "url": "https:\/\/www.xable.oxacor.com\/wp-content\/uploads\/Logo-6-light-1.png",
                                    "id": 1382,
                                    "size": "",
                                    "alt": "",
                                    "source": "library"
                                },
                                "image_size": "full",
                                "align": "center",
                                "width": {
                                    "unit": "%",
                                    "size": 100,
                                    "sizes": []
                                },
                                "opacity": {
                                    "unit": "px",
                                    "size": 0.6,
                                    "sizes": []
                                },
                                "opacity_hover": {
                                    "unit": "px",
                                    "size": 1,
                                    "sizes": []
                                },
                                "background_hover_transition": {
                                    "unit": "px",
                                    "size": 0.8,
                                    "sizes": []
                                },
                                "hover_animation": "grow",
                                "_padding": {
                                    "unit": "px",
                                    "top": "12",
                                    "right": "40",
                                    "bottom": "12",
                                    "left": "40",
                                    "isLinked": false
                                },
                                "_padding_mobile": {
                                    "unit": "px",
                                    "top": "20",
                                    "right": "20",
                                    "bottom": "20",
                                    "left": "20",
                                    "isLinked": true
                                },
                                "_element_width": "initial",
                                "_element_custom_width": {
                                    "unit": "%",
                                    "size": 16,
                                    "sizes": []
                                },
                                "_element_custom_width_tablet": {
                                    "unit": "%",
                                    "size": 30,
                                    "sizes": []
                                },
                                "_element_custom_width_mobile": {
                                    "unit": "%",
                                    "size": 44,
                                    "sizes": []
                                },
                                "_element_vertical_align": "center"
                            },
                            "elements": [],
                            "isInner": false,
                            "widgetType": "image",
                            "elType": "widget"
                        },
                        {
                            "id": "774ab012",
                            "settings": {
                                "image": {
                                    "url": "https:\/\/www.xable.oxacor.com\/wp-content\/uploads\/Logo-26-light-1.png",
                                    "id": 1402,
                                    "size": "",
                                    "alt": "",
                                    "source": "library"
                                },
                                "image_size": "full",
                                "align": "center",
                                "width": {
                                    "unit": "%",
                                    "size": 100,
                                    "sizes": []
                                },
                                "opacity": {
                                    "unit": "px",
                                    "size": 0.6,
                                    "sizes": []
                                },
                                "opacity_hover": {
                                    "unit": "px",
                                    "size": 1,
                                    "sizes": []
                                },
                                "background_hover_transition": {
                                    "unit": "px",
                                    "size": 0.8,
                                    "sizes": []
                                },
                                "hover_animation": "grow",
                                "_padding": {
                                    "unit": "px",
                                    "top": "12",
                                    "right": "40",
                                    "bottom": "12",
                                    "left": "40",
                                    "isLinked": false
                                },
                                "_padding_mobile": {
                                    "unit": "px",
                                    "top": "20",
                                    "right": "20",
                                    "bottom": "20",
                                    "left": "20",
                                    "isLinked": true
                                },
                                "_element_width": "initial",
                                "_element_custom_width": {
                                    "unit": "%",
                                    "size": 16,
                                    "sizes": []
                                },
                                "_element_custom_width_tablet": {
                                    "unit": "%",
                                    "size": 30,
                                    "sizes": []
                                },
                                "_element_custom_width_mobile": {
                                    "unit": "%",
                                    "size": 44,
                                    "sizes": []
                                },
                                "_element_vertical_align": "center"
                            },
                            "elements": [],
                            "isInner": false,
                            "widgetType": "image",
                            "elType": "widget"
                        },
                        {
                            "id": "4a8766cb",
                            "settings": {
                                "image": {
                                    "url": "https:\/\/www.xable.oxacor.com\/wp-content\/uploads\/Logo-10-light-1.png",
                                    "id": 1386,
                                    "size": "",
                                    "alt": "",
                                    "source": "library"
                                },
                                "image_size": "full",
                                "align": "center",
                                "width": {
                                    "unit": "%",
                                    "size": 100,
                                    "sizes": []
                                },
                                "opacity": {
                                    "unit": "px",
                                    "size": 0.6,
                                    "sizes": []
                                },
                                "opacity_hover": {
                                    "unit": "px",
                                    "size": 1,
                                    "sizes": []
                                },
                                "background_hover_transition": {
                                    "unit": "px",
                                    "size": 0.8,
                                    "sizes": []
                                },
                                "hover_animation": "grow",
                                "_padding": {
                                    "unit": "px",
                                    "top": "12",
                                    "right": "40",
                                    "bottom": "12",
                                    "left": "40",
                                    "isLinked": false
                                },
                                "_padding_mobile": {
                                    "unit": "px",
                                    "top": "20",
                                    "right": "20",
                                    "bottom": "20",
                                    "left": "20",
                                    "isLinked": true
                                },
                                "_element_width": "initial",
                                "_element_custom_width": {
                                    "unit": "%",
                                    "size": 16,
                                    "sizes": []
                                },
                                "_element_custom_width_tablet": {
                                    "unit": "%",
                                    "size": 30,
                                    "sizes": []
                                },
                                "_element_custom_width_mobile": {
                                    "unit": "%",
                                    "size": 44,
                                    "sizes": []
                                },
                                "_element_vertical_align": "center"
                            },
                            "elements": [],
                            "isInner": false,
                            "widgetType": "image",
                            "elType": "widget"
                        },
                        {
                            "id": "6b3ff540",
                            "settings": {
                                "image": {
                                    "url": "https:\/\/www.xable.oxacor.com\/wp-content\/uploads\/Logo-12-light-1.png",
                                    "id": 1388,
                                    "size": "",
                                    "alt": "",
                                    "source": "library"
                                },
                                "image_size": "full",
                                "align": "center",
                                "width": {
                                    "unit": "%",
                                    "size": 100,
                                    "sizes": []
                                },
                                "opacity": {
                                    "unit": "px",
                                    "size": 0.6,
                                    "sizes": []
                                },
                                "opacity_hover": {
                                    "unit": "px",
                                    "size": 1,
                                    "sizes": []
                                },
                                "background_hover_transition": {
                                    "unit": "px",
                                    "size": 0.8,
                                    "sizes": []
                                },
                                "hover_animation": "grow",
                                "_padding": {
                                    "unit": "px",
                                    "top": "12",
                                    "right": "40",
                                    "bottom": "12",
                                    "left": "40",
                                    "isLinked": false
                                },
                                "_padding_mobile": {
                                    "unit": "px",
                                    "top": "20",
                                    "right": "20",
                                    "bottom": "20",
                                    "left": "20",
                                    "isLinked": true
                                },
                                "_element_width": "initial",
                                "_element_custom_width": {
                                    "unit": "%",
                                    "size": 16,
                                    "sizes": []
                                },
                                "_element_custom_width_tablet": {
                                    "unit": "%",
                                    "size": 30,
                                    "sizes": []
                                },
                                "_element_custom_width_mobile": {
                                    "unit": "%",
                                    "size": 44,
                                    "sizes": []
                                },
                                "_element_vertical_align": "center"
                            },
                            "elements": [],
                            "isInner": false,
                            "widgetType": "image",
                            "elType": "widget"
                        },
                        {
                            "id": "3116602f",
                            "settings": {
                                "image": {
                                    "url": "https:\/\/www.xable.oxacor.com\/wp-content\/uploads\/Logo-13-light-1.png",
                                    "id": 1389,
                                    "size": "",
                                    "alt": "",
                                    "source": "library"
                                },
                                "image_size": "full",
                                "align": "center",
                                "width": {
                                    "unit": "%",
                                    "size": 100,
                                    "sizes": []
                                },
                                "opacity": {
                                    "unit": "px",
                                    "size": 0.6,
                                    "sizes": []
                                },
                                "opacity_hover": {
                                    "unit": "px",
                                    "size": 1,
                                    "sizes": []
                                },
                                "background_hover_transition": {
                                    "unit": "px",
                                    "size": 0.8,
                                    "sizes": []
                                },
                                "hover_animation": "grow",
                                "_padding": {
                                    "unit": "px",
                                    "top": "12",
                                    "right": "40",
                                    "bottom": "12",
                                    "left": "40",
                                    "isLinked": false
                                },
                                "_padding_mobile": {
                                    "unit": "px",
                                    "top": "20",
                                    "right": "20",
                                    "bottom": "20",
                                    "left": "20",
                                    "isLinked": true
                                },
                                "_element_width": "initial",
                                "_element_custom_width": {
                                    "unit": "%",
                                    "size": 16,
                                    "sizes": []
                                },
                                "_element_custom_width_tablet": {
                                    "unit": "%",
                                    "size": 30,
                                    "sizes": []
                                },
                                "_element_custom_width_mobile": {
                                    "unit": "%",
                                    "size": 44,
                                    "sizes": []
                                },
                                "_element_vertical_align": "center"
                            },
                            "elements": [],
                            "isInner": false,
                            "widgetType": "image",
                            "elType": "widget"
                        }
                    ],
                    "isInner": false,
                    "elType": "column"
                }
            ],
            "isInner": false,
            "elType": "section"
        },
        {
            "id": "7ddfe908",
            "settings": {
                "layout": "full_width",
                "gap": "no",
                "margin": {
                    "unit": "px",
                    "top": "60",
                    "right": 0,
                    "bottom": "0",
                    "left": 0,
                    "isLinked": false
                },
                "animation": "fadeInUp"
            },
            "elements": [
                {
                    "id": "73f6da27",
                    "settings": {
                        "_column_size": 100,
                        "_inline_size": null
                    },
                    "elements": [
                        {
                            "id": "59d55ccb",
                            "settings": {
                                "template_id": "1823"
                            },
                            "elements": [],
                            "isInner": false,
                            "widgetType": "template",
                            "elType": "widget"
                        }
                    ],
                    "isInner": false,
                    "elType": "column"
                }
            ],
            "isInner": false,
            "elType": "section"
        }
    ]
}