{
    "version": "0.4",
    "title": "Single Post 1",
    "type": "single-post",
    "metadata": {
        "template_type": "single-post",
        "include_in_zip": "1",
        "elementor_pro_required": "1",
        "elementor_library_type": "single-post",
        "elementor_pro_conditions": [
            "include\/singular\/post"
        ],
        "additional_template_information": [
            "This is a \"Single Post\" template for Elementor Pro.",
            "This template will display on: Posts."
        ],
        "wp_page_template": "default"
    },
    "content": [
        {
            "id": "78cf6ed1",
            "settings": {
                "content_width": {
                    "unit": "px",
                    "size": 900,
                    "sizes": []
                },
                "gap": "no",
                "custom_height": {
                    "unit": "vh",
                    "size": 100,
                    "sizes": []
                },
                "custom_height_tablet": {
                    "unit": "vh",
                    "size": "",
                    "sizes": []
                },
                "content_position": "middle",
                "background_background": "classic",
                "background_image": {
                    "url": "",
                    "id": "",
                    "size": "",
                    "alt": "Abstract round wires background. Modern technology concept.",
                    "source": "library"
                },
                "background_position": "center center",
                "background_attachment": "fixed",
                "background_repeat": "no-repeat",
                "background_size": "cover",
                "background_overlay_background": "classic",
                "background_overlay_opacity": {
                    "unit": "px",
                    "size": 0.72,
                    "sizes": []
                },
                "overlay_blend_mode": "multiply",
                "margin": {
                    "unit": "px",
                    "top": "-124",
                    "right": 0,
                    "bottom": "0",
                    "left": 0,
                    "isLinked": false
                },
                "margin_tablet": {
                    "unit": "px",
                    "top": "",
                    "right": 0,
                    "bottom": "",
                    "left": 0,
                    "isLinked": true
                },
                "margin_mobile": {
                    "unit": "px",
                    "top": "-90",
                    "right": 0,
                    "bottom": "0",
                    "left": 0,
                    "isLinked": false
                },
                "padding": {
                    "unit": "px",
                    "top": "300",
                    "right": "0",
                    "bottom": "220",
                    "left": "0",
                    "isLinked": false
                },
                "__globals__": {
                    "background_overlay_color": "globals\/colors?id=41e718d",
                    "background_color": "globals\/colors?id=41e718d"
                },
                "padding_mobile": {
                    "unit": "px",
                    "top": "240",
                    "right": "0",
                    "bottom": "160",
                    "left": "0",
                    "isLinked": false
                },
                "__dynamic__": {
                    "background_image": "[elementor-tag id=\"f361fa7\" name=\"post-featured-image\" settings=\"%7B%7D\"]"
                }
            },
            "elements": [
                {
                    "id": "341094ed",
                    "settings": {
                        "_column_size": 100,
                        "_inline_size": null,
                        "align": "center",
                        "margin_mobile": {
                            "unit": "px",
                            "top": "0",
                            "right": "0",
                            "bottom": "0",
                            "left": "0",
                            "isLinked": false
                        },
                        "padding_mobile": {
                            "unit": "px",
                            "top": "0",
                            "right": "20",
                            "bottom": "0",
                            "left": "20",
                            "isLinked": false
                        },
                        "padding_tablet": {
                            "unit": "px",
                            "top": "0",
                            "right": "40",
                            "bottom": "0",
                            "left": "40",
                            "isLinked": false
                        }
                    },
                    "elements": [
                        {
                            "id": "159536d3",
                            "settings": {
                                "__dynamic__": {
                                    "title": "[elementor-tag id=\"\" name=\"post-title\" settings=\"%7B%22before%22%3A%22%22%2C%22after%22%3A%22%22%2C%22fallback%22%3A%22%22%7D\"]"
                                },
                                "title": "Add Your Heading Text Here",
                                "align": "center"
                            },
                            "elements": [],
                            "isInner": false,
                            "widgetType": "theme-post-title",
                            "elType": "widget"
                        },
                        {
                            "id": "52460bf7",
                            "settings": {
                                "icon_list": [
                                    {
                                        "type": "author",
                                        "selected_icon": {
                                            "value": "far fa-user-circle",
                                            "library": "fa-regular"
                                        },
                                        "_id": "9a5d0df",
                                        "custom_date_format": "F j, Y",
                                        "custom_time_format": "g:i a",
                                        "show_icon": "custom"
                                    },
                                    {
                                        "selected_icon": {
                                            "value": "far fa-clock",
                                            "library": "fa-regular"
                                        },
                                        "_id": "9203aaa",
                                        "custom_date_format": "F j, Y",
                                        "custom_time_format": "g:i a",
                                        "show_icon": "custom",
                                        "link": ""
                                    }
                                ],
                                "icon_align": "center",
                                "space_between": {
                                    "unit": "px",
                                    "size": 32,
                                    "sizes": []
                                },
                                "text_indent": {
                                    "unit": "px",
                                    "size": 4,
                                    "sizes": []
                                },
                                "_margin": {
                                    "unit": "px",
                                    "top": "40",
                                    "right": "0",
                                    "bottom": "0",
                                    "left": "0",
                                    "isLinked": false
                                },
                                "__globals__": {
                                    "text_color": "globals\/colors?id=cc7bf96",
                                    "icon_color": "globals\/colors?id=cc7bf96",
                                    "icon_typography_typography": "globals\/typography?id=accent"
                                },
                                "icon_color": "#FFFFFFC2",
                                "text_color": "#FFFFFFC2",
                                "_animation": "fadeInUp"
                            },
                            "elements": [],
                            "isInner": false,
                            "widgetType": "post-info",
                            "elType": "widget"
                        }
                    ],
                    "isInner": false,
                    "elType": "column"
                }
            ],
            "isInner": false,
            "elType": "section"
        },
        {
            "id": "1e490efd",
            "settings": {
                "gap": "no",
                "structure": "20",
                "margin": {
                    "unit": "px",
                    "top": "120",
                    "right": 0,
                    "bottom": "0",
                    "left": 0,
                    "isLinked": false
                },
                "padding_tablet": {
                    "unit": "px",
                    "top": "0",
                    "right": "80",
                    "bottom": "0",
                    "left": "80",
                    "isLinked": false
                },
                "padding_mobile": {
                    "unit": "px",
                    "top": "0",
                    "right": "28",
                    "bottom": "0",
                    "left": "28",
                    "isLinked": false
                }
            },
            "elements": [
                {
                    "id": "2bde3eed",
                    "settings": {
                        "_column_size": 50,
                        "_inline_size": 68,
                        "margin": {
                            "unit": "px",
                            "top": "0",
                            "right": "80",
                            "bottom": "0",
                            "left": "0",
                            "isLinked": false
                        },
                        "_inline_size_tablet": 100,
                        "margin_tablet": {
                            "unit": "px",
                            "top": "0",
                            "right": "0",
                            "bottom": "0",
                            "left": "0",
                            "isLinked": false
                        }
                    },
                    "elements": [
                        {
                            "id": "336f3374",
                            "settings": {
                                "_margin": {
                                    "unit": "px",
                                    "top": "0",
                                    "right": "0",
                                    "bottom": "80",
                                    "left": "0",
                                    "isLinked": false
                                }
                            },
                            "elements": [],
                            "isInner": false,
                            "widgetType": "theme-post-content",
                            "elType": "widget"
                        },
                        {
                            "id": "78bcda33",
                            "settings": {
                                "icon_list": [
                                    {
                                        "type": "terms",
                                        "selected_icon": {
                                            "value": "fas fa-hashtag",
                                            "library": "fa-solid"
                                        },
                                        "_id": "e1675aa",
                                        "custom_date_format": "F j, Y",
                                        "custom_time_format": "g:i a",
                                        "taxonomy": "post_tag",
                                        "text_prefix": "Tags: ",
                                        "show_icon": "custom"
                                    }
                                ],
                                "icon_align": "center",
                                "_margin": {
                                    "unit": "px",
                                    "top": "0",
                                    "right": "0",
                                    "bottom": "32",
                                    "left": "0",
                                    "isLinked": false
                                },
                                "__globals__": {
                                    "icon_color": "globals\/colors?id=secondary",
                                    "text_color": "",
                                    "icon_typography_typography": "globals\/typography?id=5e57db5"
                                },
                                "icon_color": "#FFFFFF"
                            },
                            "elements": [],
                            "isInner": false,
                            "widgetType": "post-info",
                            "elType": "widget"
                        },
                        {
                            "id": "7d8a3a5e",
                            "settings": {
                                "share_buttons": [
                                    {
                                        "_id": "bd8f5ac"
                                    },
                                    {
                                        "button": "twitter",
                                        "_id": "389fceb"
                                    },
                                    {
                                        "button": "linkedin",
                                        "_id": "0919cd1"
                                    },
                                    {
                                        "_id": "622d40a",
                                        "button": "whatsapp"
                                    }
                                ],
                                "columns": "4",
                                "alignment": "center",
                                "columns_mobile": "2",
                                "_animation": "fadeInUp",
                                "animation_duration": "slow"
                            },
                            "elements": [],
                            "isInner": false,
                            "widgetType": "share-buttons",
                            "elType": "widget"
                        }
                    ],
                    "isInner": false,
                    "elType": "column"
                },
                {
                    "id": "2701082e",
                    "settings": {
                        "_column_size": 50,
                        "_inline_size": 32,
                        "_inline_size_tablet": 100,
                        "margin_tablet": {
                            "unit": "px",
                            "top": "70",
                            "right": "0",
                            "bottom": "0",
                            "left": "0",
                            "isLinked": false
                        }
                    },
                    "elements": [
                        {
                            "id": "62850e51",
                            "settings": {
                                "gap": "no",
                                "background_background": "classic",
                                "margin": {
                                    "unit": "px",
                                    "top": "0",
                                    "right": 0,
                                    "bottom": "0",
                                    "left": 0,
                                    "isLinked": false
                                },
                                "padding": {
                                    "unit": "px",
                                    "top": "40",
                                    "right": "40",
                                    "bottom": "40",
                                    "left": "40",
                                    "isLinked": true
                                },
                                "__globals__": {
                                    "background_color": "globals\/colors?id=accent"
                                },
                                "padding_mobile": {
                                    "unit": "px",
                                    "top": "40",
                                    "right": "24",
                                    "bottom": "40",
                                    "left": "24",
                                    "isLinked": false
                                },
                                "animation": "fadeInRight"
                            },
                            "elements": [
                                {
                                    "id": "47d6472",
                                    "settings": {
                                        "_column_size": 100,
                                        "_inline_size": null
                                    },
                                    "elements": [
                                        {
                                            "id": "56956fb",
                                            "settings": {
                                                "title": "Get Free Quote",
                                                "header_size": "div",
                                                "align": "center",
                                                "__globals__": {
                                                    "typography_typography": "globals\/typography?id=d2be5a1",
                                                    "title_color": "globals\/colors?id=secondary"
                                                }
                                            },
                                            "elements": [],
                                            "isInner": false,
                                            "widgetType": "heading",
                                            "elType": "widget"
                                        },
                                        {
                                            "id": "5e79dbe3",
                                            "settings": {
                                                "style": "dashed",
                                                "align": "center",
                                                "look": "line_icon",
                                                "text": "Divider",
                                                "icon": {
                                                    "value": "fas fa-square-full",
                                                    "library": "fa-solid"
                                                },
                                                "gap": {
                                                    "unit": "px",
                                                    "size": 28,
                                                    "sizes": []
                                                },
                                                "icon_size": {
                                                    "unit": "px",
                                                    "size": 10,
                                                    "sizes": []
                                                },
                                                "__globals__": {
                                                    "color": "globals\/colors?id=152652f",
                                                    "primary_color": "globals\/colors?id=primary"
                                                }
                                            },
                                            "elements": [],
                                            "isInner": false,
                                            "widgetType": "divider",
                                            "elType": "widget"
                                        },
                                        {
                                            "id": "2f2b8d63",
                                            "settings": {
                                                "form_name": "Sidebar Quote Form",
                                                "form_fields": [
                                                    {
                                                        "custom_id": "name",
                                                        "field_label": "Your Name",
                                                        "dynamic": {
                                                            "active": true
                                                        },
                                                        "_id": "03a8fa2",
                                                        "required": "true"
                                                    },
                                                    {
                                                        "custom_id": "email",
                                                        "field_type": "tel",
                                                        "required": "true",
                                                        "field_label": "Phone Number",
                                                        "_id": "067af54",
                                                        "width": "50"
                                                    },
                                                    {
                                                        "custom_id": "field_931f9d6",
                                                        "field_type": "email",
                                                        "required": "true",
                                                        "field_label": "Email Address",
                                                        "_id": "931f9d6",
                                                        "width": "50"
                                                    },
                                                    {
                                                        "custom_id": "message",
                                                        "field_type": "textarea",
                                                        "field_label": "Project Details",
                                                        "_id": "12980a2",
                                                        "required": "true",
                                                        "rows": 5
                                                    },
                                                    {
                                                        "_id": "79df4b6",
                                                        "field_type": "honeypot",
                                                        "custom_id": "field_79df4b6"
                                                    },
                                                    {
                                                        "field_type": "honeypot",
                                                        "custom_id": "field_caf9d7a",
                                                        "_id": "caf9d7a"
                                                    },
                                                    {
                                                        "field_type": "honeypot",
                                                        "custom_id": "field_6185f31",
                                                        "_id": "6185f31"
                                                    }
                                                ],
                                                "step_next_label": "Next",
                                                "step_previous_label": "Previous",
                                                "button_text": "Get Quote",
                                                "email_content": "[all-fields]",
                                                "email_content_2": "[all-fields]",
                                                "success_message": "Your submission was successful.",
                                                "error_message": "Your submission failed because of an error.",
                                                "server_message": "Your submission failed because of a server error.",
                                                "invalid_message": "Your submission failed because the form is invalid.",
                                                "required_field_message": "This field is required.",
                                                "column_gap": {
                                                    "unit": "px",
                                                    "size": 12,
                                                    "sizes": []
                                                },
                                                "row_gap": {
                                                    "unit": "px",
                                                    "size": 16,
                                                    "sizes": []
                                                },
                                                "label_spacing": {
                                                    "unit": "px",
                                                    "size": 10,
                                                    "sizes": []
                                                },
                                                "field_border_width": {
                                                    "unit": "px",
                                                    "top": "2",
                                                    "right": "2",
                                                    "bottom": "2",
                                                    "left": "2",
                                                    "isLinked": true
                                                },
                                                "button_border_border": "solid",
                                                "button_border_width": {
                                                    "unit": "px",
                                                    "top": "2",
                                                    "right": "2",
                                                    "bottom": "2",
                                                    "left": "2",
                                                    "isLinked": true
                                                },
                                                "button_text_padding": {
                                                    "unit": "px",
                                                    "top": "14",
                                                    "right": "14",
                                                    "bottom": "14",
                                                    "left": "14",
                                                    "isLinked": true
                                                },
                                                "_margin": {
                                                    "unit": "px",
                                                    "top": "0",
                                                    "right": "0",
                                                    "bottom": "0",
                                                    "left": "0",
                                                    "isLinked": false
                                                },
                                                "__globals__": {
                                                    "field_background_color": "globals\/colors?id=41e718d",
                                                    "field_text_color": "globals\/colors?id=text",
                                                    "field_typography_typography": "globals\/typography?id=text",
                                                    "field_border_color": "globals\/colors?id=152652f",
                                                    "label_color": "globals\/colors?id=cc7bf96",
                                                    "button_background_color": "globals\/colors?id=primary",
                                                    "button_text_color": "globals\/colors?id=secondary",
                                                    "button_border_color": "globals\/colors?id=primary",
                                                    "button_background_hover_color": "globals\/colors?id=f491614",
                                                    "button_hover_color": "globals\/colors?id=secondary",
                                                    "button_hover_border_color": "globals\/colors?id=primary",
                                                    "button_typography_typography": "globals\/typography?id=315709c"
                                                }
                                            },
                                            "elements": [],
                                            "isInner": false,
                                            "widgetType": "form",
                                            "elType": "widget"
                                        }
                                    ],
                                    "isInner": true,
                                    "elType": "column"
                                }
                            ],
                            "isInner": true,
                            "elType": "section"
                        },
                        {
                            "id": "28bf7025",
                            "settings": {
                                "gap": "no",
                                "background_background": "classic",
                                "margin": {
                                    "unit": "px",
                                    "top": "40",
                                    "right": 0,
                                    "bottom": "0",
                                    "left": 0,
                                    "isLinked": false
                                },
                                "padding": {
                                    "unit": "px",
                                    "top": "40",
                                    "right": "40",
                                    "bottom": "40",
                                    "left": "40",
                                    "isLinked": true
                                },
                                "__globals__": {
                                    "background_color": "globals\/colors?id=accent"
                                },
                                "padding_mobile": {
                                    "unit": "px",
                                    "top": "40",
                                    "right": "24",
                                    "bottom": "40",
                                    "left": "24",
                                    "isLinked": false
                                },
                                "animation": "fadeInUp"
                            },
                            "elements": [
                                {
                                    "id": "4e08bcbd",
                                    "settings": {
                                        "_column_size": 100,
                                        "_inline_size": null
                                    },
                                    "elements": [
                                        {
                                            "id": "1ac1e51",
                                            "settings": {
                                                "title": "Blog Categories",
                                                "header_size": "h3",
                                                "align": "center",
                                                "__globals__": {
                                                    "typography_typography": "globals\/typography?id=d2be5a1"
                                                }
                                            },
                                            "elements": [],
                                            "isInner": false,
                                            "widgetType": "heading",
                                            "elType": "widget"
                                        },
                                        {
                                            "id": "439dc7b0",
                                            "settings": {
                                                "style": "dashed",
                                                "align": "center",
                                                "look": "line_icon",
                                                "text": "Divider",
                                                "icon": {
                                                    "value": "fas fa-square-full",
                                                    "library": "fa-solid"
                                                },
                                                "gap": {
                                                    "unit": "px",
                                                    "size": 28,
                                                    "sizes": []
                                                },
                                                "icon_size": {
                                                    "unit": "px",
                                                    "size": 10,
                                                    "sizes": []
                                                },
                                                "__globals__": {
                                                    "color": "globals\/colors?id=152652f",
                                                    "primary_color": "globals\/colors?id=primary"
                                                }
                                            },
                                            "elements": [],
                                            "isInner": false,
                                            "widgetType": "divider",
                                            "elType": "widget"
                                        },
                                        {
                                            "id": "36170b5c",
                                            "settings": {
                                                "icon_list": [
                                                    {
                                                        "text": "Digital Marketing",
                                                        "selected_icon": {
                                                            "value": "fas fa-chevron-right",
                                                            "library": "fa-solid"
                                                        },
                                                        "_id": "d847202",
                                                        "link": {
                                                            "url": "#",
                                                            "is_external": "",
                                                            "nofollow": "",
                                                            "custom_attributes": ""
                                                        }
                                                    },
                                                    {
                                                        "text": "Business Development",
                                                        "selected_icon": {
                                                            "value": "fas fa-chevron-right",
                                                            "library": "fa-solid"
                                                        },
                                                        "link": {
                                                            "url": "#",
                                                            "is_external": "",
                                                            "nofollow": "",
                                                            "custom_attributes": ""
                                                        },
                                                        "_id": "3ba0a82"
                                                    },
                                                    {
                                                        "text": "Artificial Intelligence ",
                                                        "selected_icon": {
                                                            "value": "fas fa-chevron-right",
                                                            "library": "fa-solid"
                                                        },
                                                        "link": {
                                                            "url": "#",
                                                            "is_external": "",
                                                            "nofollow": "",
                                                            "custom_attributes": ""
                                                        },
                                                        "_id": "f364267"
                                                    },
                                                    {
                                                        "text": "Digital Reputation",
                                                        "selected_icon": {
                                                            "value": "fas fa-chevron-right",
                                                            "library": "fa-solid"
                                                        },
                                                        "link": {
                                                            "url": "#",
                                                            "is_external": "",
                                                            "nofollow": "",
                                                            "custom_attributes": ""
                                                        },
                                                        "_id": "b820155"
                                                    },
                                                    {
                                                        "text": "Content Marketing",
                                                        "selected_icon": {
                                                            "value": "fas fa-chevron-right",
                                                            "library": "fa-solid"
                                                        },
                                                        "link": {
                                                            "url": "#",
                                                            "is_external": "",
                                                            "nofollow": "",
                                                            "custom_attributes": ""
                                                        },
                                                        "_id": "e56a503"
                                                    },
                                                    {
                                                        "text": "Digital  Trends",
                                                        "selected_icon": {
                                                            "value": "fas fa-chevron-right",
                                                            "library": "fa-solid"
                                                        },
                                                        "link": {
                                                            "url": "#",
                                                            "is_external": "",
                                                            "nofollow": "",
                                                            "custom_attributes": ""
                                                        },
                                                        "_id": "1867fb7"
                                                    }
                                                ],
                                                "space_between": {
                                                    "unit": "px",
                                                    "size": 16,
                                                    "sizes": []
                                                },
                                                "icon_size": {
                                                    "unit": "px",
                                                    "size": 12,
                                                    "sizes": []
                                                },
                                                "text_indent": {
                                                    "unit": "px",
                                                    "size": 4,
                                                    "sizes": []
                                                },
                                                "icon_self_align": "left",
                                                "icon_self_vertical_align": "center",
                                                "_margin": {
                                                    "unit": "px",
                                                    "top": "0",
                                                    "right": "0",
                                                    "bottom": "0",
                                                    "left": "0",
                                                    "isLinked": false
                                                },
                                                "__globals__": {
                                                    "icon_color": "globals\/colors?id=cc7bf96",
                                                    "icon_color_hover": "globals\/colors?id=primary",
                                                    "icon_typography_typography": "globals\/typography?id=005f9ca",
                                                    "text_color": "globals\/colors?id=text",
                                                    "text_color_hover": "globals\/colors?id=primary"
                                                }
                                            },
                                            "elements": [],
                                            "isInner": false,
                                            "widgetType": "icon-list",
                                            "elType": "widget"
                                        }
                                    ],
                                    "isInner": true,
                                    "elType": "column"
                                }
                            ],
                            "isInner": true,
                            "elType": "section"
                        },
                        {
                            "id": "6c9a964d",
                            "settings": {
                                "gap": "no",
                                "background_background": "classic",
                                "margin": {
                                    "unit": "px",
                                    "top": "40",
                                    "right": 0,
                                    "bottom": "0",
                                    "left": 0,
                                    "isLinked": false
                                },
                                "padding": {
                                    "unit": "px",
                                    "top": "12",
                                    "right": "12",
                                    "bottom": "12",
                                    "left": "12",
                                    "isLinked": true
                                },
                                "__globals__": {
                                    "background_color": "globals\/colors?id=accent"
                                },
                                "padding_mobile": {
                                    "unit": "px",
                                    "top": "8",
                                    "right": "8",
                                    "bottom": "8",
                                    "left": "8",
                                    "isLinked": true
                                },
                                "animation": "fadeInUp",
                                "animation_duration": "slow"
                            },
                            "elements": [
                                {
                                    "id": "56f21813",
                                    "settings": {
                                        "_column_size": 100,
                                        "_inline_size": null
                                    },
                                    "elements": [
                                        {
                                            "id": "1dbbeca6",
                                            "settings": {
                                                "gallery": [
                                                    {
                                                        "id": 1132,
                                                        "url": "https:\/\/www.xable.oxacor.com\/wp-content\/uploads\/exploring-virtual-reality.jpg"
                                                    },
                                                    {
                                                        "id": 1131,
                                                        "url": "https:\/\/www.xable.oxacor.com\/wp-content\/uploads\/vr-virtual-reality-equipment-on-the-table.jpg"
                                                    },
                                                    {
                                                        "id": 824,
                                                        "url": "https:\/\/www.xable.oxacor.com\/wp-content\/uploads\/shot-of-two-call-centre-agents-working-together-in-an-office-at-night.jpg"
                                                    },
                                                    {
                                                        "id": 520,
                                                        "url": "https:\/\/www.xable.oxacor.com\/wp-content\/uploads\/teamwork-at-office.jpg"
                                                    },
                                                    {
                                                        "id": 661,
                                                        "url": "https:\/\/www.xable.oxacor.com\/wp-content\/uploads\/young-businessman-using-digital-tablet-in-office.jpg"
                                                    },
                                                    {
                                                        "id": 866,
                                                        "url": "https:\/\/www.xable.oxacor.com\/wp-content\/uploads\/pleasant-working-day-.jpg"
                                                    }
                                                ],
                                                "galleries": [
                                                    {
                                                        "gallery_title": "New Gallery",
                                                        "_id": "8ce5fb8"
                                                    }
                                                ],
                                                "lazyload": "",
                                                "columns": 3,
                                                "gap": {
                                                    "unit": "px",
                                                    "size": 12,
                                                    "sizes": []
                                                },
                                                "open_lightbox": "no",
                                                "aspect_ratio": "1:1",
                                                "thumbnail_image_size": "medium_large",
                                                "show_all_galleries_label": "All",
                                                "columns_tablet": 3,
                                                "columns_mobile": 3,
                                                "gap_tablet": {
                                                    "unit": "px",
                                                    "size": 12,
                                                    "sizes": []
                                                },
                                                "gap_mobile": {
                                                    "unit": "px",
                                                    "size": 8,
                                                    "sizes": []
                                                },
                                                "link_to": "",
                                                "overlay_background": "",
                                                "image_hover_animation": "grow"
                                            },
                                            "elements": [],
                                            "isInner": false,
                                            "widgetType": "gallery",
                                            "elType": "widget"
                                        }
                                    ],
                                    "isInner": true,
                                    "elType": "column"
                                }
                            ],
                            "isInner": true,
                            "elType": "section"
                        }
                    ],
                    "isInner": false,
                    "elType": "column"
                }
            ],
            "isInner": false,
            "elType": "section"
        },
        {
            "id": "3575571b",
            "settings": {
                "gap": "no",
                "margin": {
                    "unit": "px",
                    "top": "120",
                    "right": 0,
                    "bottom": "0",
                    "left": 0,
                    "isLinked": false
                },
                "padding": {
                    "unit": "px",
                    "top": "0",
                    "right": "0",
                    "bottom": "0",
                    "left": "0",
                    "isLinked": false
                },
                "__globals__": {
                    "background_color": "globals\/colors?id=accent"
                },
                "padding_tablet": {
                    "unit": "px",
                    "top": "0",
                    "right": "60",
                    "bottom": "0",
                    "left": "60",
                    "isLinked": false
                },
                "padding_mobile": {
                    "unit": "px",
                    "top": "0",
                    "right": "28",
                    "bottom": "0",
                    "left": "28",
                    "isLinked": false
                },
                "animation": "fadeInUp"
            },
            "elements": [
                {
                    "id": "5b366bb6",
                    "settings": {
                        "_column_size": 100,
                        "_inline_size": null
                    },
                    "elements": [
                        {
                            "id": "41264f21",
                            "settings": {
                                "title": "More Interesting Posts",
                                "align": "center",
                                "_margin": {
                                    "unit": "px",
                                    "top": "0",
                                    "right": "0",
                                    "bottom": "40",
                                    "left": "0",
                                    "isLinked": false
                                }
                            },
                            "elements": [],
                            "isInner": false,
                            "widgetType": "heading",
                            "elType": "widget"
                        },
                        {
                            "id": "4230df33",
                            "settings": {
                                "classic_columns": "4",
                                "classic_posts_per_page": 4,
                                "classic_thumbnail_size_size": "large",
                                "classic_excerpt_length": 35,
                                "classic_meta_data": [
                                    "author",
                                    "date"
                                ],
                                "classic_meta_separator": ".",
                                "classic_read_more_text": "Read More...",
                                "cards_meta_separator": "\u2022",
                                "cards_read_more_text": "Read More \u00bb",
                                "full_content_meta_separator": "\/\/\/",
                                "classic_column_gap": {
                                    "unit": "px",
                                    "size": 24,
                                    "sizes": []
                                },
                                "classic_row_gap": {
                                    "unit": "px",
                                    "size": 24,
                                    "sizes": []
                                },
                                "classic_alignment": "center",
                                "classic_image_spacing": {
                                    "unit": "px",
                                    "size": 0,
                                    "sizes": []
                                },
                                "classic_thumbnail_hover_filters_css_filter": "custom",
                                "classic_thumbnail_hover_filters_brightness": {
                                    "unit": "px",
                                    "size": 80,
                                    "sizes": []
                                },
                                "classic_title_spacing": {
                                    "unit": "px",
                                    "size": 12,
                                    "sizes": []
                                },
                                "classic_meta_spacing": {
                                    "unit": "px",
                                    "size": 0,
                                    "sizes": []
                                },
                                "classic_excerpt_spacing": {
                                    "unit": "px",
                                    "size": 24,
                                    "sizes": []
                                },
                                "pagination_page_limit": "5",
                                "pagination_prev_label": "&laquo; Previous",
                                "pagination_next_label": "Next &raquo;",
                                "text": "Load More",
                                "load_more_no_posts_custom_message": "No more posts to show",
                                "_element_custom_width": {
                                    "unit": "%",
                                    "size": 46,
                                    "sizes": []
                                },
                                "__globals__": {
                                    "classic_title_typography_typography": "globals\/typography?id=01e3d1c",
                                    "classic_meta_color": "globals\/colors?id=cc7bf96",
                                    "classic_meta_typography_typography": "globals\/typography?id=499599d",
                                    "classic_excerpt_color": "globals\/colors?id=text",
                                    "classic_excerpt_typography_typography": "globals\/typography?id=text",
                                    "classic_read_more_typography_typography": "globals\/typography?id=accent",
                                    "classic_box_bg_color": "globals\/colors?id=accent",
                                    "classic_box_border_color": "globals\/colors?id=accent",
                                    "classic_box_border_color_hover": "globals\/colors?id=primary"
                                },
                                "classic_box_border_width": {
                                    "unit": "px",
                                    "top": "0",
                                    "right": "0",
                                    "bottom": "2",
                                    "left": "0",
                                    "isLinked": false
                                },
                                "classic_content_padding": {
                                    "unit": "px",
                                    "top": "24",
                                    "right": "24",
                                    "bottom": "24",
                                    "left": "24",
                                    "isLinked": true
                                },
                                "classic_show_excerpt": "",
                                "classic_show_read_more": "",
                                "posts_post_type": "related",
                                "classic_item_ratio_mobile": {
                                    "unit": "px",
                                    "size": 0.66,
                                    "sizes": []
                                }
                            },
                            "elements": [],
                            "isInner": false,
                            "widgetType": "posts",
                            "elType": "widget"
                        }
                    ],
                    "isInner": false,
                    "elType": "column"
                }
            ],
            "isInner": false,
            "elType": "section"
        },
        {
            "id": "12411017",
            "settings": {
                "gap": "no",
                "content_width": {
                    "unit": "px",
                    "size": 900,
                    "sizes": []
                },
                "margin": {
                    "unit": "px",
                    "top": "120",
                    "right": 0,
                    "bottom": "0",
                    "left": 0,
                    "isLinked": false
                },
                "padding_tablet": {
                    "unit": "px",
                    "top": "0",
                    "right": "60",
                    "bottom": "0",
                    "left": "60",
                    "isLinked": false
                },
                "padding_mobile": {
                    "unit": "px",
                    "top": "0",
                    "right": "28",
                    "bottom": "0",
                    "left": "28",
                    "isLinked": false
                }
            },
            "elements": [
                {
                    "id": "6f5227fb",
                    "settings": {
                        "_column_size": 100,
                        "_inline_size": null
                    },
                    "elements": [
                        {
                            "id": "160c7795",
                            "settings": {
                                "_skin": "theme_comments"
                            },
                            "elements": [],
                            "isInner": false,
                            "widgetType": "post-comments",
                            "elType": "widget"
                        }
                    ],
                    "isInner": false,
                    "elType": "column"
                }
            ],
            "isInner": false,
            "elType": "section"
        },
        {
            "id": "17c9caa8",
            "settings": {
                "layout": "full_width",
                "gap": "no",
                "margin": {
                    "unit": "px",
                    "top": "120",
                    "right": 0,
                    "bottom": "0",
                    "left": 0,
                    "isLinked": false
                },
                "animation": "fadeInUp"
            },
            "elements": [
                {
                    "id": "4bc7ad92",
                    "settings": {
                        "_column_size": 100,
                        "_inline_size": null
                    },
                    "elements": [
                        {
                            "id": "4903650b",
                            "settings": {
                                "template_id": "1823"
                            },
                            "elements": [],
                            "isInner": false,
                            "widgetType": "template",
                            "elType": "widget"
                        }
                    ],
                    "isInner": false,
                    "elType": "column"
                }
            ],
            "isInner": false,
            "elType": "section"
        }
    ],
    "page_settings": {
        "content_wrapper_html_tag": "article"
    }
}