{
    "version": "0.4",
    "title": "Testimonials",
    "type": "page",
    "metadata": {
        "template_type": "single-page",
        "include_in_zip": "1",
        "elementor_pro_required": "1",
        "wp_page_template": "elementor_header_footer"
    },
    "content": [
        {
            "id": "112aea7a",
            "settings": {
                "content_width": {
                    "unit": "px",
                    "size": 700,
                    "sizes": []
                },
                "gap": "no",
                "custom_height": {
                    "unit": "vh",
                    "size": 100,
                    "sizes": []
                },
                "custom_height_tablet": {
                    "unit": "vh",
                    "size": "",
                    "sizes": []
                },
                "content_position": "middle",
                "background_background": "classic",
                "background_image": {
                    "url": "https:\/\/www.xable.oxacor.com\/wp-content\/uploads\/startup-teamwork-brainstorming-meeting-concept-in-office.jpg",
                    "id": 1253,
                    "size": "",
                    "alt": "Startup Teamwork Brainstorming Meeting concept in office",
                    "source": "library"
                },
                "background_position": "center center",
                "background_attachment": "fixed",
                "background_repeat": "no-repeat",
                "background_size": "cover",
                "background_overlay_background": "classic",
                "background_overlay_opacity": {
                    "unit": "px",
                    "size": 0.72,
                    "sizes": []
                },
                "overlay_blend_mode": "multiply",
                "margin": {
                    "unit": "px",
                    "top": "-124",
                    "right": 0,
                    "bottom": "0",
                    "left": 0,
                    "isLinked": false
                },
                "margin_tablet": {
                    "unit": "px",
                    "top": "",
                    "right": 0,
                    "bottom": "",
                    "left": 0,
                    "isLinked": true
                },
                "margin_mobile": {
                    "unit": "px",
                    "top": "-90",
                    "right": 0,
                    "bottom": "0",
                    "left": 0,
                    "isLinked": false
                },
                "padding": {
                    "unit": "px",
                    "top": "248",
                    "right": "0",
                    "bottom": "160",
                    "left": "0",
                    "isLinked": false
                },
                "__globals__": {
                    "background_overlay_color": "globals\/colors?id=41e718d"
                },
                "padding_mobile": {
                    "unit": "px",
                    "top": "180",
                    "right": "0",
                    "bottom": "120",
                    "left": "0",
                    "isLinked": false
                }
            },
            "elements": [
                {
                    "id": "4a4a5f05",
                    "settings": {
                        "_column_size": 100,
                        "_inline_size": null,
                        "align": "center",
                        "margin_mobile": {
                            "unit": "px",
                            "top": "0",
                            "right": "0",
                            "bottom": "0",
                            "left": "0",
                            "isLinked": false
                        },
                        "padding_mobile": {
                            "unit": "px",
                            "top": "0",
                            "right": "20",
                            "bottom": "0",
                            "left": "20",
                            "isLinked": false
                        }
                    },
                    "elements": [
                        {
                            "id": "51239125",
                            "settings": {
                                "selected_icon": {
                                    "value": "",
                                    "library": ""
                                },
                                "title_text": "Testimonials",
                                "description_text": "Our clients recount their experiences and results achieved with our services. Hear it from those who've experienced our commitment to excellence first-hand.",
                                "title_size": "h1",
                                "text_align": "center",
                                "title_bottom_space": {
                                    "unit": "px",
                                    "size": 20,
                                    "sizes": []
                                },
                                "__globals__": {
                                    "description_color": "",
                                    "description_typography_typography": "globals\/typography?id=2d4f93f"
                                }
                            },
                            "elements": [],
                            "isInner": false,
                            "widgetType": "icon-box",
                            "elType": "widget"
                        }
                    ],
                    "isInner": false,
                    "elType": "column"
                }
            ],
            "isInner": false,
            "elType": "section"
        },
        {
            "id": "469b57ef",
            "settings": {
                "gap": "no",
                "structure": "20",
                "margin": {
                    "unit": "px",
                    "top": "120",
                    "right": 0,
                    "bottom": "0",
                    "left": 0,
                    "isLinked": false
                },
                "margin_mobile": {
                    "unit": "px",
                    "top": "100",
                    "right": 0,
                    "bottom": "0",
                    "left": 0,
                    "isLinked": false
                },
                "padding_tablet": {
                    "unit": "px",
                    "top": "0",
                    "right": "40",
                    "bottom": "0",
                    "left": "40",
                    "isLinked": false
                },
                "padding_mobile": {
                    "unit": "px",
                    "top": "0",
                    "right": "0",
                    "bottom": "0",
                    "left": "0",
                    "isLinked": false
                }
            },
            "elements": [
                {
                    "id": "4663a243",
                    "settings": {
                        "_column_size": 50,
                        "_inline_size": 50,
                        "content_position": "bottom",
                        "background_background": "classic",
                        "background_image": {
                            "url": "https:\/\/www.xable.oxacor.com\/wp-content\/uploads\/bright-new-ideas-for-their-brainstorming-session.jpg",
                            "id": 1251,
                            "size": "",
                            "alt": "Bright new ideas for their brainstorming session",
                            "source": "library"
                        },
                        "background_position": "center center",
                        "background_repeat": "no-repeat",
                        "background_size": "cover",
                        "background_overlay_background": "classic",
                        "background_overlay_opacity": {
                            "unit": "px",
                            "size": 0.6,
                            "sizes": []
                        },
                        "border_border": "solid",
                        "border_width": {
                            "unit": "px",
                            "top": "4",
                            "right": "4",
                            "bottom": "4",
                            "left": "4",
                            "isLinked": true
                        },
                        "margin": {
                            "unit": "px",
                            "top": "20",
                            "right": "20",
                            "bottom": "20",
                            "left": "20",
                            "isLinked": true
                        },
                        "padding": {
                            "unit": "px",
                            "top": "40",
                            "right": "40",
                            "bottom": "40",
                            "left": "40",
                            "isLinked": false
                        },
                        "__globals__": {
                            "background_overlay_color": "globals\/colors?id=41e718d",
                            "border_color": "globals\/colors?id=152652f"
                        },
                        "_inline_size_tablet": 100,
                        "padding_tablet": {
                            "unit": "px",
                            "top": "100",
                            "right": "40",
                            "bottom": "100",
                            "left": "40",
                            "isLinked": false
                        },
                        "padding_mobile": {
                            "unit": "px",
                            "top": "80",
                            "right": "40",
                            "bottom": "80",
                            "left": "40",
                            "isLinked": false
                        },
                        "animation": "zoomIn"
                    },
                    "elements": [
                        {
                            "id": "52836ce8",
                            "settings": {
                                "selected_icon": {
                                    "value": "fas fa-play-circle",
                                    "library": "fa-solid"
                                },
                                "view": "stacked",
                                "shape": "square",
                                "link": {
                                    "url": "#",
                                    "is_external": "",
                                    "nofollow": "",
                                    "custom_attributes": ""
                                },
                                "hover_animation": "grow",
                                "size": {
                                    "unit": "px",
                                    "size": 40,
                                    "sizes": []
                                },
                                "icon_padding": {
                                    "unit": "px",
                                    "size": 16,
                                    "sizes": []
                                },
                                "_margin": {
                                    "unit": "px",
                                    "top": "0",
                                    "right": "0",
                                    "bottom": "40",
                                    "left": "0",
                                    "isLinked": false
                                },
                                "__globals__": {
                                    "primary_color": "globals\/colors?id=primary",
                                    "secondary_color": "globals\/colors?id=secondary"
                                }
                            },
                            "elements": [],
                            "isInner": false,
                            "widgetType": "icon",
                            "elType": "widget"
                        },
                        {
                            "id": "58afe7b2",
                            "settings": {
                                "testimonial_content": "",
                                "testimonial_image": {
                                    "url": "https:\/\/www.xable.oxacor.com\/wp-content\/uploads\/bright-new-ideas-for-their-brainstorming-session.jpg",
                                    "id": 1251,
                                    "size": "",
                                    "alt": "Bright new ideas for their brainstorming session",
                                    "source": "library"
                                },
                                "testimonial_name": "Samantha Milner",
                                "testimonial_job": "Founder & CEO, Mindful LLC",
                                "image_size": {
                                    "unit": "px",
                                    "size": 72,
                                    "sizes": []
                                },
                                "image_border_border": "solid",
                                "image_border_width": {
                                    "unit": "px",
                                    "top": "3",
                                    "right": "3",
                                    "bottom": "3",
                                    "left": "3",
                                    "isLinked": true
                                },
                                "__globals__": {
                                    "content_typography_typography": "globals\/typography?id=2d4f93f",
                                    "content_content_color": "globals\/colors?id=secondary",
                                    "image_border_color": "globals\/colors?id=152652f",
                                    "name_typography_typography": "globals\/typography?id=01e3d1c",
                                    "name_text_color": "globals\/colors?id=secondary",
                                    "job_typography_typography": "globals\/typography?id=499599d",
                                    "job_text_color": "globals\/colors?id=text"
                                },
                                "testimonial_image_position": "top",
                                "_margin": {
                                    "unit": "px",
                                    "top": "0",
                                    "right": "0",
                                    "bottom": "0",
                                    "left": "0",
                                    "isLinked": false
                                },
                                "_z_index": 1
                            },
                            "elements": [],
                            "isInner": false,
                            "widgetType": "testimonial",
                            "elType": "widget"
                        }
                    ],
                    "isInner": false,
                    "elType": "column"
                },
                {
                    "id": "1421d93b",
                    "settings": {
                        "_column_size": 50,
                        "_inline_size": 50,
                        "background_background": "classic",
                        "margin": {
                            "unit": "px",
                            "top": "20",
                            "right": "20",
                            "bottom": "20",
                            "left": "20",
                            "isLinked": true
                        },
                        "padding": {
                            "unit": "px",
                            "top": "60",
                            "right": "60",
                            "bottom": "60",
                            "left": "60",
                            "isLinked": true
                        },
                        "__globals__": {
                            "background_color": "globals\/colors?id=accent"
                        },
                        "_inline_size_tablet": 100,
                        "padding_mobile": {
                            "unit": "px",
                            "top": "48",
                            "right": "24",
                            "bottom": "48",
                            "left": "24",
                            "isLinked": false
                        },
                        "animation": "fadeInUp",
                        "animation_duration": "slow"
                    },
                    "elements": [
                        {
                            "id": "5c9ae174",
                            "settings": {
                                "selected_icon": {
                                    "value": "fas fa-quote-left",
                                    "library": "fa-solid"
                                },
                                "size": {
                                    "unit": "px",
                                    "size": 40,
                                    "sizes": []
                                },
                                "_margin": {
                                    "unit": "px",
                                    "top": "0",
                                    "right": "0",
                                    "bottom": "-24",
                                    "left": "0",
                                    "isLinked": false
                                },
                                "__globals__": {
                                    "primary_color": "globals\/colors?id=152652f"
                                },
                                "align": "left"
                            },
                            "elements": [],
                            "isInner": false,
                            "widgetType": "icon",
                            "elType": "widget"
                        },
                        {
                            "id": "6519ed4e",
                            "settings": {
                                "testimonial_content": "Working with them was a breath of fresh air. Their professionalism, creativity, and technical expertise blew us away. They took the time to understand our needs and executed beyond our expectations.",
                                "testimonial_image": {
                                    "url": "https:\/\/www.xable.oxacor.com\/wp-content\/uploads\/male-architect-at-desk-in-office-amending-building-plans.jpg",
                                    "id": 2569,
                                    "size": "",
                                    "alt": "",
                                    "source": "library"
                                },
                                "testimonial_name": "John Smith",
                                "testimonial_job": "COO, TechSolutions Inc.",
                                "testimonial_alignment": "left",
                                "image_size": {
                                    "unit": "px",
                                    "size": 72,
                                    "sizes": []
                                },
                                "image_border_border": "solid",
                                "image_border_width": {
                                    "unit": "px",
                                    "top": "3",
                                    "right": "3",
                                    "bottom": "3",
                                    "left": "3",
                                    "isLinked": true
                                },
                                "__globals__": {
                                    "content_typography_typography": "globals\/typography?id=b62a13d",
                                    "content_content_color": "globals\/colors?id=secondary",
                                    "image_border_color": "globals\/colors?id=152652f",
                                    "name_typography_typography": "globals\/typography?id=01e3d1c",
                                    "name_text_color": "globals\/colors?id=secondary",
                                    "job_typography_typography": "globals\/typography?id=499599d",
                                    "job_text_color": "globals\/colors?id=text"
                                },
                                "_margin": {
                                    "unit": "px",
                                    "top": "0",
                                    "right": "0",
                                    "bottom": "0",
                                    "left": "20",
                                    "isLinked": false
                                },
                                "_z_index": 1
                            },
                            "elements": [],
                            "isInner": false,
                            "widgetType": "testimonial",
                            "elType": "widget"
                        }
                    ],
                    "isInner": false,
                    "elType": "column"
                }
            ],
            "isInner": false,
            "elType": "section"
        },
        {
            "id": "2f2544d3",
            "settings": {
                "gap": "no",
                "structure": "20",
                "margin": {
                    "unit": "px",
                    "top": "0",
                    "right": 0,
                    "bottom": "0",
                    "left": 0,
                    "isLinked": false
                },
                "padding_tablet": {
                    "unit": "px",
                    "top": "0",
                    "right": "40",
                    "bottom": "0",
                    "left": "40",
                    "isLinked": false
                },
                "padding_mobile": {
                    "unit": "px",
                    "top": "0",
                    "right": "0",
                    "bottom": "0",
                    "left": "0",
                    "isLinked": false
                }
            },
            "elements": [
                {
                    "id": "5b32d0fc",
                    "settings": {
                        "_column_size": 50,
                        "_inline_size": null,
                        "background_background": "classic",
                        "margin": {
                            "unit": "px",
                            "top": "20",
                            "right": "20",
                            "bottom": "20",
                            "left": "20",
                            "isLinked": true
                        },
                        "padding": {
                            "unit": "px",
                            "top": "60",
                            "right": "60",
                            "bottom": "60",
                            "left": "60",
                            "isLinked": true
                        },
                        "__globals__": {
                            "background_color": "globals\/colors?id=accent"
                        },
                        "_inline_size_tablet": 100,
                        "padding_mobile": {
                            "unit": "px",
                            "top": "48",
                            "right": "24",
                            "bottom": "48",
                            "left": "24",
                            "isLinked": false
                        },
                        "animation": "fadeInUp"
                    },
                    "elements": [
                        {
                            "id": "16d4a47a",
                            "settings": {
                                "selected_icon": {
                                    "value": "fas fa-quote-left",
                                    "library": "fa-solid"
                                },
                                "size": {
                                    "unit": "px",
                                    "size": 40,
                                    "sizes": []
                                },
                                "_margin": {
                                    "unit": "px",
                                    "top": "0",
                                    "right": "0",
                                    "bottom": "-24",
                                    "left": "0",
                                    "isLinked": false
                                },
                                "__globals__": {
                                    "primary_color": "globals\/colors?id=152652f"
                                },
                                "align": "left"
                            },
                            "elements": [],
                            "isInner": false,
                            "widgetType": "icon",
                            "elType": "widget"
                        },
                        {
                            "id": "2c5fa3fa",
                            "settings": {
                                "testimonial_content": "They have been instrumental in our digital transformation. Their team's ability to seamlessly integrate with our in-house staff was commendable. We look forward to continued collaboration.",
                                "testimonial_image": {
                                    "url": "https:\/\/www.xable.oxacor.com\/wp-content\/uploads\/happy-young-asian-businesswoman-standing-in-a-red-suit-holding-and-opening-document-in-office--e1681117151313.jpg",
                                    "id": 2548,
                                    "size": "",
                                    "alt": "Happy young Asian businesswoman standing in a red suit holding and opening document in office.",
                                    "source": "library"
                                },
                                "testimonial_name": "Sara Johnson",
                                "testimonial_job": "CFO, FinTrack Corp.",
                                "testimonial_alignment": "left",
                                "image_size": {
                                    "unit": "px",
                                    "size": 72,
                                    "sizes": []
                                },
                                "image_border_border": "solid",
                                "image_border_width": {
                                    "unit": "px",
                                    "top": "3",
                                    "right": "3",
                                    "bottom": "3",
                                    "left": "3",
                                    "isLinked": true
                                },
                                "__globals__": {
                                    "content_typography_typography": "globals\/typography?id=b62a13d",
                                    "content_content_color": "globals\/colors?id=secondary",
                                    "image_border_color": "globals\/colors?id=152652f",
                                    "name_typography_typography": "globals\/typography?id=01e3d1c",
                                    "name_text_color": "globals\/colors?id=secondary",
                                    "job_typography_typography": "globals\/typography?id=499599d",
                                    "job_text_color": "globals\/colors?id=text"
                                },
                                "_margin": {
                                    "unit": "px",
                                    "top": "0",
                                    "right": "0",
                                    "bottom": "0",
                                    "left": "20",
                                    "isLinked": false
                                },
                                "_z_index": 1
                            },
                            "elements": [],
                            "isInner": false,
                            "widgetType": "testimonial",
                            "elType": "widget"
                        }
                    ],
                    "isInner": false,
                    "elType": "column"
                },
                {
                    "id": "10135348",
                    "settings": {
                        "_column_size": 50,
                        "_inline_size": null,
                        "background_background": "classic",
                        "margin": {
                            "unit": "px",
                            "top": "20",
                            "right": "20",
                            "bottom": "20",
                            "left": "20",
                            "isLinked": true
                        },
                        "padding": {
                            "unit": "px",
                            "top": "60",
                            "right": "60",
                            "bottom": "60",
                            "left": "60",
                            "isLinked": true
                        },
                        "__globals__": {
                            "background_color": "globals\/colors?id=accent"
                        },
                        "_inline_size_tablet": 100,
                        "padding_mobile": {
                            "unit": "px",
                            "top": "48",
                            "right": "24",
                            "bottom": "48",
                            "left": "24",
                            "isLinked": false
                        },
                        "animation": "fadeInUp",
                        "animation_duration": "slow"
                    },
                    "elements": [
                        {
                            "id": "1a3abca3",
                            "settings": {
                                "selected_icon": {
                                    "value": "fas fa-quote-left",
                                    "library": "fa-solid"
                                },
                                "size": {
                                    "unit": "px",
                                    "size": 40,
                                    "sizes": []
                                },
                                "_margin": {
                                    "unit": "px",
                                    "top": "0",
                                    "right": "0",
                                    "bottom": "-24",
                                    "left": "0",
                                    "isLinked": false
                                },
                                "__globals__": {
                                    "primary_color": "globals\/colors?id=152652f"
                                },
                                "align": "left"
                            },
                            "elements": [],
                            "isInner": false,
                            "widgetType": "icon",
                            "elType": "widget"
                        },
                        {
                            "id": "364dfcb2",
                            "settings": {
                                "testimonial_content": "We were impressed by their comprehensive approach to digital marketing. Their strategic input has helped us significantly improve our online presence and customer engagement.",
                                "testimonial_image": {
                                    "url": "https:\/\/www.xable.oxacor.com\/wp-content\/uploads\/african-businessman-sitting-at-meeting-e1681117202581.jpg",
                                    "id": 2553,
                                    "size": "",
                                    "alt": "African businessman sitting at meeting",
                                    "source": "library"
                                },
                                "testimonial_name": "Mark Wilson",
                                "testimonial_job": "Manager, Ecoenergy Inc.",
                                "testimonial_alignment": "left",
                                "image_size": {
                                    "unit": "px",
                                    "size": 72,
                                    "sizes": []
                                },
                                "image_border_border": "solid",
                                "image_border_width": {
                                    "unit": "px",
                                    "top": "3",
                                    "right": "3",
                                    "bottom": "3",
                                    "left": "3",
                                    "isLinked": true
                                },
                                "__globals__": {
                                    "content_typography_typography": "globals\/typography?id=b62a13d",
                                    "content_content_color": "globals\/colors?id=secondary",
                                    "image_border_color": "globals\/colors?id=152652f",
                                    "name_typography_typography": "globals\/typography?id=01e3d1c",
                                    "name_text_color": "globals\/colors?id=secondary",
                                    "job_typography_typography": "globals\/typography?id=499599d",
                                    "job_text_color": "globals\/colors?id=text"
                                },
                                "_margin": {
                                    "unit": "px",
                                    "top": "0",
                                    "right": "0",
                                    "bottom": "0",
                                    "left": "20",
                                    "isLinked": false
                                },
                                "_z_index": 1
                            },
                            "elements": [],
                            "isInner": false,
                            "widgetType": "testimonial",
                            "elType": "widget"
                        }
                    ],
                    "isInner": false,
                    "elType": "column"
                }
            ],
            "isInner": false,
            "elType": "section"
        },
        {
            "id": "2c369004",
            "settings": {
                "gap": "no",
                "structure": "20",
                "margin": {
                    "unit": "px",
                    "top": "0",
                    "right": 0,
                    "bottom": "0",
                    "left": 0,
                    "isLinked": false
                },
                "padding_tablet": {
                    "unit": "px",
                    "top": "0",
                    "right": "40",
                    "bottom": "0",
                    "left": "40",
                    "isLinked": false
                },
                "padding_mobile": {
                    "unit": "px",
                    "top": "0",
                    "right": "0",
                    "bottom": "0",
                    "left": "0",
                    "isLinked": false
                }
            },
            "elements": [
                {
                    "id": "5947620f",
                    "settings": {
                        "_column_size": 50,
                        "_inline_size": null,
                        "background_background": "classic",
                        "margin": {
                            "unit": "px",
                            "top": "20",
                            "right": "20",
                            "bottom": "20",
                            "left": "20",
                            "isLinked": true
                        },
                        "padding": {
                            "unit": "px",
                            "top": "60",
                            "right": "60",
                            "bottom": "60",
                            "left": "60",
                            "isLinked": true
                        },
                        "__globals__": {
                            "background_color": "globals\/colors?id=accent"
                        },
                        "_inline_size_tablet": 100,
                        "padding_mobile": {
                            "unit": "px",
                            "top": "48",
                            "right": "24",
                            "bottom": "48",
                            "left": "24",
                            "isLinked": false
                        },
                        "animation": "fadeInUp"
                    },
                    "elements": [
                        {
                            "id": "6df3e28b",
                            "settings": {
                                "selected_icon": {
                                    "value": "fas fa-quote-left",
                                    "library": "fa-solid"
                                },
                                "size": {
                                    "unit": "px",
                                    "size": 40,
                                    "sizes": []
                                },
                                "_margin": {
                                    "unit": "px",
                                    "top": "0",
                                    "right": "0",
                                    "bottom": "-24",
                                    "left": "0",
                                    "isLinked": false
                                },
                                "__globals__": {
                                    "primary_color": "globals\/colors?id=152652f"
                                },
                                "align": "left"
                            },
                            "elements": [],
                            "isInner": false,
                            "widgetType": "icon",
                            "elType": "widget"
                        },
                        {
                            "id": "6086c049",
                            "settings": {
                                "testimonial_content": "Working with them is always a pleasure. Their team is responsive, efficient, and consistently meets deadlines. They've been integral in pushing our digital boundaries.\"",
                                "testimonial_image": {
                                    "url": "https:\/\/www.xable.oxacor.com\/wp-content\/uploads\/phoning-in-cafe.jpg",
                                    "id": 2561,
                                    "size": "",
                                    "alt": "",
                                    "source": "library"
                                },
                                "testimonial_name": "Jessica Taylor",
                                "testimonial_job": "CEO, Quantum Analytics",
                                "testimonial_alignment": "left",
                                "image_size": {
                                    "unit": "px",
                                    "size": 72,
                                    "sizes": []
                                },
                                "image_border_border": "solid",
                                "image_border_width": {
                                    "unit": "px",
                                    "top": "3",
                                    "right": "3",
                                    "bottom": "3",
                                    "left": "3",
                                    "isLinked": true
                                },
                                "__globals__": {
                                    "content_typography_typography": "globals\/typography?id=b62a13d",
                                    "content_content_color": "globals\/colors?id=secondary",
                                    "image_border_color": "globals\/colors?id=152652f",
                                    "name_typography_typography": "globals\/typography?id=01e3d1c",
                                    "name_text_color": "globals\/colors?id=secondary",
                                    "job_typography_typography": "globals\/typography?id=499599d",
                                    "job_text_color": "globals\/colors?id=text"
                                },
                                "_margin": {
                                    "unit": "px",
                                    "top": "0",
                                    "right": "0",
                                    "bottom": "0",
                                    "left": "20",
                                    "isLinked": false
                                },
                                "_z_index": 1
                            },
                            "elements": [],
                            "isInner": false,
                            "widgetType": "testimonial",
                            "elType": "widget"
                        }
                    ],
                    "isInner": false,
                    "elType": "column"
                },
                {
                    "id": "2ef466b3",
                    "settings": {
                        "_column_size": 50,
                        "_inline_size": null,
                        "background_background": "classic",
                        "margin": {
                            "unit": "px",
                            "top": "20",
                            "right": "20",
                            "bottom": "20",
                            "left": "20",
                            "isLinked": true
                        },
                        "padding": {
                            "unit": "px",
                            "top": "60",
                            "right": "60",
                            "bottom": "60",
                            "left": "60",
                            "isLinked": true
                        },
                        "__globals__": {
                            "background_color": "globals\/colors?id=accent"
                        },
                        "_inline_size_tablet": 100,
                        "padding_mobile": {
                            "unit": "px",
                            "top": "48",
                            "right": "24",
                            "bottom": "48",
                            "left": "24",
                            "isLinked": false
                        },
                        "animation": "fadeInUp",
                        "animation_duration": "slow"
                    },
                    "elements": [
                        {
                            "id": "1c6ea026",
                            "settings": {
                                "selected_icon": {
                                    "value": "fas fa-quote-left",
                                    "library": "fa-solid"
                                },
                                "size": {
                                    "unit": "px",
                                    "size": 40,
                                    "sizes": []
                                },
                                "_margin": {
                                    "unit": "px",
                                    "top": "0",
                                    "right": "0",
                                    "bottom": "-24",
                                    "left": "0",
                                    "isLinked": false
                                },
                                "__globals__": {
                                    "primary_color": "globals\/colors?id=152652f"
                                },
                                "align": "left"
                            },
                            "elements": [],
                            "isInner": false,
                            "widgetType": "icon",
                            "elType": "widget"
                        },
                        {
                            "id": "788afcdc",
                            "settings": {
                                "testimonial_content": "We entrusted them with a complex software development project, and they delivered beyond our expectations. Their technical expertise and commitment to quality are unparalleled.",
                                "testimonial_image": {
                                    "url": "https:\/\/www.xable.oxacor.com\/wp-content\/uploads\/african-american-elegant-pretty-woman-in-casual-clothes-holding-stylish-trendy-red-spectacles.jpg",
                                    "id": 2558,
                                    "size": "",
                                    "alt": "",
                                    "source": "library"
                                },
                                "testimonial_name": "Ava Evans",
                                "testimonial_job": "Creative Director, Fusion Co.",
                                "testimonial_alignment": "left",
                                "image_size": {
                                    "unit": "px",
                                    "size": 72,
                                    "sizes": []
                                },
                                "image_border_border": "solid",
                                "image_border_width": {
                                    "unit": "px",
                                    "top": "3",
                                    "right": "3",
                                    "bottom": "3",
                                    "left": "3",
                                    "isLinked": true
                                },
                                "__globals__": {
                                    "content_typography_typography": "globals\/typography?id=b62a13d",
                                    "content_content_color": "globals\/colors?id=secondary",
                                    "image_border_color": "globals\/colors?id=152652f",
                                    "name_typography_typography": "globals\/typography?id=01e3d1c",
                                    "name_text_color": "globals\/colors?id=secondary",
                                    "job_typography_typography": "globals\/typography?id=499599d",
                                    "job_text_color": "globals\/colors?id=text"
                                },
                                "_margin": {
                                    "unit": "px",
                                    "top": "0",
                                    "right": "0",
                                    "bottom": "0",
                                    "left": "20",
                                    "isLinked": false
                                },
                                "_z_index": 1
                            },
                            "elements": [],
                            "isInner": false,
                            "widgetType": "testimonial",
                            "elType": "widget"
                        }
                    ],
                    "isInner": false,
                    "elType": "column"
                }
            ],
            "isInner": false,
            "elType": "section"
        },
        {
            "id": "7a42e2cb",
            "settings": {
                "gap": "no",
                "structure": "20",
                "margin": {
                    "unit": "px",
                    "top": "0",
                    "right": 0,
                    "bottom": "0",
                    "left": 0,
                    "isLinked": false
                },
                "padding_tablet": {
                    "unit": "px",
                    "top": "0",
                    "right": "40",
                    "bottom": "0",
                    "left": "40",
                    "isLinked": false
                },
                "padding_mobile": {
                    "unit": "px",
                    "top": "0",
                    "right": "0",
                    "bottom": "0",
                    "left": "0",
                    "isLinked": false
                }
            },
            "elements": [
                {
                    "id": "73b718b9",
                    "settings": {
                        "_column_size": 50,
                        "_inline_size": 50,
                        "background_background": "classic",
                        "margin": {
                            "unit": "px",
                            "top": "20",
                            "right": "20",
                            "bottom": "20",
                            "left": "20",
                            "isLinked": true
                        },
                        "padding": {
                            "unit": "px",
                            "top": "60",
                            "right": "60",
                            "bottom": "60",
                            "left": "60",
                            "isLinked": true
                        },
                        "__globals__": {
                            "background_color": "globals\/colors?id=accent"
                        },
                        "_inline_size_tablet": 100,
                        "padding_mobile": {
                            "unit": "px",
                            "top": "48",
                            "right": "24",
                            "bottom": "48",
                            "left": "24",
                            "isLinked": false
                        },
                        "animation": "fadeInUp"
                    },
                    "elements": [
                        {
                            "id": "6d02e640",
                            "settings": {
                                "selected_icon": {
                                    "value": "fas fa-quote-left",
                                    "library": "fa-solid"
                                },
                                "size": {
                                    "unit": "px",
                                    "size": 40,
                                    "sizes": []
                                },
                                "_margin": {
                                    "unit": "px",
                                    "top": "0",
                                    "right": "0",
                                    "bottom": "-24",
                                    "left": "0",
                                    "isLinked": false
                                },
                                "__globals__": {
                                    "primary_color": "globals\/colors?id=152652f"
                                },
                                "align": "left"
                            },
                            "elements": [],
                            "isInner": false,
                            "widgetType": "icon",
                            "elType": "widget"
                        },
                        {
                            "id": "4a936052",
                            "settings": {
                                "testimonial_content": "Their maintenance service has been a lifesaver for us. They are quick to respond and fix any issues, and their proactive approach helps us avoid potential problems. They've been integral in pushing our digital boundaries.\"",
                                "testimonial_image": {
                                    "url": "https:\/\/www.xable.oxacor.com\/wp-content\/uploads\/portrait-of-handsome-pensive-businessman-in-eyeglasses-looking-away.jpg",
                                    "id": 2563,
                                    "size": "",
                                    "alt": "portrait of handsome pensive businessman in eyeglasses looking away",
                                    "source": "library"
                                },
                                "testimonial_name": "Ethan Robinson",
                                "testimonial_job": "Marketing Director, TravelWorld Inc.",
                                "testimonial_alignment": "left",
                                "image_size": {
                                    "unit": "px",
                                    "size": 72,
                                    "sizes": []
                                },
                                "image_border_border": "solid",
                                "image_border_width": {
                                    "unit": "px",
                                    "top": "3",
                                    "right": "3",
                                    "bottom": "3",
                                    "left": "3",
                                    "isLinked": true
                                },
                                "__globals__": {
                                    "content_typography_typography": "globals\/typography?id=b62a13d",
                                    "content_content_color": "globals\/colors?id=secondary",
                                    "image_border_color": "globals\/colors?id=152652f",
                                    "name_typography_typography": "globals\/typography?id=01e3d1c",
                                    "name_text_color": "globals\/colors?id=secondary",
                                    "job_typography_typography": "globals\/typography?id=499599d",
                                    "job_text_color": "globals\/colors?id=text"
                                },
                                "_margin": {
                                    "unit": "px",
                                    "top": "0",
                                    "right": "0",
                                    "bottom": "0",
                                    "left": "20",
                                    "isLinked": false
                                },
                                "_z_index": 1
                            },
                            "elements": [],
                            "isInner": false,
                            "widgetType": "testimonial",
                            "elType": "widget"
                        }
                    ],
                    "isInner": false,
                    "elType": "column"
                },
                {
                    "id": "7c16b19a",
                    "settings": {
                        "_column_size": 50,
                        "_inline_size": 50,
                        "content_position": "bottom",
                        "background_background": "classic",
                        "background_image": {
                            "url": "https:\/\/www.xable.oxacor.com\/wp-content\/uploads\/manager-using-smartphone-in-startup-business-office.jpg",
                            "id": 2549,
                            "size": "",
                            "alt": "Manager using smartphone in startup business office",
                            "source": "library"
                        },
                        "background_position": "center center",
                        "background_repeat": "no-repeat",
                        "background_size": "cover",
                        "background_overlay_background": "classic",
                        "background_overlay_opacity": {
                            "unit": "px",
                            "size": 0.6,
                            "sizes": []
                        },
                        "border_border": "solid",
                        "border_width": {
                            "unit": "px",
                            "top": "4",
                            "right": "4",
                            "bottom": "4",
                            "left": "4",
                            "isLinked": true
                        },
                        "margin": {
                            "unit": "px",
                            "top": "20",
                            "right": "20",
                            "bottom": "20",
                            "left": "20",
                            "isLinked": true
                        },
                        "padding": {
                            "unit": "px",
                            "top": "40",
                            "right": "40",
                            "bottom": "40",
                            "left": "40",
                            "isLinked": false
                        },
                        "__globals__": {
                            "background_overlay_color": "globals\/colors?id=41e718d",
                            "border_color": "globals\/colors?id=152652f"
                        },
                        "_inline_size_tablet": 100,
                        "padding_tablet": {
                            "unit": "px",
                            "top": "100",
                            "right": "40",
                            "bottom": "100",
                            "left": "40",
                            "isLinked": false
                        },
                        "padding_mobile": {
                            "unit": "px",
                            "top": "80",
                            "right": "40",
                            "bottom": "80",
                            "left": "40",
                            "isLinked": false
                        },
                        "animation": "zoomIn",
                        "animation_duration": "slow"
                    },
                    "elements": [
                        {
                            "id": "40a70349",
                            "settings": {
                                "selected_icon": {
                                    "value": "fas fa-play-circle",
                                    "library": "fa-solid"
                                },
                                "view": "stacked",
                                "shape": "square",
                                "link": {
                                    "url": "#",
                                    "is_external": "",
                                    "nofollow": "",
                                    "custom_attributes": ""
                                },
                                "hover_animation": "grow",
                                "size": {
                                    "unit": "px",
                                    "size": 40,
                                    "sizes": []
                                },
                                "icon_padding": {
                                    "unit": "px",
                                    "size": 16,
                                    "sizes": []
                                },
                                "_margin": {
                                    "unit": "px",
                                    "top": "0",
                                    "right": "0",
                                    "bottom": "40",
                                    "left": "0",
                                    "isLinked": false
                                },
                                "__globals__": {
                                    "primary_color": "globals\/colors?id=primary",
                                    "secondary_color": "globals\/colors?id=secondary"
                                }
                            },
                            "elements": [],
                            "isInner": false,
                            "widgetType": "icon",
                            "elType": "widget"
                        },
                        {
                            "id": "46addfcc",
                            "settings": {
                                "testimonial_content": "",
                                "testimonial_image": {
                                    "url": "https:\/\/www.xable.oxacor.com\/wp-content\/uploads\/manager-using-smartphone-in-startup-business-office.jpg",
                                    "id": 2549,
                                    "size": "",
                                    "alt": "Manager using smartphone in startup business office",
                                    "source": "library"
                                },
                                "testimonial_name": "Isabella Carter",
                                "testimonial_job": "CEO, EduLearn LLC.",
                                "image_size": {
                                    "unit": "px",
                                    "size": 72,
                                    "sizes": []
                                },
                                "image_border_border": "solid",
                                "image_border_width": {
                                    "unit": "px",
                                    "top": "3",
                                    "right": "3",
                                    "bottom": "3",
                                    "left": "3",
                                    "isLinked": true
                                },
                                "__globals__": {
                                    "content_typography_typography": "globals\/typography?id=2d4f93f",
                                    "content_content_color": "globals\/colors?id=secondary",
                                    "image_border_color": "globals\/colors?id=152652f",
                                    "name_typography_typography": "globals\/typography?id=01e3d1c",
                                    "name_text_color": "globals\/colors?id=secondary",
                                    "job_typography_typography": "globals\/typography?id=499599d",
                                    "job_text_color": "globals\/colors?id=text"
                                },
                                "testimonial_image_position": "top",
                                "_margin": {
                                    "unit": "px",
                                    "top": "0",
                                    "right": "0",
                                    "bottom": "0",
                                    "left": "0",
                                    "isLinked": false
                                },
                                "_z_index": 1
                            },
                            "elements": [],
                            "isInner": false,
                            "widgetType": "testimonial",
                            "elType": "widget"
                        }
                    ],
                    "isInner": false,
                    "elType": "column"
                }
            ],
            "isInner": false,
            "elType": "section"
        },
        {
            "id": "32f4d89d",
            "settings": {
                "gap": "no",
                "margin": {
                    "unit": "px",
                    "top": "120",
                    "right": 0,
                    "bottom": "0",
                    "left": 0,
                    "isLinked": false
                },
                "padding_tablet": {
                    "unit": "px",
                    "top": "0",
                    "right": "28",
                    "bottom": "0",
                    "left": "28",
                    "isLinked": false
                },
                "padding_mobile": {
                    "unit": "px",
                    "top": "0",
                    "right": "8",
                    "bottom": "0",
                    "left": "8",
                    "isLinked": false
                },
                "margin_mobile": {
                    "unit": "px",
                    "top": "100",
                    "right": 0,
                    "bottom": "0",
                    "left": 0,
                    "isLinked": false
                },
                "animation": "fadeInUp"
            },
            "elements": [
                {
                    "id": "5eec06f5",
                    "settings": {
                        "_column_size": 100,
                        "_inline_size": null,
                        "align": "space-between",
                        "__globals__": {
                            "background_color": ""
                        }
                    },
                    "elements": [
                        {
                            "id": "7101cc02",
                            "settings": {
                                "title": "We are trusted by thousands of clients",
                                "header_size": "div",
                                "align": "center",
                                "_margin": {
                                    "unit": "px",
                                    "top": "0",
                                    "right": "0",
                                    "bottom": "40",
                                    "left": "0",
                                    "isLinked": false
                                },
                                "__globals__": {
                                    "title_color": "globals\/colors?id=cc7bf96",
                                    "typography_typography": "globals\/typography?id=01e3d1c"
                                }
                            },
                            "elements": [],
                            "isInner": false,
                            "widgetType": "heading",
                            "elType": "widget"
                        },
                        {
                            "id": "13b0575f",
                            "settings": {
                                "image": {
                                    "url": "https:\/\/www.xable.oxacor.com\/wp-content\/uploads\/Logo-28-light-1.png",
                                    "id": 1404,
                                    "size": "",
                                    "alt": "",
                                    "source": "library"
                                },
                                "image_size": "full",
                                "align": "center",
                                "width": {
                                    "unit": "%",
                                    "size": 100,
                                    "sizes": []
                                },
                                "opacity": {
                                    "unit": "px",
                                    "size": 0.6,
                                    "sizes": []
                                },
                                "opacity_hover": {
                                    "unit": "px",
                                    "size": 1,
                                    "sizes": []
                                },
                                "background_hover_transition": {
                                    "unit": "px",
                                    "size": 0.8,
                                    "sizes": []
                                },
                                "hover_animation": "grow",
                                "_padding": {
                                    "unit": "px",
                                    "top": "12",
                                    "right": "40",
                                    "bottom": "12",
                                    "left": "40",
                                    "isLinked": false
                                },
                                "_padding_mobile": {
                                    "unit": "px",
                                    "top": "20",
                                    "right": "20",
                                    "bottom": "20",
                                    "left": "20",
                                    "isLinked": true
                                },
                                "_element_width": "initial",
                                "_element_custom_width": {
                                    "unit": "%",
                                    "size": 16,
                                    "sizes": []
                                },
                                "_element_custom_width_tablet": {
                                    "unit": "%",
                                    "size": 30,
                                    "sizes": []
                                },
                                "_element_custom_width_mobile": {
                                    "unit": "%",
                                    "size": 44,
                                    "sizes": []
                                },
                                "_element_vertical_align": "center"
                            },
                            "elements": [],
                            "isInner": false,
                            "widgetType": "image",
                            "elType": "widget"
                        },
                        {
                            "id": "2133f407",
                            "settings": {
                                "image": {
                                    "url": "https:\/\/www.xable.oxacor.com\/wp-content\/uploads\/Logo-6-light-1.png",
                                    "id": 1382,
                                    "size": "",
                                    "alt": "",
                                    "source": "library"
                                },
                                "image_size": "full",
                                "align": "center",
                                "width": {
                                    "unit": "%",
                                    "size": 100,
                                    "sizes": []
                                },
                                "opacity": {
                                    "unit": "px",
                                    "size": 0.6,
                                    "sizes": []
                                },
                                "opacity_hover": {
                                    "unit": "px",
                                    "size": 1,
                                    "sizes": []
                                },
                                "background_hover_transition": {
                                    "unit": "px",
                                    "size": 0.8,
                                    "sizes": []
                                },
                                "hover_animation": "grow",
                                "_padding": {
                                    "unit": "px",
                                    "top": "12",
                                    "right": "40",
                                    "bottom": "12",
                                    "left": "40",
                                    "isLinked": false
                                },
                                "_padding_mobile": {
                                    "unit": "px",
                                    "top": "20",
                                    "right": "20",
                                    "bottom": "20",
                                    "left": "20",
                                    "isLinked": true
                                },
                                "_element_width": "initial",
                                "_element_custom_width": {
                                    "unit": "%",
                                    "size": 16,
                                    "sizes": []
                                },
                                "_element_custom_width_tablet": {
                                    "unit": "%",
                                    "size": 30,
                                    "sizes": []
                                },
                                "_element_custom_width_mobile": {
                                    "unit": "%",
                                    "size": 44,
                                    "sizes": []
                                },
                                "_element_vertical_align": "center"
                            },
                            "elements": [],
                            "isInner": false,
                            "widgetType": "image",
                            "elType": "widget"
                        },
                        {
                            "id": "252a64b8",
                            "settings": {
                                "image": {
                                    "url": "https:\/\/www.xable.oxacor.com\/wp-content\/uploads\/Logo-26-light-1.png",
                                    "id": 1402,
                                    "size": "",
                                    "alt": "",
                                    "source": "library"
                                },
                                "image_size": "full",
                                "align": "center",
                                "width": {
                                    "unit": "%",
                                    "size": 100,
                                    "sizes": []
                                },
                                "opacity": {
                                    "unit": "px",
                                    "size": 0.6,
                                    "sizes": []
                                },
                                "opacity_hover": {
                                    "unit": "px",
                                    "size": 1,
                                    "sizes": []
                                },
                                "background_hover_transition": {
                                    "unit": "px",
                                    "size": 0.8,
                                    "sizes": []
                                },
                                "hover_animation": "grow",
                                "_padding": {
                                    "unit": "px",
                                    "top": "12",
                                    "right": "40",
                                    "bottom": "12",
                                    "left": "40",
                                    "isLinked": false
                                },
                                "_padding_mobile": {
                                    "unit": "px",
                                    "top": "20",
                                    "right": "20",
                                    "bottom": "20",
                                    "left": "20",
                                    "isLinked": true
                                },
                                "_element_width": "initial",
                                "_element_custom_width": {
                                    "unit": "%",
                                    "size": 16,
                                    "sizes": []
                                },
                                "_element_custom_width_tablet": {
                                    "unit": "%",
                                    "size": 30,
                                    "sizes": []
                                },
                                "_element_custom_width_mobile": {
                                    "unit": "%",
                                    "size": 44,
                                    "sizes": []
                                },
                                "_element_vertical_align": "center"
                            },
                            "elements": [],
                            "isInner": false,
                            "widgetType": "image",
                            "elType": "widget"
                        },
                        {
                            "id": "2e69095c",
                            "settings": {
                                "image": {
                                    "url": "https:\/\/www.xable.oxacor.com\/wp-content\/uploads\/Logo-10-light-1.png",
                                    "id": 1386,
                                    "size": "",
                                    "alt": "",
                                    "source": "library"
                                },
                                "image_size": "full",
                                "align": "center",
                                "width": {
                                    "unit": "%",
                                    "size": 100,
                                    "sizes": []
                                },
                                "opacity": {
                                    "unit": "px",
                                    "size": 0.6,
                                    "sizes": []
                                },
                                "opacity_hover": {
                                    "unit": "px",
                                    "size": 1,
                                    "sizes": []
                                },
                                "background_hover_transition": {
                                    "unit": "px",
                                    "size": 0.8,
                                    "sizes": []
                                },
                                "hover_animation": "grow",
                                "_padding": {
                                    "unit": "px",
                                    "top": "12",
                                    "right": "40",
                                    "bottom": "12",
                                    "left": "40",
                                    "isLinked": false
                                },
                                "_padding_mobile": {
                                    "unit": "px",
                                    "top": "20",
                                    "right": "20",
                                    "bottom": "20",
                                    "left": "20",
                                    "isLinked": true
                                },
                                "_element_width": "initial",
                                "_element_custom_width": {
                                    "unit": "%",
                                    "size": 16,
                                    "sizes": []
                                },
                                "_element_custom_width_tablet": {
                                    "unit": "%",
                                    "size": 30,
                                    "sizes": []
                                },
                                "_element_custom_width_mobile": {
                                    "unit": "%",
                                    "size": 44,
                                    "sizes": []
                                },
                                "_element_vertical_align": "center"
                            },
                            "elements": [],
                            "isInner": false,
                            "widgetType": "image",
                            "elType": "widget"
                        },
                        {
                            "id": "206d5516",
                            "settings": {
                                "image": {
                                    "url": "https:\/\/www.xable.oxacor.com\/wp-content\/uploads\/Logo-12-light-1.png",
                                    "id": 1388,
                                    "size": "",
                                    "alt": "",
                                    "source": "library"
                                },
                                "image_size": "full",
                                "align": "center",
                                "width": {
                                    "unit": "%",
                                    "size": 100,
                                    "sizes": []
                                },
                                "opacity": {
                                    "unit": "px",
                                    "size": 0.6,
                                    "sizes": []
                                },
                                "opacity_hover": {
                                    "unit": "px",
                                    "size": 1,
                                    "sizes": []
                                },
                                "background_hover_transition": {
                                    "unit": "px",
                                    "size": 0.8,
                                    "sizes": []
                                },
                                "hover_animation": "grow",
                                "_padding": {
                                    "unit": "px",
                                    "top": "12",
                                    "right": "40",
                                    "bottom": "12",
                                    "left": "40",
                                    "isLinked": false
                                },
                                "_padding_mobile": {
                                    "unit": "px",
                                    "top": "20",
                                    "right": "20",
                                    "bottom": "20",
                                    "left": "20",
                                    "isLinked": true
                                },
                                "_element_width": "initial",
                                "_element_custom_width": {
                                    "unit": "%",
                                    "size": 16,
                                    "sizes": []
                                },
                                "_element_custom_width_tablet": {
                                    "unit": "%",
                                    "size": 30,
                                    "sizes": []
                                },
                                "_element_custom_width_mobile": {
                                    "unit": "%",
                                    "size": 44,
                                    "sizes": []
                                },
                                "_element_vertical_align": "center"
                            },
                            "elements": [],
                            "isInner": false,
                            "widgetType": "image",
                            "elType": "widget"
                        },
                        {
                            "id": "fb10792",
                            "settings": {
                                "image": {
                                    "url": "https:\/\/www.xable.oxacor.com\/wp-content\/uploads\/Logo-13-light-1.png",
                                    "id": 1389,
                                    "size": "",
                                    "alt": "",
                                    "source": "library"
                                },
                                "image_size": "full",
                                "align": "center",
                                "width": {
                                    "unit": "%",
                                    "size": 100,
                                    "sizes": []
                                },
                                "opacity": {
                                    "unit": "px",
                                    "size": 0.6,
                                    "sizes": []
                                },
                                "opacity_hover": {
                                    "unit": "px",
                                    "size": 1,
                                    "sizes": []
                                },
                                "background_hover_transition": {
                                    "unit": "px",
                                    "size": 0.8,
                                    "sizes": []
                                },
                                "hover_animation": "grow",
                                "_padding": {
                                    "unit": "px",
                                    "top": "12",
                                    "right": "40",
                                    "bottom": "12",
                                    "left": "40",
                                    "isLinked": false
                                },
                                "_padding_mobile": {
                                    "unit": "px",
                                    "top": "20",
                                    "right": "20",
                                    "bottom": "20",
                                    "left": "20",
                                    "isLinked": true
                                },
                                "_element_width": "initial",
                                "_element_custom_width": {
                                    "unit": "%",
                                    "size": 16,
                                    "sizes": []
                                },
                                "_element_custom_width_tablet": {
                                    "unit": "%",
                                    "size": 30,
                                    "sizes": []
                                },
                                "_element_custom_width_mobile": {
                                    "unit": "%",
                                    "size": 44,
                                    "sizes": []
                                },
                                "_element_vertical_align": "center"
                            },
                            "elements": [],
                            "isInner": false,
                            "widgetType": "image",
                            "elType": "widget"
                        }
                    ],
                    "isInner": false,
                    "elType": "column"
                }
            ],
            "isInner": false,
            "elType": "section"
        },
        {
            "id": "7a674024",
            "settings": {
                "layout": "full_width",
                "gap": "no",
                "margin": {
                    "unit": "px",
                    "top": "70",
                    "right": 0,
                    "bottom": "0",
                    "left": 0,
                    "isLinked": false
                },
                "animation": "fadeInUp"
            },
            "elements": [
                {
                    "id": "7ac55a3f",
                    "settings": {
                        "_column_size": 100,
                        "_inline_size": null
                    },
                    "elements": [
                        {
                            "id": "49818a63",
                            "settings": {
                                "template_id": "1823"
                            },
                            "elements": [],
                            "isInner": false,
                            "widgetType": "template",
                            "elType": "widget"
                        }
                    ],
                    "isInner": false,
                    "elType": "column"
                }
            ],
            "isInner": false,
            "elType": "section"
        }
    ]
}