{
    "version": "0.4",
    "title": "Work Process",
    "type": "page",
    "metadata": {
        "template_type": "single-page",
        "include_in_zip": "1",
        "elementor_pro_required": "1",
        "wp_page_template": "elementor_header_footer"
    },
    "content": [
        {
            "id": "2ba59a7",
            "settings": {
                "content_width": {
                    "unit": "px",
                    "size": 700,
                    "sizes": []
                },
                "gap": "no",
                "custom_height": {
                    "unit": "vh",
                    "size": 100,
                    "sizes": []
                },
                "custom_height_tablet": {
                    "unit": "vh",
                    "size": "",
                    "sizes": []
                },
                "content_position": "middle",
                "background_background": "classic",
                "background_image": {
                    "url": "https:\/\/www.xable.oxacor.com\/wp-content\/uploads\/programmers-cooperating-brainstorming-at-information-technology-company-2.jpg",
                    "id": 1281,
                    "size": "",
                    "alt": "Programmers cooperating brainstorming at information technology company",
                    "source": "library"
                },
                "background_position": "center center",
                "background_attachment": "fixed",
                "background_repeat": "no-repeat",
                "background_size": "cover",
                "background_overlay_background": "classic",
                "background_overlay_opacity": {
                    "unit": "px",
                    "size": 0.72,
                    "sizes": []
                },
                "overlay_blend_mode": "multiply",
                "margin": {
                    "unit": "px",
                    "top": "-124",
                    "right": 0,
                    "bottom": "0",
                    "left": 0,
                    "isLinked": false
                },
                "margin_tablet": {
                    "unit": "px",
                    "top": "",
                    "right": 0,
                    "bottom": "",
                    "left": 0,
                    "isLinked": true
                },
                "margin_mobile": {
                    "unit": "px",
                    "top": "-90",
                    "right": 0,
                    "bottom": "0",
                    "left": 0,
                    "isLinked": false
                },
                "padding": {
                    "unit": "px",
                    "top": "248",
                    "right": "0",
                    "bottom": "160",
                    "left": "0",
                    "isLinked": false
                },
                "__globals__": {
                    "background_overlay_color": "globals\/colors?id=41e718d"
                },
                "padding_mobile": {
                    "unit": "px",
                    "top": "180",
                    "right": "0",
                    "bottom": "120",
                    "left": "0",
                    "isLinked": false
                }
            },
            "elements": [
                {
                    "id": "a4d1dde",
                    "settings": {
                        "_column_size": 100,
                        "_inline_size": null,
                        "align": "center",
                        "margin_mobile": {
                            "unit": "px",
                            "top": "0",
                            "right": "0",
                            "bottom": "0",
                            "left": "0",
                            "isLinked": false
                        },
                        "padding_mobile": {
                            "unit": "px",
                            "top": "0",
                            "right": "20",
                            "bottom": "0",
                            "left": "20",
                            "isLinked": false
                        },
                        "padding_tablet": {
                            "unit": "px",
                            "top": "0",
                            "right": "28",
                            "bottom": "0",
                            "left": "28",
                            "isLinked": false
                        }
                    },
                    "elements": [
                        {
                            "id": "2006c021",
                            "settings": {
                                "selected_icon": {
                                    "value": "",
                                    "library": ""
                                },
                                "title_text": "Work Process",
                                "description_text": "Our work process is designed to be collaborative, thorough, and tailored to your unique business needs. Our work process embodies our commitment to delivering top-notch, results-driven solutions.",
                                "title_size": "h1",
                                "title_bottom_space": {
                                    "unit": "px",
                                    "size": 20,
                                    "sizes": []
                                },
                                "__globals__": {
                                    "description_typography_typography": "globals\/typography?id=2d4f93f"
                                }
                            },
                            "elements": [],
                            "isInner": false,
                            "widgetType": "icon-box",
                            "elType": "widget"
                        }
                    ],
                    "isInner": false,
                    "elType": "column"
                }
            ],
            "isInner": false,
            "elType": "section"
        },
        {
            "id": "34b0936f",
            "settings": {
                "content_width": {
                    "unit": "px",
                    "size": 980,
                    "sizes": []
                },
                "gap": "no",
                "structure": "20",
                "margin": {
                    "unit": "px",
                    "top": "140",
                    "right": 0,
                    "bottom": "0",
                    "left": 0,
                    "isLinked": false
                },
                "margin_mobile": {
                    "unit": "px",
                    "top": "120",
                    "right": 0,
                    "bottom": "0",
                    "left": 0,
                    "isLinked": false
                },
                "padding_tablet": {
                    "unit": "px",
                    "top": "0",
                    "right": "80",
                    "bottom": "0",
                    "left": "80",
                    "isLinked": false
                },
                "padding_mobile": {
                    "unit": "px",
                    "top": "0",
                    "right": "28",
                    "bottom": "0",
                    "left": "28",
                    "isLinked": false
                }
            },
            "elements": [
                {
                    "id": "7f743103",
                    "settings": {
                        "_column_size": 50,
                        "_inline_size": null,
                        "margin": {
                            "unit": "px",
                            "top": "0",
                            "right": "32",
                            "bottom": "0",
                            "left": "0",
                            "isLinked": false
                        },
                        "_inline_size_tablet": 100,
                        "margin_tablet": {
                            "unit": "px",
                            "top": "0",
                            "right": "0",
                            "bottom": "0",
                            "left": "0",
                            "isLinked": false
                        },
                        "animation": "fadeInLeft"
                    },
                    "elements": [
                        {
                            "id": "6f03167e",
                            "settings": {
                                "title": "Our work process conveys our dedication."
                            },
                            "elements": [],
                            "isInner": false,
                            "widgetType": "heading",
                            "elType": "widget"
                        }
                    ],
                    "isInner": false,
                    "elType": "column"
                },
                {
                    "id": "edc20ae",
                    "settings": {
                        "_column_size": 50,
                        "_inline_size": null,
                        "margin": {
                            "unit": "px",
                            "top": "0",
                            "right": "0",
                            "bottom": "0",
                            "left": "32",
                            "isLinked": false
                        },
                        "_inline_size_tablet": 100,
                        "margin_tablet": {
                            "unit": "px",
                            "top": "28",
                            "right": "0",
                            "bottom": "0",
                            "left": "0",
                            "isLinked": false
                        },
                        "animation": "fadeInRight",
                        "animation_duration": "slow"
                    },
                    "elements": [
                        {
                            "id": "6fc45d2f",
                            "settings": {
                                "editor": "<p>From initial discovery through to strategy formulation, execution, and launch, we ensure every stage aligns perfectly with your objectives and expectations. Through meticulous planning, creative execution, rigorous testing, and post-launch optimization, we strive to exceed expectations and contribute to your digital success.<\/p>"
                            },
                            "elements": [],
                            "isInner": false,
                            "widgetType": "text-editor",
                            "elType": "widget"
                        }
                    ],
                    "isInner": false,
                    "elType": "column"
                }
            ],
            "isInner": false,
            "elType": "section"
        },
        {
            "id": "2b8a2514",
            "settings": {
                "content_width": {
                    "unit": "px",
                    "size": 1020,
                    "sizes": []
                },
                "gap": "no",
                "content_position": "middle",
                "structure": "20",
                "margin": {
                    "unit": "px",
                    "top": "70",
                    "right": 0,
                    "bottom": "0",
                    "left": 0,
                    "isLinked": false
                },
                "padding_tablet": {
                    "unit": "px",
                    "top": "0",
                    "right": "20",
                    "bottom": "0",
                    "left": "20",
                    "isLinked": false
                },
                "padding_mobile": {
                    "unit": "px",
                    "top": "0",
                    "right": "12",
                    "bottom": "0",
                    "left": "12",
                    "isLinked": false
                },
                "animation": "fadeInUp"
            },
            "elements": [
                {
                    "id": "3e02919c",
                    "settings": {
                        "_column_size": 50,
                        "_inline_size": null,
                        "background_background": "classic",
                        "margin": {
                            "unit": "px",
                            "top": "0",
                            "right": "0",
                            "bottom": "0",
                            "left": "0",
                            "isLinked": false
                        },
                        "padding": {
                            "unit": "px",
                            "top": "60",
                            "right": "60",
                            "bottom": "60",
                            "left": "60",
                            "isLinked": true
                        },
                        "__globals__": {
                            "background_color": "globals\/colors?id=accent"
                        },
                        "padding_tablet": {
                            "unit": "px",
                            "top": "40",
                            "right": "40",
                            "bottom": "40",
                            "left": "40",
                            "isLinked": true
                        }
                    },
                    "elements": [
                        {
                            "id": "19b1d366",
                            "settings": {
                                "icon_list": [
                                    {
                                        "text": "Step 1",
                                        "selected_icon": {
                                            "value": "fas fa-layer-group",
                                            "library": "fa-solid"
                                        },
                                        "_id": "5fbbf3a"
                                    }
                                ],
                                "icon_align": "left",
                                "icon_size": {
                                    "unit": "px",
                                    "size": 16,
                                    "sizes": []
                                },
                                "text_indent": {
                                    "unit": "px",
                                    "size": 4,
                                    "sizes": []
                                },
                                "icon_self_vertical_align": "center",
                                "icon_vertical_offset": {
                                    "unit": "px",
                                    "size": -1,
                                    "sizes": []
                                },
                                "__globals__": {
                                    "icon_color": "globals\/colors?id=secondary",
                                    "icon_typography_typography": "globals\/typography?id=315709c",
                                    "text_color": "globals\/colors?id=primary"
                                }
                            },
                            "elements": [],
                            "isInner": false,
                            "widgetType": "icon-list",
                            "elType": "widget"
                        },
                        {
                            "id": "5b6e058e",
                            "settings": {
                                "selected_icon": {
                                    "value": "",
                                    "library": ""
                                },
                                "title_text": "Discovery",
                                "description_text": "The phase of discovery serves as the cornerstone of every project. In this phase, we learn everything we can about your company, including its history, objectives, obstacles, ideal customers, and current market conditions.",
                                "text_align": "left",
                                "title_bottom_space": {
                                    "unit": "px",
                                    "size": 12,
                                    "sizes": []
                                },
                                "_margin": {
                                    "unit": "px",
                                    "top": "28",
                                    "right": "0",
                                    "bottom": "0",
                                    "left": "0",
                                    "isLinked": false
                                }
                            },
                            "elements": [],
                            "isInner": false,
                            "widgetType": "icon-box",
                            "elType": "widget"
                        }
                    ],
                    "isInner": false,
                    "elType": "column"
                },
                {
                    "id": "550c2bda",
                    "settings": {
                        "_column_size": 50,
                        "_inline_size": null
                    },
                    "elements": [
                        {
                            "id": "20982f2f",
                            "settings": {
                                "image": {
                                    "url": "https:\/\/www.xable.oxacor.com\/wp-content\/uploads\/programmers-cooperating-brainstorming-at-information-technology-company-2.jpg",
                                    "id": 1281,
                                    "size": "",
                                    "alt": "Programmers cooperating brainstorming at information technology company",
                                    "source": "library"
                                },
                                "width": {
                                    "unit": "%",
                                    "size": 100,
                                    "sizes": []
                                },
                                "height": {
                                    "unit": "px",
                                    "size": 424,
                                    "sizes": []
                                },
                                "object-fit": "cover",
                                "height_mobile": {
                                    "unit": "px",
                                    "size": 240,
                                    "sizes": []
                                }
                            },
                            "elements": [],
                            "isInner": false,
                            "widgetType": "image",
                            "elType": "widget"
                        }
                    ],
                    "isInner": false,
                    "elType": "column"
                }
            ],
            "isInner": false,
            "elType": "section"
        },
        {
            "id": "288b1523",
            "settings": {
                "content_width": {
                    "unit": "px",
                    "size": 980,
                    "sizes": []
                },
                "gap": "no",
                "margin": {
                    "unit": "px",
                    "top": "32",
                    "right": 0,
                    "bottom": "32",
                    "left": 0,
                    "isLinked": true
                },
                "padding": {
                    "unit": "px",
                    "top": "40",
                    "right": "40",
                    "bottom": "40",
                    "left": "40",
                    "isLinked": true
                },
                "animation": "fadeInDown",
                "animation_duration": "slow"
            },
            "elements": [
                {
                    "id": "67fad9ca",
                    "settings": {
                        "_column_size": 100,
                        "_inline_size": null
                    },
                    "elements": [
                        {
                            "id": "1c23dda6",
                            "settings": {
                                "style": "dotted",
                                "width": {
                                    "unit": "%",
                                    "size": 8,
                                    "sizes": []
                                },
                                "align": "center",
                                "look": "line_icon",
                                "text": "Divider",
                                "icon": {
                                    "value": "fas fa-chevron-right",
                                    "library": "fa-solid"
                                },
                                "weight": {
                                    "unit": "px",
                                    "size": 2,
                                    "sizes": []
                                },
                                "gap": {
                                    "unit": "px",
                                    "size": 2,
                                    "sizes": []
                                },
                                "icon_size": {
                                    "unit": "px",
                                    "size": 16,
                                    "sizes": []
                                },
                                "icon_align": "right",
                                "_transform_rotate_popover": "transform",
                                "_transform_rotateZ_effect": {
                                    "unit": "px",
                                    "size": 90,
                                    "sizes": []
                                },
                                "__globals__": {
                                    "color": "globals\/colors?id=cc7bf96",
                                    "primary_color": "globals\/colors?id=cc7bf96"
                                },
                                "width_tablet": {
                                    "unit": "%",
                                    "size": 10,
                                    "sizes": []
                                },
                                "width_mobile": {
                                    "unit": "%",
                                    "size": 24,
                                    "sizes": []
                                }
                            },
                            "elements": [],
                            "isInner": false,
                            "widgetType": "divider",
                            "elType": "widget"
                        }
                    ],
                    "isInner": false,
                    "elType": "column"
                }
            ],
            "isInner": false,
            "elType": "section"
        },
        {
            "id": "22b65344",
            "settings": {
                "content_width": {
                    "unit": "px",
                    "size": 1020,
                    "sizes": []
                },
                "gap": "no",
                "content_position": "middle",
                "structure": "20",
                "padding_tablet": {
                    "unit": "px",
                    "top": "0",
                    "right": "20",
                    "bottom": "0",
                    "left": "20",
                    "isLinked": false
                },
                "padding_mobile": {
                    "unit": "px",
                    "top": "0",
                    "right": "12",
                    "bottom": "0",
                    "left": "12",
                    "isLinked": false
                },
                "reverse_order_mobile": "reverse-mobile",
                "animation": "fadeInUp"
            },
            "elements": [
                {
                    "id": "43f33ba",
                    "settings": {
                        "_column_size": 50,
                        "_inline_size": null
                    },
                    "elements": [
                        {
                            "id": "1f0d6867",
                            "settings": {
                                "image": {
                                    "url": "https:\/\/www.xable.oxacor.com\/wp-content\/uploads\/startup-business-team-brainstorming.jpg",
                                    "id": 1246,
                                    "size": "",
                                    "alt": "Startup business team brainstorming",
                                    "source": "library"
                                },
                                "width": {
                                    "unit": "%",
                                    "size": 100,
                                    "sizes": []
                                },
                                "height": {
                                    "unit": "px",
                                    "size": 424,
                                    "sizes": []
                                },
                                "object-fit": "cover",
                                "height_mobile": {
                                    "unit": "px",
                                    "size": 240,
                                    "sizes": []
                                }
                            },
                            "elements": [],
                            "isInner": false,
                            "widgetType": "image",
                            "elType": "widget"
                        }
                    ],
                    "isInner": false,
                    "elType": "column"
                },
                {
                    "id": "356227b0",
                    "settings": {
                        "_column_size": 50,
                        "_inline_size": null,
                        "background_background": "classic",
                        "margin": {
                            "unit": "px",
                            "top": "0",
                            "right": "0",
                            "bottom": "0",
                            "left": "0",
                            "isLinked": false
                        },
                        "padding": {
                            "unit": "px",
                            "top": "60",
                            "right": "60",
                            "bottom": "60",
                            "left": "60",
                            "isLinked": true
                        },
                        "__globals__": {
                            "background_color": "globals\/colors?id=accent"
                        },
                        "padding_tablet": {
                            "unit": "px",
                            "top": "40",
                            "right": "40",
                            "bottom": "40",
                            "left": "40",
                            "isLinked": true
                        }
                    },
                    "elements": [
                        {
                            "id": "11342524",
                            "settings": {
                                "icon_list": [
                                    {
                                        "text": "Step 2",
                                        "selected_icon": {
                                            "value": "fas fa-layer-group",
                                            "library": "fa-solid"
                                        },
                                        "_id": "5fbbf3a"
                                    }
                                ],
                                "icon_align": "left",
                                "icon_size": {
                                    "unit": "px",
                                    "size": 16,
                                    "sizes": []
                                },
                                "text_indent": {
                                    "unit": "px",
                                    "size": 4,
                                    "sizes": []
                                },
                                "icon_self_vertical_align": "center",
                                "icon_vertical_offset": {
                                    "unit": "px",
                                    "size": -1,
                                    "sizes": []
                                },
                                "__globals__": {
                                    "icon_color": "globals\/colors?id=secondary",
                                    "icon_typography_typography": "globals\/typography?id=315709c",
                                    "text_color": "globals\/colors?id=primary"
                                }
                            },
                            "elements": [],
                            "isInner": false,
                            "widgetType": "icon-list",
                            "elType": "widget"
                        },
                        {
                            "id": "77da3719",
                            "settings": {
                                "selected_icon": {
                                    "value": "",
                                    "library": ""
                                },
                                "title_text": "Strategy",
                                "description_text": "After discovering insights, we create a strategic roadmap. This stage involves implementing your business goals. We choose the key performance indicators (KPIs) that will be used to measure the project's success, rank the tasks, and set milestones.",
                                "text_align": "left",
                                "title_bottom_space": {
                                    "unit": "px",
                                    "size": 12,
                                    "sizes": []
                                },
                                "_margin": {
                                    "unit": "px",
                                    "top": "28",
                                    "right": "0",
                                    "bottom": "0",
                                    "left": "0",
                                    "isLinked": false
                                }
                            },
                            "elements": [],
                            "isInner": false,
                            "widgetType": "icon-box",
                            "elType": "widget"
                        }
                    ],
                    "isInner": false,
                    "elType": "column"
                }
            ],
            "isInner": false,
            "elType": "section"
        },
        {
            "id": "7bd62c4e",
            "settings": {
                "content_width": {
                    "unit": "px",
                    "size": 980,
                    "sizes": []
                },
                "gap": "no",
                "margin": {
                    "unit": "px",
                    "top": "32",
                    "right": 0,
                    "bottom": "32",
                    "left": 0,
                    "isLinked": true
                },
                "padding": {
                    "unit": "px",
                    "top": "40",
                    "right": "40",
                    "bottom": "40",
                    "left": "40",
                    "isLinked": true
                },
                "animation": "fadeInDown",
                "animation_duration": "slow"
            },
            "elements": [
                {
                    "id": "69d41aa0",
                    "settings": {
                        "_column_size": 100,
                        "_inline_size": null
                    },
                    "elements": [
                        {
                            "id": "6504facd",
                            "settings": {
                                "style": "dotted",
                                "width": {
                                    "unit": "%",
                                    "size": 8,
                                    "sizes": []
                                },
                                "align": "center",
                                "look": "line_icon",
                                "text": "Divider",
                                "icon": {
                                    "value": "fas fa-chevron-right",
                                    "library": "fa-solid"
                                },
                                "weight": {
                                    "unit": "px",
                                    "size": 2,
                                    "sizes": []
                                },
                                "gap": {
                                    "unit": "px",
                                    "size": 2,
                                    "sizes": []
                                },
                                "icon_size": {
                                    "unit": "px",
                                    "size": 16,
                                    "sizes": []
                                },
                                "icon_align": "right",
                                "_transform_rotate_popover": "transform",
                                "_transform_rotateZ_effect": {
                                    "unit": "px",
                                    "size": 90,
                                    "sizes": []
                                },
                                "__globals__": {
                                    "color": "globals\/colors?id=cc7bf96",
                                    "primary_color": "globals\/colors?id=cc7bf96"
                                },
                                "width_tablet": {
                                    "unit": "%",
                                    "size": 10,
                                    "sizes": []
                                },
                                "width_mobile": {
                                    "unit": "%",
                                    "size": 24,
                                    "sizes": []
                                }
                            },
                            "elements": [],
                            "isInner": false,
                            "widgetType": "divider",
                            "elType": "widget"
                        }
                    ],
                    "isInner": false,
                    "elType": "column"
                }
            ],
            "isInner": false,
            "elType": "section"
        },
        {
            "id": "29c0178c",
            "settings": {
                "content_width": {
                    "unit": "px",
                    "size": 1020,
                    "sizes": []
                },
                "gap": "no",
                "content_position": "middle",
                "structure": "20",
                "padding_tablet": {
                    "unit": "px",
                    "top": "0",
                    "right": "20",
                    "bottom": "0",
                    "left": "20",
                    "isLinked": false
                },
                "padding_mobile": {
                    "unit": "px",
                    "top": "0",
                    "right": "12",
                    "bottom": "0",
                    "left": "12",
                    "isLinked": false
                },
                "animation": "fadeInUp"
            },
            "elements": [
                {
                    "id": "3e9c9d8b",
                    "settings": {
                        "_column_size": 50,
                        "_inline_size": null,
                        "background_background": "classic",
                        "margin": {
                            "unit": "px",
                            "top": "0",
                            "right": "0",
                            "bottom": "0",
                            "left": "0",
                            "isLinked": false
                        },
                        "padding": {
                            "unit": "px",
                            "top": "60",
                            "right": "60",
                            "bottom": "60",
                            "left": "60",
                            "isLinked": true
                        },
                        "__globals__": {
                            "background_color": "globals\/colors?id=accent"
                        },
                        "padding_tablet": {
                            "unit": "px",
                            "top": "40",
                            "right": "40",
                            "bottom": "40",
                            "left": "40",
                            "isLinked": true
                        }
                    },
                    "elements": [
                        {
                            "id": "695f1360",
                            "settings": {
                                "icon_list": [
                                    {
                                        "text": "Step 3",
                                        "selected_icon": {
                                            "value": "fas fa-layer-group",
                                            "library": "fa-solid"
                                        },
                                        "_id": "5fbbf3a"
                                    }
                                ],
                                "icon_align": "left",
                                "icon_size": {
                                    "unit": "px",
                                    "size": 16,
                                    "sizes": []
                                },
                                "text_indent": {
                                    "unit": "px",
                                    "size": 4,
                                    "sizes": []
                                },
                                "icon_self_vertical_align": "center",
                                "icon_vertical_offset": {
                                    "unit": "px",
                                    "size": -1,
                                    "sizes": []
                                },
                                "__globals__": {
                                    "icon_color": "globals\/colors?id=secondary",
                                    "icon_typography_typography": "globals\/typography?id=315709c",
                                    "text_color": "globals\/colors?id=primary"
                                }
                            },
                            "elements": [],
                            "isInner": false,
                            "widgetType": "icon-list",
                            "elType": "widget"
                        },
                        {
                            "id": "1592afd2",
                            "settings": {
                                "selected_icon": {
                                    "value": "",
                                    "library": ""
                                },
                                "title_text": "Execution",
                                "description_text": "Execution is where the strategic plans come to life. Whether it's a website, mobile app, or digital marketing campaign, we handle the design and development. We adhere to industry standards and keep everything consistent with the personality of your brand.",
                                "text_align": "left",
                                "title_bottom_space": {
                                    "unit": "px",
                                    "size": 12,
                                    "sizes": []
                                },
                                "_margin": {
                                    "unit": "px",
                                    "top": "28",
                                    "right": "0",
                                    "bottom": "0",
                                    "left": "0",
                                    "isLinked": false
                                }
                            },
                            "elements": [],
                            "isInner": false,
                            "widgetType": "icon-box",
                            "elType": "widget"
                        }
                    ],
                    "isInner": false,
                    "elType": "column"
                },
                {
                    "id": "5e257428",
                    "settings": {
                        "_column_size": 50,
                        "_inline_size": null
                    },
                    "elements": [
                        {
                            "id": "5f0a5b18",
                            "settings": {
                                "image": {
                                    "url": "https:\/\/www.xable.oxacor.com\/wp-content\/uploads\/african-descent-brainstorming-working-workplace-concept.jpg",
                                    "id": 1278,
                                    "size": "",
                                    "alt": "African Descent Brainstorming Working Workplace Concept",
                                    "source": "library"
                                },
                                "width": {
                                    "unit": "%",
                                    "size": 100,
                                    "sizes": []
                                },
                                "height": {
                                    "unit": "px",
                                    "size": 424,
                                    "sizes": []
                                },
                                "object-fit": "cover",
                                "height_mobile": {
                                    "unit": "px",
                                    "size": 240,
                                    "sizes": []
                                }
                            },
                            "elements": [],
                            "isInner": false,
                            "widgetType": "image",
                            "elType": "widget"
                        }
                    ],
                    "isInner": false,
                    "elType": "column"
                }
            ],
            "isInner": false,
            "elType": "section"
        },
        {
            "id": "4c09efaa",
            "settings": {
                "content_width": {
                    "unit": "px",
                    "size": 980,
                    "sizes": []
                },
                "gap": "no",
                "margin": {
                    "unit": "px",
                    "top": "32",
                    "right": 0,
                    "bottom": "32",
                    "left": 0,
                    "isLinked": true
                },
                "padding": {
                    "unit": "px",
                    "top": "40",
                    "right": "40",
                    "bottom": "40",
                    "left": "40",
                    "isLinked": true
                },
                "animation": "fadeInDown",
                "animation_duration": "slow"
            },
            "elements": [
                {
                    "id": "48ffcdca",
                    "settings": {
                        "_column_size": 100,
                        "_inline_size": null
                    },
                    "elements": [
                        {
                            "id": "403659c0",
                            "settings": {
                                "style": "dotted",
                                "width": {
                                    "unit": "%",
                                    "size": 8,
                                    "sizes": []
                                },
                                "align": "center",
                                "look": "line_icon",
                                "text": "Divider",
                                "icon": {
                                    "value": "fas fa-chevron-right",
                                    "library": "fa-solid"
                                },
                                "weight": {
                                    "unit": "px",
                                    "size": 2,
                                    "sizes": []
                                },
                                "gap": {
                                    "unit": "px",
                                    "size": 2,
                                    "sizes": []
                                },
                                "icon_size": {
                                    "unit": "px",
                                    "size": 16,
                                    "sizes": []
                                },
                                "icon_align": "right",
                                "_transform_rotate_popover": "transform",
                                "_transform_rotateZ_effect": {
                                    "unit": "px",
                                    "size": 90,
                                    "sizes": []
                                },
                                "__globals__": {
                                    "color": "globals\/colors?id=cc7bf96",
                                    "primary_color": "globals\/colors?id=cc7bf96"
                                },
                                "width_tablet": {
                                    "unit": "%",
                                    "size": 10,
                                    "sizes": []
                                },
                                "width_mobile": {
                                    "unit": "%",
                                    "size": 24,
                                    "sizes": []
                                }
                            },
                            "elements": [],
                            "isInner": false,
                            "widgetType": "divider",
                            "elType": "widget"
                        }
                    ],
                    "isInner": false,
                    "elType": "column"
                }
            ],
            "isInner": false,
            "elType": "section"
        },
        {
            "id": "667734cd",
            "settings": {
                "content_width": {
                    "unit": "px",
                    "size": 1020,
                    "sizes": []
                },
                "gap": "no",
                "content_position": "middle",
                "structure": "20",
                "padding_tablet": {
                    "unit": "px",
                    "top": "0",
                    "right": "20",
                    "bottom": "0",
                    "left": "20",
                    "isLinked": false
                },
                "padding_mobile": {
                    "unit": "px",
                    "top": "0",
                    "right": "12",
                    "bottom": "0",
                    "left": "12",
                    "isLinked": false
                },
                "reverse_order_mobile": "reverse-mobile",
                "animation": "fadeInUp"
            },
            "elements": [
                {
                    "id": "3452a763",
                    "settings": {
                        "_column_size": 50,
                        "_inline_size": null
                    },
                    "elements": [
                        {
                            "id": "6cd0f7d8",
                            "settings": {
                                "image": {
                                    "url": "https:\/\/www.xable.oxacor.com\/wp-content\/uploads\/young-businessman-using-digital-tablet-in-office.jpg",
                                    "id": 661,
                                    "size": "",
                                    "alt": "Young businessman using digital tablet in office",
                                    "source": "library"
                                },
                                "width": {
                                    "unit": "%",
                                    "size": 100,
                                    "sizes": []
                                },
                                "height": {
                                    "unit": "px",
                                    "size": 424,
                                    "sizes": []
                                },
                                "object-fit": "cover",
                                "height_mobile": {
                                    "unit": "px",
                                    "size": 240,
                                    "sizes": []
                                }
                            },
                            "elements": [],
                            "isInner": false,
                            "widgetType": "image",
                            "elType": "widget"
                        }
                    ],
                    "isInner": false,
                    "elType": "column"
                },
                {
                    "id": "77f58dd8",
                    "settings": {
                        "_column_size": 50,
                        "_inline_size": null,
                        "background_background": "classic",
                        "margin": {
                            "unit": "px",
                            "top": "0",
                            "right": "0",
                            "bottom": "0",
                            "left": "0",
                            "isLinked": false
                        },
                        "padding": {
                            "unit": "px",
                            "top": "60",
                            "right": "60",
                            "bottom": "60",
                            "left": "60",
                            "isLinked": true
                        },
                        "__globals__": {
                            "background_color": "globals\/colors?id=accent"
                        },
                        "padding_tablet": {
                            "unit": "px",
                            "top": "40",
                            "right": "40",
                            "bottom": "40",
                            "left": "40",
                            "isLinked": true
                        }
                    },
                    "elements": [
                        {
                            "id": "67d7663b",
                            "settings": {
                                "icon_list": [
                                    {
                                        "text": "Step 4",
                                        "selected_icon": {
                                            "value": "fas fa-layer-group",
                                            "library": "fa-solid"
                                        },
                                        "_id": "5fbbf3a"
                                    }
                                ],
                                "icon_align": "left",
                                "icon_size": {
                                    "unit": "px",
                                    "size": 16,
                                    "sizes": []
                                },
                                "text_indent": {
                                    "unit": "px",
                                    "size": 4,
                                    "sizes": []
                                },
                                "icon_self_vertical_align": "center",
                                "icon_vertical_offset": {
                                    "unit": "px",
                                    "size": -1,
                                    "sizes": []
                                },
                                "__globals__": {
                                    "icon_color": "globals\/colors?id=secondary",
                                    "icon_typography_typography": "globals\/typography?id=315709c",
                                    "text_color": "globals\/colors?id=primary"
                                }
                            },
                            "elements": [],
                            "isInner": false,
                            "widgetType": "icon-list",
                            "elType": "widget"
                        },
                        {
                            "id": "1ce8d367",
                            "settings": {
                                "selected_icon": {
                                    "value": "",
                                    "library": ""
                                },
                                "title_text": "Launch",
                                "description_text": "After everything has been thoroughly tested, optimized, and approved, the launch phase commences. However, launching involves more than simply uploading your project to the Internet. We ease the transition, train as needed, and develop a support and maintenance strategy.",
                                "text_align": "left",
                                "title_bottom_space": {
                                    "unit": "px",
                                    "size": 12,
                                    "sizes": []
                                },
                                "_margin": {
                                    "unit": "px",
                                    "top": "28",
                                    "right": "0",
                                    "bottom": "0",
                                    "left": "0",
                                    "isLinked": false
                                }
                            },
                            "elements": [],
                            "isInner": false,
                            "widgetType": "icon-box",
                            "elType": "widget"
                        }
                    ],
                    "isInner": false,
                    "elType": "column"
                }
            ],
            "isInner": false,
            "elType": "section"
        },
        {
            "id": "13d8a66e",
            "settings": {
                "content_width": {
                    "unit": "px",
                    "size": 700,
                    "sizes": []
                },
                "gap": "no",
                "padding": {
                    "unit": "px",
                    "top": "180",
                    "right": "0",
                    "bottom": "132",
                    "left": "0",
                    "isLinked": false
                },
                "background_overlay_background": "classic",
                "background_overlay_image": {
                    "url": "https:\/\/www.xable.oxacor.com\/wp-content\/uploads\/left-quote-1.png",
                    "id": 1070,
                    "size": "",
                    "alt": "",
                    "source": "library"
                },
                "background_overlay_position": "initial",
                "background_overlay_xpos": {
                    "unit": "%",
                    "size": 50,
                    "sizes": []
                },
                "background_overlay_xpos_tablet": {
                    "unit": "%",
                    "size": 50,
                    "sizes": []
                },
                "background_overlay_xpos_mobile": {
                    "unit": "%",
                    "size": 50,
                    "sizes": []
                },
                "background_overlay_ypos": {
                    "unit": "%",
                    "size": 28,
                    "sizes": []
                },
                "background_overlay_ypos_tablet": {
                    "unit": "%",
                    "size": 28,
                    "sizes": []
                },
                "background_overlay_ypos_mobile": {
                    "unit": "%",
                    "size": 20,
                    "sizes": []
                },
                "background_overlay_repeat": "no-repeat",
                "background_overlay_opacity": {
                    "unit": "px",
                    "size": 0.12,
                    "sizes": []
                },
                "background_overlay_size_mobile": "initial",
                "background_overlay_bg_width_mobile": {
                    "unit": "%",
                    "size": 60,
                    "sizes": []
                },
                "margin": {
                    "unit": "px",
                    "top": "40",
                    "right": 0,
                    "bottom": "0",
                    "left": 0,
                    "isLinked": false
                }
            },
            "elements": [
                {
                    "id": "380934be",
                    "settings": {
                        "_column_size": 100,
                        "_inline_size": null,
                        "padding_mobile": {
                            "unit": "px",
                            "top": "0",
                            "right": "8",
                            "bottom": "0",
                            "left": "8",
                            "isLinked": false
                        }
                    },
                    "elements": [
                        {
                            "id": "39604b3a",
                            "settings": {
                                "slides": [
                                    {
                                        "content": "We now have a fantastic website that perfectly encapsulates the essence of our company thanks to them. Their service has exceeded all of our expectations, making us extremely happy.",
                                        "name": "Samantha Milner",
                                        "title": "Hocud PLC",
                                        "image": {
                                            "url": "https:\/\/www.xable.oxacor.com\/wp-content\/uploads\/cheerful-female-executive-in-glasses-reading-her-messages-on-mobile-phone-with-note-book-in-hands.jpg",
                                            "id": 2570,
                                            "alt": "Cheerful female executive in glasses reading her messages on mobile phone with note book in hands",
                                            "source": "library",
                                            "size": ""
                                        },
                                        "_id": "7400f22"
                                    },
                                    {
                                        "content": "Thanks to the efforts of the team, our company's website is now cutting-edge and user-friendly. Their digital marketing expertise is without a doubt deserving of praise.",
                                        "name": "Mike Johnson",
                                        "title": "DEF Technologies",
                                        "image": {
                                            "url": "https:\/\/www.xable.oxacor.com\/wp-content\/uploads\/portrait-of-handsome-pensive-businessman-in-eyeglasses-looking-away.jpg",
                                            "id": 2563,
                                            "alt": "portrait of handsome pensive businessman in eyeglasses looking away",
                                            "source": "library",
                                            "size": ""
                                        },
                                        "_id": "2710f86"
                                    },
                                    {
                                        "content": "They have a team that is not only extremely knowledgeable but also very professional and quick to respond to any inquiries. They have proven to be an outstanding digital partner for us to collaborate with.",
                                        "name": "Emma Smith",
                                        "title": "GHI Industries",
                                        "image": {
                                            "url": "https:\/\/www.xable.oxacor.com\/wp-content\/uploads\/phoning-in-cafe.jpg",
                                            "id": 2561,
                                            "alt": "",
                                            "source": "library",
                                            "size": ""
                                        },
                                        "_id": "d6d187d"
                                    }
                                ],
                                "slides_per_view": "1",
                                "slides_to_scroll": "1",
                                "width": {
                                    "unit": "%",
                                    "size": 100,
                                    "sizes": []
                                },
                                "pagination": "",
                                "speed": 800,
                                "autoplay_speed": 4000,
                                "pause_on_hover": "",
                                "pause_on_interaction": "",
                                "space_between": {
                                    "unit": "px",
                                    "size": 0,
                                    "sizes": []
                                },
                                "slide_border_size": {
                                    "unit": "px",
                                    "top": "0",
                                    "right": "0",
                                    "bottom": "0",
                                    "left": "0",
                                    "isLinked": true
                                },
                                "slide_border_radius": {
                                    "unit": "px",
                                    "size": 0,
                                    "sizes": []
                                },
                                "slide_padding": {
                                    "unit": "px",
                                    "top": "0",
                                    "right": "0",
                                    "bottom": "0",
                                    "left": "0",
                                    "isLinked": false
                                },
                                "content_gap": {
                                    "unit": "px",
                                    "size": 24,
                                    "sizes": []
                                },
                                "image_size": {
                                    "unit": "px",
                                    "size": 60,
                                    "sizes": []
                                },
                                "image_gap": {
                                    "unit": "px",
                                    "size": 20,
                                    "sizes": []
                                },
                                "image_border": "yes",
                                "image_border_width": {
                                    "unit": "px",
                                    "size": 3,
                                    "sizes": []
                                },
                                "arrows_size": {
                                    "unit": "px",
                                    "size": 24,
                                    "sizes": []
                                },
                                "__globals__": {
                                    "slide_background_color": "globals\/colors?id=f491614",
                                    "content_color": "globals\/colors?id=secondary",
                                    "content_typography_typography": "globals\/typography?id=b62a13d",
                                    "name_color": "globals\/colors?id=secondary",
                                    "name_typography_typography": "globals\/typography?id=01e3d1c",
                                    "title_color": "globals\/colors?id=text",
                                    "title_typography_typography": "globals\/typography?id=499599d",
                                    "image_border_color": "globals\/colors?id=152652f",
                                    "arrows_color": "globals\/colors?id=cc7bf96"
                                },
                                "slide_background_color": "#FFFFFF00",
                                "content_color": "#FFFFFF",
                                "name_color": "#FFFFFF",
                                "name_typography_typography": "custom",
                                "name_typography_font_family": "Be Vietnam Pro",
                                "name_typography_font_size": {
                                    "unit": "px",
                                    "size": 12,
                                    "sizes": []
                                },
                                "name_typography_font_weight": "700",
                                "name_typography_text_transform": "uppercase",
                                "name_typography_font_style": "normal",
                                "name_typography_text_decoration": "none",
                                "name_typography_line_height": {
                                    "unit": "em",
                                    "size": 1.3,
                                    "sizes": []
                                },
                                "name_typography_letter_spacing": {
                                    "unit": "px",
                                    "size": 0.2,
                                    "sizes": []
                                },
                                "name_typography_word_spacing": {
                                    "unit": "px",
                                    "size": "",
                                    "sizes": []
                                },
                                "title_color": "#FFFFFFC2",
                                "title_typography_typography": "custom",
                                "title_typography_font_family": "Be Vietnam Pro",
                                "title_typography_font_size": {
                                    "unit": "px",
                                    "size": 13,
                                    "sizes": []
                                },
                                "title_typography_font_weight": "400",
                                "title_typography_line_height": {
                                    "unit": "em",
                                    "size": 1.4,
                                    "sizes": []
                                },
                                "image_border_color": "#FFFFFF45",
                                "arrows_color": "#FFFFFF94"
                            },
                            "elements": [],
                            "isInner": false,
                            "widgetType": "testimonial-carousel",
                            "elType": "widget"
                        }
                    ],
                    "isInner": false,
                    "elType": "column"
                }
            ],
            "isInner": false,
            "elType": "section"
        },
        {
            "id": "10270729",
            "settings": {
                "layout": "full_width",
                "gap": "no",
                "margin": {
                    "unit": "px",
                    "top": "0",
                    "right": 0,
                    "bottom": "0",
                    "left": 0,
                    "isLinked": false
                },
                "animation": "fadeInUp"
            },
            "elements": [
                {
                    "id": "6e14298a",
                    "settings": {
                        "_column_size": 100,
                        "_inline_size": null
                    },
                    "elements": [
                        {
                            "id": "4ace5720",
                            "settings": {
                                "template_id": "1823"
                            },
                            "elements": [],
                            "isInner": false,
                            "widgetType": "template",
                            "elType": "widget"
                        }
                    ],
                    "isInner": false,
                    "elType": "column"
                }
            ],
            "isInner": false,
            "elType": "section"
        }
    ]
}